npm timing npm:load:whichnode Completed in 1ms
npm timing npm:load:configload Completed in 7ms
npm timing config:load:flatten Completed in 2ms
npm timing npm:load:mkdirpcache Completed in 0ms
npm timing npm:load:mkdirplogs Completed in 1ms
npm timing npm:load:setTitle Completed in 0ms
npm timing npm:load Completed in 23ms
npm timing arborist:ctor Completed in 1ms
npm timing idealTree:init Completed in 246ms
npm timing idealTree:userRequests Completed in 0ms
npm timing idealTree:#root Completed in 0ms
npm timing idealTree:buildDeps Completed in 1ms
npm timing idealTree:fixDepFlags Completed in 1ms
npm timing idealTree Completed in 273ms
npm timing reify:loadTrees Completed in 277ms
npm timing reify:diffTrees Completed in 6ms
npm timing reify:retireShallow Completed in 0ms
npm timing reify:createSparse Completed in 93ms
npm timing reify:loadBundles Completed in 0ms
npm timing reifyNode:node_modules/fsevents Completed in 64ms
npm timing reifyNode:node_modules/@next/swc-win32-x64-msvc Completed in 64ms
npm timing reifyNode:node_modules/@next/swc-win32-ia32-msvc Completed in 64ms
npm timing reifyNode:node_modules/@next/swc-win32-arm64-msvc Completed in 64ms
npm timing reifyNode:node_modules/@next/swc-linux-arm64-musl Completed in 64ms
npm timing reifyNode:node_modules/@next/swc-linux-arm64-gnu Completed in 64ms
npm timing reifyNode:node_modules/@next/swc-darwin-x64 Completed in 64ms
npm timing reifyNode:node_modules/@next/swc-darwin-arm64 Completed in 64ms
npm timing auditReport:getReport Completed in 787ms
npm timing metavuln:cache:get:security-advisory:@ai-sdk/provider-utils:Ul9KFseB2tOIN1MDrvKXYgswUT8/7E04jrfk1CULo1gm3PxzYce/4sYV2Ljgg4GMg1YdyPCXh5zxOzmwrnQ/vQ== Completed in 30ms
npm timing metavuln:cache:get:security-advisory:@babel/runtime:xDaNmlS3J8LRk7IfDb7e9Gp3gcy/xDr1QZXCKC997SMkqKVemm2guY9vQpRI6omD11L5cfCI+STpoAdxUgnVsA== Completed in 28ms
npm timing metavuln:cache:get:security-advisory:brace-expansion:7IQMvcVTr+svbh5KCx4Kl6FQKJ1GciM03BnJAve/5WYJjUeRzKAIrStVpfachbl3T6a7o8nYlQEVG6Ih0TNXRg== Completed in 28ms
npm timing metavuln:cache:get:security-advisory:brace-expansion:mClmYqWawCNXseeTBHWiIwZH/2CmFUqPCmosJIeOhAgD9z1v3SayhHAwaWVo8wmeKU/JN9VP4zDBeXaqy3Ay2A== Completed in 28ms
npm timing metavuln:cache:get:security-advisory:brace-expansion:geBusfkNqQP6hxCT/x7QDM6pAPJMDIqmDW84J1DA4uDjuSM6GXgzKwYw+N4CptLZRUTx8jSydbfAJhrWxpkzqg== Completed in 28ms
npm timing metavuln:cache:get:security-advisory:brace-expansion:Pny/HX5JbOaUMj0VXN4ymYZjsAcoD2/VrG0YE1yBnmclIuwa2lTkreIIpbhh0bcJKY4Zt/wWvQFgeTktoBkOiw== Completed in 28ms
npm timing metavuln:cache:get:security-advisory:brace-expansion:9zwFS2atO1kWXNo3p+9fCTUYWmEvjgV2PlNBkaHdRjkssbff5d4cCQCO3NxiseQjyQTioabr4SaJXBhPiVtslQ== Completed in 27ms
npm timing metavuln:cache:get:security-advisory:brace-expansion:7ICbONgS6sI8RWhzTgNqqH552BWC4INFpZZfXI9U4oWgS/KeQEBLPtG82pnddpKRYaLAG9ti7ET/UUaZIDmFqA== Completed in 27ms
npm timing metavuln:cache:get:security-advisory:brace-expansion:kIHgu1L8zIy7pY0wp6wYzUm7tst3xTM2tiSYrstcGK/XsO7o4p6zyuUSjq93oH1dvU2tbEvlSW+gaNbGIbeudw== Completed in 27ms
npm timing metavuln:cache:get:security-advisory:brace-expansion:ZHzAtnciS42HIMtUGajCifTIrkCUkWb93u/V1lJEt9HzdJ+ypMofn/dKgSOaziPQj+WGAcGS7t7WdPUHJBz0LA== Completed in 28ms
npm timing metavuln:cache:get:security-advisory:brace-expansion:8oOLS67XweNywiGNx5L+6SvNn2KB7xR8kOhhQW3y11e/1FIqzHMTjZdmNIIGBfwh+NAkZmQ+9Oj3YUp92LM3Wg== Completed in 28ms
npm timing metavuln:cache:get:security-advisory:brace-expansion:wDEbqWk4yLp9m7y1JKlfB/VOQdNxO6zv9mx3cQ5VptPHpE7Ova1G3NkU4hgGmOmyWoA3/1d/SEsb3LnkNTA35A== Completed in 28ms
npm timing metavuln:cache:get:security-advisory:minimatch:V/3cIcyAQcG1bwuH0e0PI9Qt5WRtbvb/WOz2mBxAfNzXf+Dvs9G1X05eHjnPq2b0TJY4zXXpqhCAkRAipgk3iQ== Completed in 28ms
npm timing metavuln:cache:get:security-advisory:minimatch:B00WbbnnDNaFGA7l9BgrTioYpRMzU4+U8SUF8cn65LwArJAK0O380QwyP/UyxPr7i9XUjX9/AADC41/edu9OrA== Completed in 28ms
npm timing metavuln:cache:get:security-advisory:minimatch:kx7kRjUmjSYmgQBpfsU82Na4xORZqvqpRRSlOyPLadasPBl0YfFJCjIETC00BG7Gd2omQLizgz8/GnnE/hk+Jw== Completed in 28ms
npm timing metavuln:cache:get:security-advisory:minimatch:tJ9Z2VGWqiQfLaVKxc9K/6Rz1g70Mpl3An4UK+K1lyHdz27vYPzhMIkC4jRGAN2wpssY+8l13Ql259B6zkaX/Q== Completed in 28ms
npm timing metavuln:cache:get:security-advisory:minimatch:tdaAHfWGUw/nl/W8ALWVH+LvG2E3gvo3P2FI/fVPxm3aZteLxWMOEuk/9iDk5O0/cZN/GRXnabt/mW/bfUoL/g== Completed in 28ms
npm timing metavuln:cache:get:security-advisory:minimatch:IBqefxF0lKwSFXzwGHp5L8khqSaPYY99x0GHtXNH4YxtdIexeL4FFPzrnnBvkhgmGDEWHo3XAgpPYGyM1jidQQ== Completed in 27ms
npm timing metavuln:cache:get:security-advisory:ai:jz9D6dnr305Gq8PRPjEsZxzZT1nwMRsqd9CQr9SvCTkpiUazFNFk9Iih3JaSdOlgGDerG6yNIBk+r5Oc0MrwFw== Completed in 27ms
npm timing metavuln:cache:get:security-advisory:ajv:u4HOZ0QFYFTDLqnZ5TPSC8VEvP+HMuGcZACJuTqG8bm/gunrgkQwsiiH2pbF9tNIl45RK0sW2ccPzEojb1k0xQ== Completed in 27ms
npm timing metavuln:cache:get:security-advisory:cross-spawn:PBcc/5P1UEO/1Ba/jUNR65wOzs1wU0Y+m+OOSfB57dG5EajzjbqRMRm0l7MWqcJgHDYM5GoZ36Hm7qAYFlIH3A== Completed in 27ms
npm timing metavuln:cache:get:security-advisory:flatted:oa7V2KnuHnLCPcrXFvcQLRAa1NASGJm9yZ+B92xpfwxan7PZyVrZjYAHt6LB51PFfA2mM8KGE+VHR+U5X/2uZw== Completed in 26ms
npm timing metavuln:cache:get:security-advisory:flatted:uMG/3R828PE31LVzr7SnM2pFAXessH3XoRtonZYiGJtZfR5a//VWhmdMxy/RepstCydCDFxkci7fqEuzEvhnAA== Completed in 26ms
npm timing metavuln:cache:get:security-advisory:form-data:QHwSQK89tp8y8NaEB/BmWWPJbFRmcqxbWkKungy6gPoWDFe3Fp6pmP2eW7jh8ZiRT8rEqJsege91INZ02VqjRw== Completed in 26ms
npm timing metavuln:cache:get:security-advisory:form-data:QtrJYuspC2x6/4C1Oat3mkU+5vF1sgqWmutMSh+7dhDRYSJrsvU/AVAJgWDUWLgGNj7X4aMNonvcZovhtgldng== Completed in 26ms
npm timing metavuln:cache:get:security-advisory:glob:NTB2XjbDOgk4lkd8PZ3tUAm1F3E/ohGF6rl9/3LEO7Z0FDzSR5nWwzd3nUENA3NCNdyeR+35DOC12wPml2IV+g== Completed in 26ms
npm timing metavuln:cache:get:security-advisory:js-yaml:621IdjBdZEeVoUcjWGl1jXN0jFDGaf7dIQMeaPVKf5MxqYprJztiOC0OHOUPVoayh7Cq/fTC8L5CqEb98qlE7w== Completed in 25ms
npm timing metavuln:cache:get:security-advisory:js-yaml:hRHUgW0MJiPqjWt2sUfet2EYlqoE1gaxACC2WErx8y0hzruS4JIdQFSyu03fknqwUeEglYl2LNhb3CLbe1gk7A== Completed in 25ms
npm timing metavuln:cache:get:security-advisory:js-yaml:4JRmIWaw7t9g2nj2coc/knMKSpUTTvf6gd7QGFDejryJnGjc+YeBUVzshR5afcQZnuPyYGRjBRxydkQEqdhtbQ== Completed in 25ms
npm timing metavuln:cache:get:security-advisory:js-yaml:OUZIQ3PVVGrkuRqB+emtTIY6mY1ZYXKAjty3MEHcLQlklmPh5BstzoMFTWmQmZxuW4bTRahKM6+bAF3EDZo2xw== Completed in 25ms
npm timing metavuln:cache:get:security-advisory:js-yaml:rPKItsey5NAOkwlZ0jj/srGDfex3lM3kc0Jt/iKDQKxrLExmxBPfiHEGSGFS11EIIZ9oWm9Jw3K50YZA6kxidg== Completed in 25ms
npm timing metavuln:cache:get:security-advisory:jsondiffpatch:LFjo4GNBRNIX4PT/pqJo5ITTc40tAW/GAXqzv6qwd4q3vcu9WjWeGGfhLCIPuyhHAiAArphcD2/Uxai3An3++g== Completed in 26ms
npm timing metavuln:cache:get:security-advisory:jsondiffpatch:M422GvPQnBk2Z0QCkNMJeUtv1g43zNMgfYkHvFHG0q9EP075pDXVROJM9tb+sAfWGwFjVHCrzezL1YAJW1LXgg== Completed in 26ms
npm timing metavuln:cache:get:security-advisory:lodash:Rhn2/J9vH2feDR+ScacKQ3LE+WhdVik0qyHrmMpEPm19WZWIHXnPOQRMxyp2vXQpR+BV/SE/IDbGhIB3VC+d8Q== Completed in 26ms
npm timing metavuln:cache:get:security-advisory:lodash:DNnxUw8Ep7p1YCAJl4A30HMQmsK3uaHxA5fhfuTpXJUBgCvmZbKGD7OWAcfQ2u+fc9lY6ap1BhHpARF9oEarxQ== Completed in 26ms
npm timing metavuln:cache:get:security-advisory:lodash:thshZSsl03tivWaq68PzU+tj1Rdgd6ZGN992B7QB+2oylByv6bvG8a/FXYANJwK5kybQ7+c0hg18JSj4gYikrg== Completed in 25ms
npm timing metavuln:cache:get:security-advisory:mdast-util-to-hast:GIzvc/ZasYkRVEEbP+nel5QG7Bh1H6gjgE9G3sLNMkSxkyp1vfJGAZTCHzFMiWLA3QejKhYl6hbOeaYbIostpg== Completed in 25ms
npm timing metavuln:cache:get:security-advisory:nanoid:SvMVdtEUVO5ESues2DL9aEFMy6oMG+saOn/tNitKJcx7q7CvMfC5ZcstpC8dbnZl5KL/q/3pYBvQrAPBFsC+nQ== Completed in 25ms
npm timing metavuln:cache:get:security-advisory:nanoid:G4d3k7GgtTq4GBrwzQ8/x7W0iUhlZxJRv8ECCIxQ8EljG7i12UNClh6yRGwC76MzFuAF5klybdArzm40c5m6pg== Completed in 25ms
npm timing metavuln:cache:get:security-advisory:nanoid:r+z+JMwVfhGHAr/0YAy6/3RrDzRoIYQ2AZVHMg9UDR0NJ2m9fi3DGObNE6EPq2ciL/QAojxEu2QsJ0Zzdynclg== Completed in 25ms
npm timing metavuln:cache:get:security-advisory:nanoid:0yzfm74h2ISPme4XQDESd3IOQg79zHFMhy6RZiujZnIoteqQ6dSyiH0qVBqCuUznMPosC/QFvQVHfbUpRCoxjQ== Completed in 25ms
npm timing metavuln:cache:get:security-advisory:next:A9m47VBQvL++V9EsVwBseCbPrOK9xk7oLIzrStyVB02IketEwhGsklFuhL1oaYPUn8YGmhlTxpFhF93K/Wfw5Q== Completed in 25ms
npm timing metavuln:cache:get:security-advisory:next:d2hMvT1neRk1OILN6KsQ2L4sjWpIe19WxzSQJivjdzJVb/hhXgpN5SXMC++Yae4yKIQkpUsP465F2rfLyKo4PA== Completed in 25ms
npm timing metavuln:cache:get:security-advisory:next:vuHRAt/BWP+uFUF464Kr/XSRYkeSqfN5BDmhcIb/NC1N1+svfuQ2l2f3I8OAbkQ/mG7ykLMzXkmvGEUPm2u2Qw== Completed in 25ms
npm timing metavuln:cache:get:security-advisory:next:NpdQYf+4OaOvlNiZgkhHLNCcOTe84gjeay11sdJQ2HSe2hRovddeIJqZfGwiLh+ns7klO1J2oxhVS+ou+h9gmw== Completed in 25ms
npm timing metavuln:cache:get:security-advisory:next:WrVaG6WkSvpCYPPQKNUv2SLuXz5XL9xKn9KHPtqw/Y+V4JFUbfvGu7iPZR/4d1/dHzlII2csAkP3UXbKSPpZTA== Completed in 25ms
npm timing metavuln:cache:get:security-advisory:next:kXDE+ksbJYUI4TFImWPb/49o4hwXXT1nqPUeSTV/SE/IB3qFFazOXmXgn5PPbKkz9ewVGi6qMNNgGfrNX4hqIg== Completed in 25ms
npm timing metavuln:cache:get:security-advisory:next:WQCkHVGQkg6zsfYbmLOI+zBNEYhu4v1g6kXs5vVSFeehybhiXOKxuSPsV71Q4mBoY+gct03Ww794KjXwXHvGWA== Completed in 25ms
npm timing metavuln:cache:get:security-advisory:next:1RRZLAEdZ/XleXHoq279ILkZMiKyW77ZwtE5QzPtyre4x1QWgVmP0i9dSfz4gJebeiXjCYB49g8nOIfNiSjcYQ== Completed in 25ms
npm timing metavuln:cache:get:security-advisory:next:+SMXIcdP7mb700j3lAUXRoUbwPUmDwsGMfkqi8EBxAInsFmBr7fDz7ceH3WCcBFoF44s9qJcAZp3YRfZSyk8qw== Completed in 26ms
npm timing metavuln:cache:get:security-advisory:next:VmINk4sjQ5jqxRvJ2axYcaD3FqreNBMC4jAobfjDjUAn5dOOUzgsn/LLTyEYZvi7HDGR/ppGR9Jxp8UWVvHDIw== Completed in 25ms
npm timing metavuln:cache:get:security-advisory:next:m1juSglhJQv6nr2Qd3fhaBRO3xSWDkIwePr5Y8MKgwiMDtGjVAtSoOHMXp3f9z6nPLepu8CsJK3YosBO7hEskA== Completed in 25ms
npm timing metavuln:cache:get:security-advisory:next:3YEnowU0F/efIZFkDoFxQZjNq2qcmakBCRjEbrgPcrnqNOUxoJgvhg+PrXGQZbW/4yvsmMJX4gbpxuAhPD8bvg== Completed in 25ms
npm timing metavuln:cache:get:security-advisory:next:DZYkKghCBsNDjTsBZNBEXyRREeg7p+okX/wID7N5vkHCP0YEApmDVowtEZM/R2oPjVif2+FMpky58BcndZaeVw== Completed in 25ms
npm timing metavuln:cache:get:security-advisory:next:VRq8TIz+ZjPW6hQ8T0wOUvYSO+eDdwertI1rhHbEx2+MnlsYlHSTbstvXQA6lxcqK9z1/S2wl1LkMaE/zyyBqQ== Completed in 25ms
npm timing metavuln:cache:get:security-advisory:next:yUMYj8Dn5FtiQukesvIM6nN+0pF7xT4MTvfwNyG8V2sLOtPxPIrVStVUT2pdeSKG5qq/RTa9T+LiB9o7WZhZKA== Completed in 25ms
npm timing metavuln:cache:get:security-advisory:next:xzdJmsYdvRh0EQkDGL0AyVFiSXnitWj2NAhYTh3IKGb+bmS+UTMQEFlAApq2S61UaSRojDWI97pB3MQWhXaqtQ== Completed in 25ms
npm timing metavuln:cache:get:security-advisory:next:DjRros6yRdbdMY1erdbppMnNz8Rmm2kj4blzhPIWdXeKoCHONkBZ5vVD4sP1pYEEvfI65YV96+RIqLpMSsquWw== Completed in 25ms
npm timing metavuln:cache:get:security-advisory:next:QS567o8JKcXXuwY6XgUM7iN0h1udbMICZ90PR0BPbALyE4LpXJa2pMgZmzYK7JIgCPBOcRocAGRvrI0FNRN1mw== Completed in 25ms
npm timing metavuln:cache:get:security-advisory:next:ZLUG2HrRQ82YKcCmqQseWvnIlwyr8cZtjKOAKVosnHoYP8HjWF1EuSjurwrvNDBZyCjJrVDZK3B+SIULeNAVPw== Completed in 25ms
npm timing metavuln:cache:get:security-advisory:next:BPqX8jSKEW35PnDy8r1SGTHQhLIic/IfjienlQq8LFwmauE7Ce5RjzIw5W/PPwSATJecla0O4h/l+qNjjzPUcQ== Completed in 25ms
npm timing metavuln:cache:get:security-advisory:next:ItJZ7qy1iUzxbodxayiejQRfV5cCQvX0fnpMwXLDBxbVruEW2O3qtQbmcGQKdCKBR49CjNmJDt46lWVTov1sQA== Completed in 25ms
npm timing metavuln:cache:get:security-advisory:next:owasql2RGfaRn6gCrEIYc1sLXkl1GuxqJbyX4pwqCr7f/tVRvnWuaIoanwkbKZ9RBWsvTnyiF9QrYyjzAdBqCg== Completed in 25ms
npm timing metavuln:cache:get:security-advisory:next:unIajp6lhtd8TlnbDyu03O9dAHAdyoPBnRJl7b7wYmHh7QTNefTOT1AH8NOkPJcV47ZUUiH1irG66Xfg+Lfo0g== Completed in 25ms
npm timing metavuln:cache:get:security-advisory:next:3TA4O3EmeHOziCX4u9l4IBFBAPxWeQGxoijidoX+ldET6YKxjUcLFRhQVFM5X6vREfhCEhSA9T7d5fKHVz2CcA== Completed in 25ms
npm timing metavuln:cache:get:security-advisory:next:GCi2VjQ+xIankByzHe4ZXO0Uwx2FJAEb3wwNZc/B4wp4HXVgOhv8Jd02gDZ/z3OGbsWKVMoiRfJ+NReCbZIsqA== Completed in 25ms
npm timing metavuln:cache:get:security-advisory:next:usPEHPdWuyjsh+HI2+rwEPUzXWKe09mdbdIIFpG2O1Zd2medsdvkN5wwKHxOzkpfm2FC7E54Nx/sY33UEU3C1Q== Completed in 24ms
npm timing metavuln:cache:get:security-advisory:next:cZ6OoV2Yic3pKTVKWM708NyiYbU3eZO1UXbYmn0kthDYcmREJe5mE1zcJHSOZi/YbdCxNy+idGHHRzG5idxOrA== Completed in 25ms
npm timing metavuln:cache:get:security-advisory:next:yos6Q/8ldNg4cAnbkKSHOmtu1rp9E1oF5bR0CEDZqA3wIlDCz8yt3pfi32dMl7zQ2lXJzGvCp5zUjdyEnHq0iQ== Completed in 25ms
npm timing metavuln:cache:get:security-advisory:next:fnio781IRK2W7XoS3G7Up6+M5VUvY4zyA/2G+Eju3xGfgF4bCbMLow1HCd16OUURxF7IqHyz6Yo0X2LxXAbeVQ== Completed in 25ms
npm timing metavuln:cache:get:security-advisory:next:946AF1QwAU4SXAd5aWKfhcmAGKxGvL49GMSiWwQAiLOdZGEKvKq1QQ8g5sAdE0gZU2B8U3brIPjWf7FHy89HAg== Completed in 25ms
npm timing metavuln:cache:get:security-advisory:next:ezdIQZO7Cc28S3fxmDpZW1cK5d5FOHnm/OuO5tdXzgfM3FtFExNbKkQD7IWliLd4erTD3l6mfyiXiGUWmfc42w== Completed in 25ms
npm timing metavuln:cache:get:security-advisory:next:hIOMnj58e6JD7YssvYqqWPbKmGbcOX4279r3BRBdpe6jkiF2DQgG4461MZNJC1Eb6xPZCSPQXC40NqUvq3DOqA== Completed in 25ms
npm timing metavuln:cache:get:security-advisory:next:0lMSV7d/KDMx7fptosIHMFw8GdGsFcTsiX3MLM9HVoau8oy472GdqZGTwmxXKKglh+IxWYWrNMgIt/FS6dy52w== Completed in 25ms
npm timing metavuln:cache:get:security-advisory:next:nv2rBRsNyDLLV5ggWzZklWeOI82UHketKRUuE6f7Dw5e+nYBG0c5+UM60D9sYlttfqGH6S1PZck6cr4hM5EG3w== Completed in 25ms
npm timing metavuln:cache:get:security-advisory:next:7Gm25JCrbDejm3fVWTBiQaOTb5IjvtYhe6UUqrVfnyuSIwLt70Ur6MOdmTGi5ifeqdlXHcopu4tkvtTV7PaE6A== Completed in 25ms
npm timing metavuln:cache:get:security-advisory:postcss:AESkqup7C9sLtHL0OzenAvihqmLzSTOW4+0zIkCCeUjI0qvgEu/UCFfVCIlWzUpfDq20KxUSH5Ru8h4LoxJKRA== Completed in 25ms
npm timing metavuln:cache:get:security-advisory:postcss:685RVq5xScaqegAXk2BRJrsMaZmsz1d/volUoA67iVw3AvHhUlX03u+VPRrmo8iuObcSDvuZF+fuiOnLC9L1uA== Completed in 25ms
npm timing metavuln:cache:get:security-advisory:postcss:vffDf5zeMAO2NG2g47VKaOSrYbOxy9RP7hONH+CZvut446KUCIkc3Fp1vXR3T1gMxB3d9F68wTGe2BUQF6ut/w== Completed in 24ms
npm timing metavuln:cache:get:security-advisory:postcss:CYQpgMxvTqXBVaZq1NAr4RIFkWLFCwyobLa0hEv7E4gMg411Yb94I7Uru51Ci3hUITmSGFK7DCDkX4TqzQYsaw== Completed in 24ms
npm timing metavuln:cache:get:security-advisory:picomatch:GSQ5ghUF1JWDKMssoydWDVRebjlPePRwktLhrdWzXCq5xeBXdo4Cm9HGHnH2b6P1Nq93YjwPmimVjAx6kge32A== Completed in 24ms
npm timing metavuln:cache:get:security-advisory:picomatch:H8EHkZXRRUdil3DyUl8tc8lCQUliQzjc5H5D4llqFojH152sBqO1suz3XiNiRQT++wJdWkgXe/zFc/Bbrrz6ng== Completed in 25ms
npm timing metavuln:cache:get:security-advisory:yaml:O6zOK1Cn9/3FZISL60o6/SOMQkiOfzmZ3FIQSh8ciqQQ3pt7Wl9H9Q/gRJuFGa9hM9N+9vhsYsf7hziTGiJueg== Completed in 25ms
npm timing metavuln:cache:get:security-advisory:yaml:3AQn1Aj8kwFHIquLochLADJtKOJ++bvPtGJHT6dWct73zyp4H3E792uuAF7M2BJRI4DEvXF3aOujF4vdnIDz2g== Completed in 24ms
npm timing metavuln:cache:get:security-advisory:postcss-selector-parser:covT+MWoMY27HNo8VBw80yY9txe9EcZ0OTaXxzPnTvlgv/pmVZ5EoTwL+VQRgBrpLVxAWtUxZrw6bhMqh9EoHA== Completed in 24ms
npm timing metavuln:cache:get:security-advisory:qs:d8aA3MRUHa+nR6p36dDWdh9BwhbY3Ab8gcBS2sP0Jimkk/dzqKymXgU6A8cPdzE765SO0b2GGEOl3D6hJIniZQ== Completed in 24ms
npm timing metavuln:cache:get:security-advisory:qs:qvnFu5Nxt6nk4ZnzBM90Jkp6uhl+WmmOIhp+23qQRnTmnSs41hgsdsDx5uj/JdS2OgYbGnp6tGqfy7F4YN2CIQ== Completed in 24ms
npm timing metavuln:cache:get:security-advisory:qs:vVSN+MRVpdux32gCUfPGidHUGmS/0G5Ziwtmb1YXw3NARw1r47LtySeR7yFf/LZ4sKzi41443WWDDZzPHuCh9g== Completed in 24ms
npm timing metavuln:cache:get:security-advisory:qs:iChjlXxtVMTpyXsUse674XoeCayLW4gF6rE7sQcXvHRFegwpM44fUr9Eqlmsmu+S9udu9w9eZmpzcAcyiUJMIQ== Completed in 24ms
npm timing metavuln:cache:get:security-advisory:svelte:3s0Qq5XXXRKbbBb9rHHXE2mVZLnRImYOzivnNNkwm6JPGyEAQFno6PVyyP5BcbmaWI0+NAG78CAzE5IuRmtT+w== Completed in 24ms
npm timing metavuln:cache:get:security-advisory:svelte:MCHw41aPk2/ogFG8kqFCukDYZ1G1FNwZLHTOQW8DmfvGt9ugO0dmR6+e/S0vO9ZBzXzXw6T9Vi7993ZFOPExJA== Completed in 24ms
npm timing metavuln:cache:get:security-advisory:svelte:MdOFgwJGjZhlbAZATVNncPAHVdp6q2T7pLpdXLpV+XritW1du25dMvMxVHCU/ssZSy9ZhYrjGL8meVqz2dGe3w== Completed in 24ms
npm timing metavuln:cache:get:security-advisory:svelte:SgU8S6OjNnKvMan5E5tqS+jzFOtQA7nI139BtttrGNMxHl6vI1vnsD0Hw5PmljkWmKVPTmF7gAtNjqW66ewZ7Q== Completed in 24ms
npm timing metavuln:cache:get:security-advisory:svelte:rIl0JqhEKi+XVrSnd7O67KEppWTvFu5xPkW1wznRQYPG1tBwWVx7w0fyyVgCILrqU3Nwrf7get1uteGiNlnzcw== Completed in 24ms
npm timing metavuln:cache:get:security-advisory:svelte:WtGIvGamDFlCkHfATZriimtgHhESOe5Zj+VhlIlT6FxGiw2BeyzisFGtUajqclSLUqhe9mppj+zbP/YX+6RvOw== Completed in 24ms
npm timing metavuln:cache:get:security-advisory:uuid:fjKShcKspemxj7050oTyq4F6Ys6oXOzZoO3QUapp6PgJCcrmTMbXQaxkcJ1QLLNHzsQ9sgLuhrlezjv+hoSUhg== Completed in 24ms
npm timing reifyNode:node_modules/periscopic Completed in 1130ms
npm timing reifyNode:node_modules/@vue/compiler-ssr Completed in 1128ms
npm timing reifyNode:node_modules/index-to-position Completed in 1137ms
npm timing reifyNode:node_modules/parse-json Completed in 1138ms
npm timing reifyNode:node_modules/json-parse-even-better-errors Completed in 1141ms
npm timing reifyNode:node_modules/picocolors Completed in 1143ms
npm timing reifyNode:node_modules/is-arrayish Completed in 1147ms
npm timing reifyNode:node_modules/error-ex Completed in 1146ms
npm timing reifyNode:node_modules/cosmiconfig/node_modules/parse-json Completed in 1147ms
npm timing reifyNode:node_modules/is-reference Completed in 1150ms
npm timing reifyNode:node_modules/locate-character Completed in 1150ms
npm timing reifyNode:node_modules/@types/estree Completed in 1157ms
npm timing metavuln:packument:form-data Completed in 377ms
npm timing metavuln:load:security-advisory:form-data:1109538 Completed in 1ms
npm timing metavuln:load:security-advisory:form-data:1120743 Completed in 1ms
npm timing metavuln:packument:flatted Completed in 381ms
npm timing metavuln:load:security-advisory:flatted:1114526 Completed in 1ms
npm timing metavuln:load:security-advisory:flatted:1115357 Completed in 0ms
npm timing metavuln:packument:js-yaml Completed in 402ms
npm timing metavuln:load:security-advisory:js-yaml:1112715 Completed in 1ms
npm timing metavuln:load:security-advisory:js-yaml:1121860 Completed in 1ms
npm timing metavuln:load:security-advisory:js-yaml:1123911 Completed in 1ms
npm timing metavuln:load:security-advisory:js-yaml:1138115 Completed in 1ms
npm timing metavuln:load:security-advisory:js-yaml:1193727 Completed in 1ms
npm timing metavuln:packument:jsondiffpatch Completed in 410ms
npm timing metavuln:load:security-advisory:jsondiffpatch:1108189 Completed in 0ms
npm timing metavuln:load:security-advisory:jsondiffpatch:1147954 Completed in 1ms
npm timing metavuln:packument:uuid Completed in 413ms
npm timing metavuln:load:security-advisory:uuid:1119441 Completed in 1ms
npm timing metavuln:packument:picomatch Completed in 418ms
npm timing metavuln:load:security-advisory:picomatch:1115549 Completed in 1ms
npm timing metavuln:load:security-advisory:picomatch:1115552 Completed in 0ms
npm timing metavuln:packument:postcss-selector-parser Completed in 430ms
npm timing metavuln:load:security-advisory:postcss-selector-parser:1153170 Completed in 1ms
npm timing metavuln:packument:mdast-util-to-hast Completed in 442ms
npm timing metavuln:load:security-advisory:mdast-util-to-hast:1113048 Completed in 1ms
npm timing reifyNode:node_modules/estree-walker Completed in 1229ms
npm timing metavuln:packument:brace-expansion Completed in 451ms
npm timing metavuln:load:security-advisory:brace-expansion:1105443 Completed in 1ms
npm timing metavuln:load:security-advisory:brace-expansion:1105444 Completed in 1ms
npm timing metavuln:load:security-advisory:brace-expansion:1130588 Completed in 0ms
npm timing metavuln:load:security-advisory:brace-expansion:1130589 Completed in 0ms
npm timing metavuln:load:security-advisory:brace-expansion:1130736 Completed in 0ms
npm timing metavuln:load:security-advisory:brace-expansion:1130737 Completed in 0ms
npm timing metavuln:load:security-advisory:brace-expansion:1115540 Completed in 0ms
npm timing metavuln:load:security-advisory:brace-expansion:1115541 Completed in 2ms
npm timing metavuln:load:security-advisory:brace-expansion:1123896 Completed in 1ms
npm timing metavuln:load:security-advisory:brace-expansion:1123897 Completed in 0ms
npm timing metavuln:packument:cross-spawn Completed in 473ms
npm timing metavuln:load:security-advisory:cross-spawn:1104664 Completed in 0ms
npm timing metavuln:packument:glob Completed in 479ms
npm timing metavuln:load:security-advisory:glob:1109842 Completed in 1ms
npm timing metavuln:packument:minimatch Completed in 490ms
npm timing metavuln:load:security-advisory:minimatch:1113459 Completed in 1ms
npm timing metavuln:load:security-advisory:minimatch:1113465 Completed in 2ms
npm timing metavuln:load:security-advisory:minimatch:1113538 Completed in 1ms
npm timing metavuln:load:security-advisory:minimatch:1113544 Completed in 1ms
npm timing metavuln:load:security-advisory:minimatch:1113546 Completed in 1ms
npm timing metavuln:load:security-advisory:minimatch:1113552 Completed in 1ms
npm timing metavuln:packument:yaml Completed in 496ms
npm timing metavuln:load:security-advisory:yaml:1115555 Completed in 1ms
npm timing metavuln:load:security-advisory:yaml:1115556 Completed in 1ms
npm timing metavuln:packument:lodash Completed in 549ms
npm timing metavuln:load:security-advisory:lodash:1120370 Completed in 1ms
npm timing metavuln:load:security-advisory:lodash:1115806 Completed in 1ms
npm timing metavuln:load:security-advisory:lodash:1115810 Completed in 1ms
npm timing metavuln:packument:nanoid Completed in 559ms
npm timing metavuln:load:security-advisory:nanoid:1109563 Completed in 1ms
npm timing metavuln:load:security-advisory:nanoid:1138811 Completed in 1ms
npm timing metavuln:load:security-advisory:nanoid:1139427 Completed in 1ms
npm timing metavuln:load:security-advisory:nanoid:1153189 Completed in 1ms
npm timing metavuln:packument:@babel/runtime Completed in 582ms
npm timing metavuln:load:security-advisory:@babel/runtime:1104000 Completed in 2ms
npm timing metavuln:cache:put:security-advisory:form-data:QtrJYuspC2x6/4C1Oat3mkU+5vF1sgqWmutMSh+7dhDRYSJrsvU/AVAJgWDUWLgGNj7X4aMNonvcZovhtgldng== Completed in 223ms
npm timing metavuln:calculate:security-advisory:form-data:1120743 Completed in 603ms
npm timing metavuln:cache:put:security-advisory:form-data:QHwSQK89tp8y8NaEB/BmWWPJbFRmcqxbWkKungy6gPoWDFe3Fp6pmP2eW7jh8ZiRT8rEqJsege91INZ02VqjRw== Completed in 225ms
npm timing metavuln:calculate:security-advisory:form-data:1109538 Completed in 604ms
npm timing metavuln:cache:put:security-advisory:flatted:uMG/3R828PE31LVzr7SnM2pFAXessH3XoRtonZYiGJtZfR5a//VWhmdMxy/RepstCydCDFxkci7fqEuzEvhnAA== Completed in 222ms
npm timing metavuln:calculate:security-advisory:flatted:1115357 Completed in 604ms
npm timing metavuln:cache:put:security-advisory:flatted:oa7V2KnuHnLCPcrXFvcQLRAa1NASGJm9yZ+B92xpfwxan7PZyVrZjYAHt6LB51PFfA2mM8KGE+VHR+U5X/2uZw== Completed in 222ms
npm timing metavuln:calculate:security-advisory:flatted:1114526 Completed in 604ms
npm timing metavuln:cache:put:security-advisory:jsondiffpatch:LFjo4GNBRNIX4PT/pqJo5ITTc40tAW/GAXqzv6qwd4q3vcu9WjWeGGfhLCIPuyhHAiAArphcD2/Uxai3An3++g== Completed in 202ms
npm timing metavuln:calculate:security-advisory:jsondiffpatch:1108189 Completed in 613ms
npm timing metavuln:cache:put:security-advisory:jsondiffpatch:M422GvPQnBk2Z0QCkNMJeUtv1g43zNMgfYkHvFHG0q9EP075pDXVROJM9tb+sAfWGwFjVHCrzezL1YAJW1LXgg== Completed in 201ms
npm timing metavuln:calculate:security-advisory:jsondiffpatch:1147954 Completed in 613ms
npm timing metavuln:cache:put:security-advisory:js-yaml:621IdjBdZEeVoUcjWGl1jXN0jFDGaf7dIQMeaPVKf5MxqYprJztiOC0OHOUPVoayh7Cq/fTC8L5CqEb98qlE7w== Completed in 227ms
npm timing metavuln:calculate:security-advisory:js-yaml:1112715 Completed in 630ms
npm timing metavuln:cache:put:security-advisory:uuid:fjKShcKspemxj7050oTyq4F6Ys6oXOzZoO3QUapp6PgJCcrmTMbXQaxkcJ1QLLNHzsQ9sgLuhrlezjv+hoSUhg== Completed in 209ms
npm timing metavuln:calculate:security-advisory:uuid:1119441 Completed in 623ms
npm timing metavuln:cache:put:security-advisory:js-yaml:hRHUgW0MJiPqjWt2sUfet2EYlqoE1gaxACC2WErx8y0hzruS4JIdQFSyu03fknqwUeEglYl2LNhb3CLbe1gk7A== Completed in 226ms
npm timing metavuln:calculate:security-advisory:js-yaml:1121860 Completed in 630ms
npm timing metavuln:cache:put:security-advisory:js-yaml:OUZIQ3PVVGrkuRqB+emtTIY6mY1ZYXKAjty3MEHcLQlklmPh5BstzoMFTWmQmZxuW4bTRahKM6+bAF3EDZo2xw== Completed in 224ms
npm timing metavuln:calculate:security-advisory:js-yaml:1138115 Completed in 630ms
npm timing metavuln:cache:put:security-advisory:js-yaml:4JRmIWaw7t9g2nj2coc/knMKSpUTTvf6gd7QGFDejryJnGjc+YeBUVzshR5afcQZnuPyYGRjBRxydkQEqdhtbQ== Completed in 225ms
npm timing metavuln:calculate:security-advisory:js-yaml:1123911 Completed in 630ms
npm timing metavuln:cache:put:security-advisory:js-yaml:rPKItsey5NAOkwlZ0jj/srGDfex3lM3kc0Jt/iKDQKxrLExmxBPfiHEGSGFS11EIIZ9oWm9Jw3K50YZA6kxidg== Completed in 223ms
npm timing metavuln:calculate:security-advisory:js-yaml:1193727 Completed in 630ms
npm timing reifyNode:node_modules/@vue/shared Completed in 1421ms
npm timing metavuln:cache:put:security-advisory:picomatch:H8EHkZXRRUdil3DyUl8tc8lCQUliQzjc5H5D4llqFojH152sBqO1suz3XiNiRQT++wJdWkgXe/zFc/Bbrrz6ng== Completed in 225ms
npm timing metavuln:calculate:security-advisory:picomatch:1115552 Completed in 644ms
npm timing metavuln:cache:put:security-advisory:picomatch:GSQ5ghUF1JWDKMssoydWDVRebjlPePRwktLhrdWzXCq5xeBXdo4Cm9HGHnH2b6P1Nq93YjwPmimVjAx6kge32A== Completed in 225ms
npm timing metavuln:calculate:security-advisory:picomatch:1115549 Completed in 644ms
npm timing metavuln:cache:put:security-advisory:postcss-selector-parser:covT+MWoMY27HNo8VBw80yY9txe9EcZ0OTaXxzPnTvlgv/pmVZ5EoTwL+VQRgBrpLVxAWtUxZrw6bhMqh9EoHA== Completed in 212ms
npm timing metavuln:calculate:security-advisory:postcss-selector-parser:1153170 Completed in 643ms
npm timing metavuln:cache:put:security-advisory:mdast-util-to-hast:GIzvc/ZasYkRVEEbP+nel5QG7Bh1H6gjgE9G3sLNMkSxkyp1vfJGAZTCHzFMiWLA3QejKhYl6hbOeaYbIostpg== Completed in 210ms
npm timing metavuln:calculate:security-advisory:mdast-util-to-hast:1113048 Completed in 653ms
npm timing metavuln:cache:put:security-advisory:brace-expansion:Pny/HX5JbOaUMj0VXN4ymYZjsAcoD2/VrG0YE1yBnmclIuwa2lTkreIIpbhh0bcJKY4Zt/wWvQFgeTktoBkOiw== Completed in 207ms
npm timing metavuln:calculate:security-advisory:brace-expansion:1130589 Completed in 661ms
npm timing metavuln:cache:put:security-advisory:brace-expansion:wDEbqWk4yLp9m7y1JKlfB/VOQdNxO6zv9mx3cQ5VptPHpE7Ova1G3NkU4hgGmOmyWoA3/1d/SEsb3LnkNTA35A== Completed in 200ms
npm timing metavuln:calculate:security-advisory:brace-expansion:1123897 Completed in 660ms
npm timing metavuln:packument:qs Completed in 661ms
npm timing metavuln:load:security-advisory:qs:1158507 Completed in 1ms
npm timing metavuln:load:security-advisory:qs:1119502 Completed in 2ms
npm timing metavuln:load:security-advisory:qs:1113161 Completed in 1ms
npm timing metavuln:load:security-advisory:qs:1113719 Completed in 1ms
npm timing metavuln:cache:put:security-advisory:cross-spawn:PBcc/5P1UEO/1Ba/jUNR65wOzs1wU0Y+m+OOSfB57dG5EajzjbqRMRm0l7MWqcJgHDYM5GoZ36Hm7qAYFlIH3A== Completed in 207ms
npm timing metavuln:calculate:security-advisory:cross-spawn:1104664 Completed in 681ms
npm timing metavuln:cache:put:security-advisory:brace-expansion:7IQMvcVTr+svbh5KCx4Kl6FQKJ1GciM03BnJAve/5WYJjUeRzKAIrStVpfachbl3T6a7o8nYlQEVG6Ih0TNXRg== Completed in 235ms
npm timing metavuln:calculate:security-advisory:brace-expansion:1105443 Completed in 687ms
npm timing metavuln:cache:put:security-advisory:brace-expansion:mClmYqWawCNXseeTBHWiIwZH/2CmFUqPCmosJIeOhAgD9z1v3SayhHAwaWVo8wmeKU/JN9VP4zDBeXaqy3Ay2A== Completed in 234ms
npm timing metavuln:calculate:security-advisory:brace-expansion:1105444 Completed in 687ms
npm timing metavuln:cache:put:security-advisory:brace-expansion:9zwFS2atO1kWXNo3p+9fCTUYWmEvjgV2PlNBkaHdRjkssbff5d4cCQCO3NxiseQjyQTioabr4SaJXBhPiVtslQ== Completed in 232ms
npm timing metavuln:calculate:security-advisory:brace-expansion:1130736 Completed in 687ms
npm timing metavuln:cache:put:security-advisory:brace-expansion:geBusfkNqQP6hxCT/x7QDM6pAPJMDIqmDW84J1DA4uDjuSM6GXgzKwYw+N4CptLZRUTx8jSydbfAJhrWxpkzqg== Completed in 235ms
npm timing metavuln:calculate:security-advisory:brace-expansion:1130588 Completed in 688ms
npm timing metavuln:cache:put:security-advisory:brace-expansion:7ICbONgS6sI8RWhzTgNqqH552BWC4INFpZZfXI9U4oWgS/KeQEBLPtG82pnddpKRYaLAG9ti7ET/UUaZIDmFqA== Completed in 231ms
npm timing metavuln:calculate:security-advisory:brace-expansion:1130737 Completed in 687ms
npm timing metavuln:cache:put:security-advisory:brace-expansion:ZHzAtnciS42HIMtUGajCifTIrkCUkWb93u/V1lJEt9HzdJ+ypMofn/dKgSOaziPQj+WGAcGS7t7WdPUHJBz0LA== Completed in 228ms
npm timing metavuln:calculate:security-advisory:brace-expansion:1115541 Completed in 687ms
npm timing metavuln:cache:put:security-advisory:brace-expansion:kIHgu1L8zIy7pY0wp6wYzUm7tst3xTM2tiSYrstcGK/XsO7o4p6zyuUSjq93oH1dvU2tbEvlSW+gaNbGIbeudw== Completed in 232ms
npm timing metavuln:calculate:security-advisory:brace-expansion:1115540 Completed in 688ms
npm timing reifyNode:node_modules/code-red Completed in 1486ms
npm timing metavuln:cache:put:security-advisory:brace-expansion:8oOLS67XweNywiGNx5L+6SvNn2KB7xR8kOhhQW3y11e/1FIqzHMTjZdmNIIGBfwh+NAkZmQ+9Oj3YUp92LM3Wg== Completed in 247ms
npm timing metavuln:calculate:security-advisory:brace-expansion:1123896 Completed in 708ms
npm timing metavuln:cache:put:security-advisory:minimatch:kx7kRjUmjSYmgQBpfsU82Na4xORZqvqpRRSlOyPLadasPBl0YfFJCjIETC00BG7Gd2omQLizgz8/GnnE/hk+Jw== Completed in 213ms
npm timing metavuln:calculate:security-advisory:minimatch:1113538 Completed in 708ms
npm timing metavuln:cache:put:security-advisory:minimatch:V/3cIcyAQcG1bwuH0e0PI9Qt5WRtbvb/WOz2mBxAfNzXf+Dvs9G1X05eHjnPq2b0TJY4zXXpqhCAkRAipgk3iQ== Completed in 216ms
npm timing metavuln:calculate:security-advisory:minimatch:1113459 Completed in 708ms
npm timing metavuln:cache:put:security-advisory:minimatch:tJ9Z2VGWqiQfLaVKxc9K/6Rz1g70Mpl3An4UK+K1lyHdz27vYPzhMIkC4jRGAN2wpssY+8l13Ql259B6zkaX/Q== Completed in 212ms
npm timing metavuln:calculate:security-advisory:minimatch:1113544 Completed in 708ms
npm timing metavuln:packument:postcss Completed in 714ms
npm timing metavuln:load:security-advisory:postcss:1130709 Completed in 2ms
npm timing metavuln:load:security-advisory:postcss:1117015 Completed in 1ms
npm timing metavuln:load:security-advisory:postcss:1124252 Completed in 2ms
npm timing metavuln:load:security-advisory:postcss:1139510 Completed in 2ms
npm timing metavuln:cache:put:security-advisory:yaml:3AQn1Aj8kwFHIquLochLADJtKOJ++bvPtGJHT6dWct73zyp4H3E792uuAF7M2BJRI4DEvXF3aOujF4vdnIDz2g== Completed in 223ms
npm timing metavuln:calculate:security-advisory:yaml:1115556 Completed in 721ms
npm timing metavuln:packument:@ai-sdk/provider-utils Completed in 737ms
npm timing metavuln:load:security-advisory:@ai-sdk/provider-utils:1193660 Completed in 8ms
npm timing metavuln:cache:put:security-advisory:glob:NTB2XjbDOgk4lkd8PZ3tUAm1F3E/ohGF6rl9/3LEO7Z0FDzSR5nWwzd3nUENA3NCNdyeR+35DOC12wPml2IV+g== Completed in 263ms
npm timing metavuln:calculate:security-advisory:glob:1109842 Completed in 743ms
npm timing reifyNode:node_modules/@ampproject/remapping Completed in 1540ms
npm timing metavuln:cache:put:security-advisory:minimatch:B00WbbnnDNaFGA7l9BgrTioYpRMzU4+U8SUF8cn65LwArJAK0O380QwyP/UyxPr7i9XUjX9/AADC41/edu9OrA== Completed in 265ms
npm timing metavuln:calculate:security-advisory:minimatch:1113465 Completed in 759ms
npm timing metavuln:cache:put:security-advisory:minimatch:tdaAHfWGUw/nl/W8ALWVH+LvG2E3gvo3P2FI/fVPxm3aZteLxWMOEuk/9iDk5O0/cZN/GRXnabt/mW/bfUoL/g== Completed in 261ms
npm timing metavuln:calculate:security-advisory:minimatch:1113546 Completed in 759ms
npm timing metavuln:packument:ajv Completed in 761ms
npm timing metavuln:load:security-advisory:ajv:1113714 Completed in 4ms
npm timing metavuln:cache:put:security-advisory:minimatch:IBqefxF0lKwSFXzwGHp5L8khqSaPYY99x0GHtXNH4YxtdIexeL4FFPzrnnBvkhgmGDEWHo3XAgpPYGyM1jidQQ== Completed in 267ms
npm timing metavuln:calculate:security-advisory:minimatch:1113552 Completed in 765ms
npm timing metavuln:cache:put:security-advisory:yaml:O6zOK1Cn9/3FZISL60o6/SOMQkiOfzmZ3FIQSh8ciqQQ3pt7Wl9H9Q/gRJuFGa9hM9N+9vhsYsf7hziTGiJueg== Completed in 272ms
npm timing metavuln:calculate:security-advisory:yaml:1115555 Completed in 770ms
npm timing reifyNode:node_modules/wrappy Completed in 1568ms
npm timing metavuln:cache:put:security-advisory:nanoid:0yzfm74h2ISPme4XQDESd3IOQg79zHFMhy6RZiujZnIoteqQ6dSyiH0qVBqCuUznMPosC/QFvQVHfbUpRCoxjQ== Completed in 229ms
npm timing metavuln:calculate:security-advisory:nanoid:1153189 Completed in 791ms
npm timing metavuln:cache:put:security-advisory:lodash:Rhn2/J9vH2feDR+ScacKQ3LE+WhdVik0qyHrmMpEPm19WZWIHXnPOQRMxyp2vXQpR+BV/SE/IDbGhIB3VC+d8Q== Completed in 259ms
npm timing metavuln:calculate:security-advisory:lodash:1120370 Completed in 809ms
npm timing metavuln:cache:put:security-advisory:nanoid:SvMVdtEUVO5ESues2DL9aEFMy6oMG+saOn/tNitKJcx7q7CvMfC5ZcstpC8dbnZl5KL/q/3pYBvQrAPBFsC+nQ== Completed in 254ms
npm timing metavuln:calculate:security-advisory:nanoid:1109563 Completed in 814ms
npm timing metavuln:cache:put:security-advisory:lodash:thshZSsl03tivWaq68PzU+tj1Rdgd6ZGN992B7QB+2oylByv6bvG8a/FXYANJwK5kybQ7+c0hg18JSj4gYikrg== Completed in 275ms
npm timing metavuln:calculate:security-advisory:lodash:1115810 Completed in 826ms
npm timing metavuln:cache:put:security-advisory:@babel/runtime:xDaNmlS3J8LRk7IfDb7e9Gp3gcy/xDr1QZXCKC997SMkqKVemm2guY9vQpRI6omD11L5cfCI+STpoAdxUgnVsA== Completed in 247ms
npm timing metavuln:calculate:security-advisory:@babel/runtime:1104000 Completed in 831ms
npm timing metavuln:cache:put:security-advisory:lodash:DNnxUw8Ep7p1YCAJl4A30HMQmsK3uaHxA5fhfuTpXJUBgCvmZbKGD7OWAcfQ2u+fc9lY6ap1BhHpARF9oEarxQ== Completed in 276ms
npm timing metavuln:calculate:security-advisory:lodash:1115806 Completed in 827ms
npm timing reifyNode:node_modules/word-wrap Completed in 1616ms
npm timing metavuln:cache:put:security-advisory:nanoid:r+z+JMwVfhGHAr/0YAy6/3RrDzRoIYQ2AZVHMg9UDR0NJ2m9fi3DGObNE6EPq2ciL/QAojxEu2QsJ0Zzdynclg== Completed in 274ms
npm timing metavuln:calculate:security-advisory:nanoid:1139427 Completed in 836ms
npm timing metavuln:cache:put:security-advisory:nanoid:G4d3k7GgtTq4GBrwzQ8/x7W0iUhlZxJRv8ECCIxQ8EljG7i12UNClh6yRGwC76MzFuAF5klybdArzm40c5m6pg== Completed in 275ms
npm timing metavuln:calculate:security-advisory:nanoid:1138811 Completed in 836ms
npm timing reifyNode:node_modules/which Completed in 1628ms
npm timing reifyNode:node_modules/zwitch Completed in 1629ms
npm timing reifyNode:node_modules/which-builtin-type Completed in 1642ms
npm timing reifyNode:node_modules/yocto-queue Completed in 1656ms
npm timing reifyNode:node_modules/webidl-conversions Completed in 1672ms
npm timing reifyNode:node_modules/which-collection Completed in 1683ms
npm timing reifyNode:node_modules/@vue/compiler-core/node_modules/estree-walker Completed in 1692ms
npm timing reifyNode:node_modules/which-boxed-primitive Completed in 1697ms
npm timing reifyNode:node_modules/@vue/compiler-sfc/node_modules/estree-walker Completed in 1716ms
npm timing reifyNode:node_modules/vfile-message Completed in 1721ms
npm timing metavuln:cache:put:security-advisory:qs:vVSN+MRVpdux32gCUfPGidHUGmS/0G5Ziwtmb1YXw3NARw1r47LtySeR7yFf/LZ4sKzi41443WWDDZzPHuCh9g== Completed in 271ms
npm timing metavuln:calculate:security-advisory:qs:1113161 Completed in 936ms
npm timing metavuln:cache:put:security-advisory:qs:d8aA3MRUHa+nR6p36dDWdh9BwhbY3Ab8gcBS2sP0Jimkk/dzqKymXgU6A8cPdzE765SO0b2GGEOl3D6hJIniZQ== Completed in 274ms
npm timing metavuln:calculate:security-advisory:qs:1158507 Completed in 936ms
npm timing metavuln:cache:put:security-advisory:qs:iChjlXxtVMTpyXsUse674XoeCayLW4gF6rE7sQcXvHRFegwpM44fUr9Eqlmsmu+S9udu9w9eZmpzcAcyiUJMIQ== Completed in 269ms
npm timing metavuln:calculate:security-advisory:qs:1113719 Completed in 936ms
npm timing reifyNode:node_modules/web-namespaces Completed in 1740ms
npm timing metavuln:cache:put:security-advisory:qs:qvnFu5Nxt6nk4ZnzBM90Jkp6uhl+WmmOIhp+23qQRnTmnSs41hgsdsDx5uj/JdS2OgYbGnp6tGqfy7F4YN2CIQ== Completed in 289ms
npm timing metavuln:calculate:security-advisory:qs:1119502 Completed in 953ms
npm timing reifyNode:node_modules/wrap-ansi-cjs Completed in 1748ms
npm timing reifyNode:node_modules/util-deprecate Completed in 1748ms
npm timing metavuln:cache:put:security-advisory:postcss:685RVq5xScaqegAXk2BRJrsMaZmsz1d/volUoA67iVw3AvHhUlX03u+VPRrmo8iuObcSDvuZF+fuiOnLC9L1uA== Completed in 243ms
npm timing metavuln:calculate:security-advisory:postcss:1117015 Completed in 961ms
npm timing metavuln:cache:put:security-advisory:postcss:CYQpgMxvTqXBVaZq1NAr4RIFkWLFCwyobLa0hEv7E4gMg411Yb94I7Uru51Ci3hUITmSGFK7DCDkX4TqzQYsaw== Completed in 239ms
npm timing metavuln:calculate:security-advisory:postcss:1139510 Completed in 960ms
npm timing metavuln:cache:put:security-advisory:postcss:vffDf5zeMAO2NG2g47VKaOSrYbOxy9RP7hONH+CZvut446KUCIkc3Fp1vXR3T1gMxB3d9F68wTGe2BUQF6ut/w== Completed in 242ms
npm timing metavuln:calculate:security-advisory:postcss:1124252 Completed in 961ms
npm timing reifyNode:node_modules/wrap-ansi Completed in 1757ms
npm timing reifyNode:node_modules/@vue/reactivity Completed in 1764ms
npm timing reifyNode:node_modules/vfile-location Completed in 1770ms
npm timing reifyNode:node_modules/unist-util-position Completed in 1771ms
npm timing metavuln:cache:put:security-advisory:postcss:AESkqup7C9sLtHL0OzenAvihqmLzSTOW4+0zIkCCeUjI0qvgEu/UCFfVCIlWzUpfDq20KxUSH5Ru8h4LoxJKRA== Completed in 270ms
npm timing metavuln:calculate:security-advisory:postcss:1130709 Completed in 986ms
npm timing metavuln:cache:put:security-advisory:@ai-sdk/provider-utils:Ul9KFseB2tOIN1MDrvKXYgswUT8/7E04jrfk1CULo1gm3PxzYce/4sYV2Ljgg4GMg1YdyPCXh5zxOzmwrnQ/vQ== Completed in 251ms
npm timing metavuln:calculate:security-advisory:@ai-sdk/provider-utils:1193660 Completed in 998ms
npm timing reifyNode:node_modules/which-typed-array Completed in 1781ms
npm timing reifyNode:node_modules/use-local-storage-state Completed in 1781ms
npm timing reifyNode:node_modules/unist-util-stringify-position Completed in 1782ms
npm timing metavuln:cache:put:security-advisory:ajv:u4HOZ0QFYFTDLqnZ5TPSC8VEvP+HMuGcZACJuTqG8bm/gunrgkQwsiiH2pbF9tNIl45RK0sW2ccPzEojb1k0xQ== Completed in 237ms
npm timing metavuln:calculate:security-advisory:ajv:1113714 Completed in 1002ms
npm timing reifyNode:node_modules/unist-util-visit Completed in 1795ms
npm timing reifyNode:node_modules/unist-util-is Completed in 1800ms
npm timing reifyNode:node_modules/@vue/server-renderer Completed in 1806ms
npm timing reifyNode:node_modules/unist-util-filter Completed in 1811ms
npm timing reifyNode:node_modules/vaul Completed in 1818ms
npm timing reifyNode:node_modules/unbox-primitive Completed in 1819ms
npm timing reifyNode:node_modules/typed-array-byte-length Completed in 1823ms
npm timing reifyNode:node_modules/typed-array-length Completed in 1827ms
npm timing reifyNode:node_modules/typed-array-byte-offset Completed in 1827ms
npm timing reifyNode:node_modules/type-check Completed in 1827ms
npm timing reifyNode:node_modules/typed-array-buffer Completed in 1831ms
npm timing reifyNode:node_modules/magic-string Completed in 1835ms
npm timing reifyNode:node_modules/unist-util-visit-parents Completed in 1843ms
npm timing reifyNode:node_modules/trough Completed in 1866ms
npm timing reifyNode:node_modules/trim-lines Completed in 1878ms
npm timing reifyNode:node_modules/@vue/compiler-dom Completed in 1893ms
npm timing reifyNode:node_modules/tslib Completed in 1904ms
npm timing reifyNode:node_modules/ts-interface-checker Completed in 1904ms
npm timing reifyNode:node_modules/unified Completed in 1907ms
npm timing reifyNode:node_modules/tailwindcss-animate Completed in 1913ms
npm timing reifyNode:node_modules/to-fast-properties Completed in 1921ms
npm timing reifyNode:node_modules/use-sync-external-store Completed in 1923ms
npm timing reifyNode:node_modules/to-regex-range Completed in 1924ms
npm timing reifyNode:node_modules/@vue/compiler-core Completed in 1928ms
npm timing reifyNode:node_modules/tr46 Completed in 1935ms
npm timing reifyNode:node_modules/whatwg-url Completed in 1955ms
npm timing reifyNode:node_modules/undici-types Completed in 1966ms
npm timing reifyNode:node_modules/web-streams-polyfill Completed in 1987ms
npm timing reifyNode:node_modules/@vue/runtime-core Completed in 1988ms
npm timing reifyNode:node_modules/supports-preserve-symlinks-flag Completed in 1999ms
npm timing reifyNode:node_modules/supports-color Completed in 2011ms
npm timing reifyNode:node_modules/mdn-data Completed in 2010ms
npm timing reifyNode:node_modules/text-table Completed in 2013ms
npm timing reifyNode:node_modules/strip-json-comments Completed in 2079ms
npm timing reifyNode:node_modules/tapable Completed in 2083ms
npm timing reifyNode:node_modules/strip-bom Completed in 2083ms
npm timing metavuln:packument:svelte Completed in 1307ms
npm timing metavuln:load:security-advisory:svelte:1113416 Completed in 15ms
npm timing metavuln:load:security-advisory:svelte:1113418 Completed in 16ms
npm timing metavuln:load:security-advisory:svelte:1113419 Completed in 10ms
npm timing metavuln:load:security-advisory:svelte:1120446 Completed in 12ms
npm timing metavuln:load:security-advisory:svelte:1120449 Completed in 12ms
npm timing metavuln:load:security-advisory:svelte:1114402 Completed in 13ms
npm timing metavuln:packument:ai Completed in 1423ms
npm timing metavuln:load:security-advisory:ai:1111095 Completed in 21ms
npm timing reifyNode:node_modules/strip-ansi-cjs Completed in 2248ms
npm timing reifyNode:node_modules/@vue/runtime-dom Completed in 2251ms
npm timing metavuln:cache:put:security-advisory:svelte:rIl0JqhEKi+XVrSnd7O67KEppWTvFu5xPkW1wznRQYPG1tBwWVx7w0fyyVgCILrqU3Nwrf7get1uteGiNlnzcw== Completed in 113ms
npm timing metavuln:calculate:security-advisory:svelte:1120449 Completed in 1488ms
npm timing metavuln:cache:put:security-advisory:svelte:WtGIvGamDFlCkHfATZriimtgHhESOe5Zj+VhlIlT6FxGiw2BeyzisFGtUajqclSLUqhe9mppj+zbP/YX+6RvOw== Completed in 100ms
npm timing metavuln:calculate:security-advisory:svelte:1114402 Completed in 1488ms
npm timing metavuln:cache:put:security-advisory:svelte:MCHw41aPk2/ogFG8kqFCukDYZ1G1FNwZLHTOQW8DmfvGt9ugO0dmR6+e/S0vO9ZBzXzXw6T9Vi7993ZFOPExJA== Completed in 156ms
npm timing metavuln:calculate:security-advisory:svelte:1113418 Completed in 1494ms
npm timing metavuln:cache:put:security-advisory:svelte:3s0Qq5XXXRKbbBb9rHHXE2mVZLnRImYOzivnNNkwm6JPGyEAQFno6PVyyP5BcbmaWI0+NAG78CAzE5IuRmtT+w== Completed in 173ms
npm timing metavuln:calculate:security-advisory:svelte:1113416 Completed in 1495ms
npm timing metavuln:cache:put:security-advisory:svelte:MdOFgwJGjZhlbAZATVNncPAHVdp6q2T7pLpdXLpV+XritW1du25dMvMxVHCU/ssZSy9ZhYrjGL8meVqz2dGe3w== Completed in 144ms
npm timing metavuln:calculate:security-advisory:svelte:1113419 Completed in 1494ms
npm timing reifyNode:node_modules/ts-api-utils Completed in 2293ms
npm timing metavuln:cache:put:security-advisory:svelte:SgU8S6OjNnKvMan5E5tqS+jzFOtQA7nI139BtttrGNMxHl6vI1vnsD0Hw5PmljkWmKVPTmF7gAtNjqW66ewZ7Q== Completed in 137ms
npm timing metavuln:calculate:security-advisory:svelte:1120446 Completed in 1499ms
npm timing metavuln:cache:put:security-advisory:ai:jz9D6dnr305Gq8PRPjEsZxzZT1nwMRsqd9CQr9SvCTkpiUazFNFk9Iih3JaSdOlgGDerG6yNIBk+r5Oc0MrwFw== Completed in 65ms
npm timing metavuln:calculate:security-advisory:ai:1111095 Completed in 1509ms
npm timing reifyNode:node_modules/string.prototype.repeat Completed in 2333ms
npm timing reifyNode:node_modules/string.prototype.trimstart Completed in 2343ms
npm timing reifyNode:node_modules/string.prototype.trimend Completed in 2358ms
npm timing reifyNode:node_modules/style-to-object Completed in 2365ms
npm timing reifyNode:node_modules/strip-ansi Completed in 2388ms
npm timing reifyNode:node_modules/sparse-bitfield Completed in 2395ms
npm timing reifyNode:node_modules/thenify Completed in 2397ms
npm timing reifyNode:node_modules/type-fest Completed in 2398ms
npm timing reifyNode:node_modules/stylis Completed in 2399ms
npm timing reifyNode:node_modules/string-width-cjs Completed in 2399ms
npm timing reifyNode:node_modules/string-width Completed in 2405ms
npm timing reifyNode:node_modules/stop-iteration-iterator Completed in 2408ms
npm timing reifyNode:node_modules/sswr Completed in 2415ms
npm timing reifyNode:node_modules/streamsearch Completed in 2415ms
npm timing reifyNode:node_modules/string.prototype.includes Completed in 2421ms
npm timing reifyNode:node_modules/postcss Completed in 2440ms
npm timing reifyNode:node_modules/string.prototype.trim Completed in 2441ms
npm timing reifyNode:node_modules/string.prototype.matchall Completed in 2447ms
npm timing reifyNode:node_modules/slash Completed in 2500ms
npm timing reifyNode:node_modules/stringify-entities Completed in 2507ms
npm timing reifyNode:node_modules/set-function-name Completed in 2508ms
npm timing reifyNode:node_modules/shebang-regex Completed in 2515ms
npm timing reifyNode:node_modules/@vue/compiler-sfc Completed in 2515ms
npm timing reifyNode:node_modules/styled-jsx Completed in 2520ms
npm timing reifyNode:node_modules/side-channel Completed in 2539ms
npm timing reifyNode:node_modules/vfile Completed in 2543ms
npm warn deprecated rimraf@3.0.2: Rimraf versions prior to v4 are no longer supported
npm timing reifyNode:node_modules/rimraf Completed in 2550ms
npm timing reifyNode:node_modules/set-function-length Completed in 2566ms
npm timing reifyNode:node_modules/source-map-js Completed in 2566ms
npm timing reifyNode:node_modules/swrev Completed in 2573ms
npm timing reifyNode:node_modules/safe-regex-test Completed in 2579ms
npm timing reifyNode:node_modules/secure-json-parse Completed in 2593ms
npm timing reifyNode:node_modules/tailwind-merge Completed in 2601ms
npm timing reifyNode:node_modules/space-separated-tokens Completed in 2604ms
npm timing reifyNode:node_modules/scheduler Completed in 2617ms
npm timing reifyNode:node_modules/yaml Completed in 2625ms
npm timing reifyNode:node_modules/safe-array-concat Completed in 2664ms
npm timing reifyNode:node_modules/reusify Completed in 2668ms
npm timing reifyNode:node_modules/remark-stringify Completed in 2682ms
npm timing reifyNode:node_modules/resolve-pkg-maps Completed in 2689ms
npm timing reifyNode:node_modules/resolve-from Completed in 2701ms
npm timing reifyNode:node_modules/remark-parse Completed in 2704ms
npm timing reifyNode:node_modules/run-parallel Completed in 2705ms
npm timing reifyNode:node_modules/zod Completed in 2709ms
npm timing reifyNode:node_modules/remark-rehype Completed in 2710ms
npm timing reifyNode:node_modules/vue Completed in 2726ms
npm timing reifyNode:node_modules/source-map Completed in 2727ms
npm timing reifyNode:node_modules/remark-github-blockquote-alert Completed in 2730ms
npm timing reifyNode:node_modules/rehype-stringify Completed in 2748ms
npm timing reifyNode:node_modules/remark-gfm Completed in 2755ms
npm timing reifyNode:node_modules/use-sidecar Completed in 2761ms
npm timing reifyNode:node_modules/swrv Completed in 2768ms
npm timing reifyNode:node_modules/uri-js Completed in 2802ms
npm timing reifyNode:node_modules/signal-exit Completed in 2805ms
npm timing reifyNode:node_modules/use-callback-ref Completed in 2821ms
npm timing reifyNode:node_modules/rehype-rewrite Completed in 2825ms
npm timing reifyNode:node_modules/rehype-raw Completed in 2828ms
npm timing reifyNode:node_modules/rehype-slug Completed in 2828ms
npm timing reifyNode:node_modules/rehype-parse Completed in 2841ms
npm timing reifyNode:node_modules/swr Completed in 2858ms
npm timing reifyNode:node_modules/rehype Completed in 2861ms
npm timing reifyNode:node_modules/rehype-autolink-headings Completed in 2868ms
npm timing reifyNode:node_modules/tsconfig-paths Completed in 2889ms
npm timing reifyNode:node_modules/rehype-ignore Completed in 2890ms
npm timing reifyNode:node_modules/shebang-command Completed in 2901ms
npm timing reifyNode:node_modules/rehype-prism-plus Completed in 2903ms
npm timing reifyNode:node_modules/regexp.prototype.flags Completed in 2903ms
npm timing reifyNode:node_modules/rehype-attr Completed in 2912ms
npm timing reifyNode:node_modules/regenerator-runtime Completed in 2929ms
npm timing reifyNode:node_modules/readdirp Completed in 2962ms
npm timing reifyNode:node_modules/uuid Completed in 2977ms
npm timing reifyNode:node_modules/react-markdown Completed in 3066ms
npm timing reifyNode:node_modules/reflect.getprototypeof Completed in 3082ms
npm timing reifyNode:node_modules/queue-microtask Completed in 3099ms
npm timing reifyNode:node_modules/react-is Completed in 3102ms
npm timing reifyNode:node_modules/parse-json/node_modules/type-fest Completed in 3104ms
npm timing reifyNode:node_modules/semver Completed in 3109ms
npm timing reifyNode:node_modules/punycode Completed in 3112ms
npm timing reifyNode:node_modules/react Completed in 3157ms
npm timing reifyNode:node_modules/prop-types Completed in 3174ms
npm timing reifyNode:node_modules/qs Completed in 3176ms
npm timing reifyNode:node_modules/react-remove-scroll-bar Completed in 3217ms
npm timing reifyNode:node_modules/react-style-singleton Completed in 3221ms
npm timing reifyNode:node_modules/postcss-value-parser Completed in 3222ms
npm timing reifyNode:node_modules/prelude-ls Completed in 3224ms
npm timing reifyNode:node_modules/read-cache Completed in 3227ms
npm timing reifyNode:node_modules/postcss-js Completed in 3232ms
npm timing reifyNode:node_modules/react-transition-group Completed in 3238ms
npm timing reifyNode:node_modules/postcss-load-config Completed in 3240ms
npm timing reifyNode:node_modules/possible-typed-array-names Completed in 3247ms
npm timing reifyNode:node_modules/pirates Completed in 3267ms
npm timing reifyNode:node_modules/pify Completed in 3291ms
npm timing reifyNode:node_modules/postcss-nested Completed in 3294ms
npm timing reifyNode:node_modules/picomatch Completed in 3301ms
npm timing reifyNode:node_modules/postcss-import Completed in 3310ms
npm timing reifyNode:node_modules/pathe Completed in 3323ms
npm timing reifyNode:node_modules/property-information Completed in 3329ms
npm timing reifyNode:node_modules/path-key Completed in 3350ms
npm timing reifyNode:node_modules/path-is-absolute Completed in 3370ms
npm timing reifyNode:node_modules/path-parse Completed in 3376ms
npm timing reifyNode:node_modules/parse-numeric-range Completed in 3403ms
npm timing reifyNode:node_modules/postcss-selector-parser Completed in 3403ms
npm timing reifyNode:node_modules/p-locate Completed in 3414ms
npm timing reifyNode:node_modules/resolve Completed in 3439ms
npm timing reifyNode:node_modules/parent-module Completed in 3468ms
npm timing reifyNode:node_modules/path-type Completed in 3480ms
npm timing reifyNode:node_modules/once Completed in 3483ms
npm timing reifyNode:node_modules/zod-to-json-schema Completed in 3485ms
npm timing reifyNode:node_modules/path-exists Completed in 3498ms
npm timing reifyNode:node_modules/react-remove-scroll Completed in 3513ms
npm timing reifyNode:node_modules/path-scurry Completed in 3515ms
npm timing reifyNode:node_modules/optionator Completed in 3543ms
npm timing reifyNode:node_modules/object.values Completed in 3569ms
npm timing reifyNode:node_modules/object-keys Completed in 3577ms
npm timing reifyNode:node_modules/react-dom Completed in 3641ms
npm timing reifyNode:node_modules/object.groupby Completed in 3643ms
npm timing reifyNode:node_modules/object-assign Completed in 3645ms
npm timing reifyNode:node_modules/object-hash Completed in 3647ms
npm timing reifyNode:node_modules/object-is Completed in 3650ms
npm timing reifyNode:node_modules/object.entries Completed in 3656ms
npm timing reifyNode:node_modules/parse-entities Completed in 3656ms
npm timing reifyNode:node_modules/object.fromentries Completed in 3658ms
npm timing reifyNode:node_modules/object.assign Completed in 3661ms
npm timing reifyNode:node_modules/p-limit Completed in 3703ms
npm timing reifyNode:node_modules/object-inspect Completed in 3727ms
npm timing reifyNode:node_modules/not Completed in 3730ms
npm timing reifyNode:node_modules/normalize-path Completed in 3730ms
npm timing reifyNode:node_modules/nth-check Completed in 3746ms
npm timing reifyNode:node_modules/natural-compare Completed in 3772ms
npm timing reifyNode:node_modules/node-fetch Completed in 3780ms
npm timing reifyNode:node_modules/mz Completed in 3798ms
npm timing reifyNode:node_modules/mongodb-connection-string-url Completed in 3821ms
npm timing reifyNode:node_modules/thenify-all Completed in 3845ms
npm timing reifyNode:node_modules/nanoid Completed in 3856ms
npm timing reifyNode:node_modules/minimatch Completed in 3857ms
npm timing reifyNode:node_modules/minimist Completed in 3889ms
npm timing reifyNode:node_modules/node-domexception Completed in 3903ms
npm timing reifyNode:node_modules/parse5 Completed in 3912ms
npm timing reifyNode:node_modules/minipass Completed in 3916ms
npm timing reifyNode:node_modules/mime-types Completed in 3923ms
npm timing reifyNode:node_modules/micromatch Completed in 3932ms
npm timing reifyNode:node_modules/mime-db Completed in 3932ms
npm timing reifyNode:node_modules/micromark-util-html-tag-name Completed in 3972ms
npm timing reifyNode:node_modules/micromark-util-sanitize-uri Completed in 3987ms
npm timing reifyNode:node_modules/micromark-util-resolve-all Completed in 3987ms
npm timing reifyNode:node_modules/micromark-util-normalize-identifier Completed in 3987ms
npm timing reifyNode:node_modules/micromark-util-symbol Completed in 3989ms
npm timing reifyNode:node_modules/micromark-util-types Completed in 3992ms
npm timing reifyNode:node_modules/micromark-util-subtokenize Completed in 4001ms
npm timing reifyNode:node_modules/micromark-util-decode-string Completed in 4007ms
npm timing reifyNode:node_modules/micromark-util-combine-extensions Completed in 4011ms
npm timing reifyNode:node_modules/micromark-util-decode-numeric-character-reference Completed in 4012ms
npm timing reifyNode:node_modules/micromark-util-encode Completed in 4017ms
npm timing reifyNode:node_modules/micromark-util-classify-character Completed in 4066ms
npm timing reifyNode:node_modules/micromark-util-chunked Completed in 4070ms
npm timing reifyNode:node_modules/micromark-util-character Completed in 4104ms
npm timing reifyNode:node_modules/svelte/node_modules/aria-query Completed in 4135ms
npm timing reifyNode:node_modules/micromark-factory-title Completed in 4136ms
npm timing reifyNode:node_modules/micromark-factory-space Completed in 4139ms
npm timing reifyNode:node_modules/micromark-factory-label Completed in 4142ms
npm timing reifyNode:node_modules/micromark-factory-whitespace Completed in 4145ms
npm timing reifyNode:node_modules/micromark-factory-destination Completed in 4160ms
npm timing reifyNode:node_modules/micromark-extension-gfm-task-list-item Completed in 4201ms
npm timing reifyNode:node_modules/micromark-extension-gfm Completed in 4202ms
npm timing reifyNode:node_modules/micromark-extension-gfm-tagfilter Completed in 4207ms
npm timing reifyNode:node_modules/micromark-extension-gfm-strikethrough Completed in 4219ms
npm timing reifyNode:node_modules/micromark-extension-gfm-footnote Completed in 4235ms
npm timing reifyNode:node_modules/sucrase Completed in 4236ms
npm timing reifyNode:node_modules/ms Completed in 4247ms
npm timing reifyNode:node_modules/micromark-extension-gfm-table Completed in 4252ms
npm timing reifyNode:node_modules/micromark-extension-gfm-autolink-literal Completed in 4255ms
npm timing reifyNode:node_modules/mdast-util-to-string Completed in 4310ms
npm timing reifyNode:node_modules/merge2 Completed in 4315ms
npm timing reifyNode:node_modules/memory-pager Completed in 4336ms
npm timing reifyNode:node_modules/mdast-util-mdxjs-esm Completed in 4357ms
npm timing reifyNode:node_modules/mdast-util-phrasing Completed in 4363ms
npm timing reifyNode:node_modules/mdast-util-mdx-jsx Completed in 4366ms
npm timing reifyNode:node_modules/mdast-util-gfm-task-list-item Completed in 4371ms
npm timing reifyNode:node_modules/mdast-util-mdx-expression Completed in 4399ms
npm timing reifyNode:node_modules/mdast-util-gfm-table Completed in 4404ms
npm timing reifyNode:node_modules/mdast-util-gfm-strikethrough Completed in 4409ms
npm timing reifyNode:node_modules/mdast-util-gfm-footnote Completed in 4436ms
npm timing reifyNode:node_modules/tailwindcss Completed in 4447ms
npm timing reifyNode:node_modules/mdast-util-gfm-autolink-literal Completed in 4482ms
npm timing reifyNode:node_modules/mdast-util-gfm Completed in 4494ms
npm timing reifyNode:node_modules/markdown-table Completed in 4494ms
npm timing reifyNode:node_modules/mdast-util-find-and-replace Completed in 4495ms
npm timing reifyNode:node_modules/loose-envify Completed in 4505ms
npm timing reifyNode:node_modules/css-tree Completed in 4507ms
npm timing reifyNode:node_modules/mdast-util-from-markdown Completed in 4518ms
npm timing metavuln:packument:next Completed in 3957ms
npm timing metavuln:load:security-advisory:next:1099638 Completed in 87ms
npm timing metavuln:load:security-advisory:next:1100421 Completed in 113ms
npm timing metavuln:load:security-advisory:next:1117931 Completed in 89ms
npm timing metavuln:load:security-advisory:next:1101438 Completed in 70ms
npm timing metavuln:load:security-advisory:next:1105461 Completed in 71ms
npm timing metavuln:load:security-advisory:next:1111391 Completed in 75ms
npm timing metavuln:load:security-advisory:next:1107226 Completed in 123ms
npm timing metavuln:load:security-advisory:next:1107420 Completed in 90ms
npm timing metavuln:load:security-advisory:next:1107512 Completed in 123ms
npm timing metavuln:load:security-advisory:next:1107513 Completed in 115ms
npm timing metavuln:load:security-advisory:next:1112182 Completed in 61ms
npm timing metavuln:load:security-advisory:next:1108291 Completed in 118ms
npm timing metavuln:load:security-advisory:next:1118942 Completed in 66ms
npm timing metavuln:load:security-advisory:next:1118944 Completed in 108ms
npm timing metavuln:load:security-advisory:next:1118946 Completed in 91ms
npm timing metavuln:load:security-advisory:next:1118948 Completed in 70ms
npm timing metavuln:load:security-advisory:next:1118952 Completed in 122ms
npm timing metavuln:load:security-advisory:next:1118954 Completed in 74ms
npm timing metavuln:load:security-advisory:next:1118958 Completed in 97ms
npm timing metavuln:load:security-advisory:next:1118962 Completed in 103ms
npm timing metavuln:load:security-advisory:next:1112593 Completed in 105ms
npm timing metavuln:load:security-advisory:next:1112653 Completed in 88ms
npm timing metavuln:load:security-advisory:next:1113689 Completed in 64ms
npm timing metavuln:load:security-advisory:next:1114897 Completed in 67ms
npm timing metavuln:load:security-advisory:next:1114940 Completed in 120ms
npm timing metavuln:load:security-advisory:next:1116376 Completed in 79ms
npm timing metavuln:load:security-advisory:next:1124185 Completed in 75ms
npm timing metavuln:load:security-advisory:next:1124172 Completed in 98ms
npm timing metavuln:load:security-advisory:next:1124187 Completed in 66ms
npm timing metavuln:load:security-advisory:next:1124189 Completed in 97ms
npm timing metavuln:load:security-advisory:next:1124191 Completed in 100ms
npm timing metavuln:load:security-advisory:next:1124193 Completed in 83ms
npm timing metavuln:load:security-advisory:next:1124197 Completed in 99ms
npm timing metavuln:load:security-advisory:next:1193677 Completed in 75ms
npm timing metavuln:load:security-advisory:next:1193733 Completed in 115ms
npm timing reifyNode:node_modules/longest-streak Completed in 8001ms
npm timing metavuln:cache:put:security-advisory:next:A9m47VBQvL++V9EsVwBseCbPrOK9xk7oLIzrStyVB02IketEwhGsklFuhL1oaYPUn8YGmhlTxpFhF93K/Wfw5Q== Completed in 3267ms
npm timing metavuln:calculate:security-advisory:next:1099638 Completed in 7311ms
npm timing metavuln:cache:put:security-advisory:next:NpdQYf+4OaOvlNiZgkhHLNCcOTe84gjeay11sdJQ2HSe2hRovddeIJqZfGwiLh+ns7klO1J2oxhVS+ou+h9gmw== Completed in 2990ms
npm timing metavuln:calculate:security-advisory:next:1101438 Completed in 7311ms
npm timing metavuln:cache:put:security-advisory:next:kXDE+ksbJYUI4TFImWPb/49o4hwXXT1nqPUeSTV/SE/IB3qFFazOXmXgn5PPbKkz9ewVGi6qMNNgGfrNX4hqIg== Completed in 2842ms
npm timing metavuln:calculate:security-advisory:next:1111391 Completed in 7311ms
npm timing metavuln:cache:put:security-advisory:next:WQCkHVGQkg6zsfYbmLOI+zBNEYhu4v1g6kXs5vVSFeehybhiXOKxuSPsV71Q4mBoY+gct03Ww794KjXwXHvGWA== Completed in 2718ms
npm timing metavuln:calculate:security-advisory:next:1107226 Completed in 7311ms
npm timing metavuln:cache:put:security-advisory:next:1RRZLAEdZ/XleXHoq279ILkZMiKyW77ZwtE5QzPtyre4x1QWgVmP0i9dSfz4gJebeiXjCYB49g8nOIfNiSjcYQ== Completed in 2626ms
npm timing metavuln:calculate:security-advisory:next:1107420 Completed in 7311ms
npm timing metavuln:cache:put:security-advisory:next:+SMXIcdP7mb700j3lAUXRoUbwPUmDwsGMfkqi8EBxAInsFmBr7fDz7ceH3WCcBFoF44s9qJcAZp3YRfZSyk8qw== Completed in 2502ms
npm timing metavuln:calculate:security-advisory:next:1107512 Completed in 7311ms
npm timing metavuln:cache:put:security-advisory:next:VmINk4sjQ5jqxRvJ2axYcaD3FqreNBMC4jAobfjDjUAn5dOOUzgsn/LLTyEYZvi7HDGR/ppGR9Jxp8UWVvHDIw== Completed in 2386ms
npm timing metavuln:calculate:security-advisory:next:1107513 Completed in 7310ms
npm timing metavuln:cache:put:security-advisory:next:m1juSglhJQv6nr2Qd3fhaBRO3xSWDkIwePr5Y8MKgwiMDtGjVAtSoOHMXp3f9z6nPLepu8CsJK3YosBO7hEskA== Completed in 2325ms
npm timing metavuln:calculate:security-advisory:next:1112182 Completed in 7311ms
npm timing metavuln:cache:put:security-advisory:next:VRq8TIz+ZjPW6hQ8T0wOUvYSO+eDdwertI1rhHbEx2+MnlsYlHSTbstvXQA6lxcqK9z1/S2wl1LkMaE/zyyBqQ== Completed in 2031ms
npm timing metavuln:calculate:security-advisory:next:1118944 Completed in 7311ms
npm timing metavuln:cache:put:security-advisory:next:yUMYj8Dn5FtiQukesvIM6nN+0pF7xT4MTvfwNyG8V2sLOtPxPIrVStVUT2pdeSKG5qq/RTa9T+LiB9o7WZhZKA== Completed in 1939ms
npm timing metavuln:calculate:security-advisory:next:1118946 Completed in 7311ms
npm timing metavuln:cache:put:security-advisory:next:QS567o8JKcXXuwY6XgUM7iN0h1udbMICZ90PR0BPbALyE4LpXJa2pMgZmzYK7JIgCPBOcRocAGRvrI0FNRN1mw== Completed in 1669ms
npm timing metavuln:calculate:security-advisory:next:1118954 Completed in 7311ms
npm timing metavuln:cache:put:security-advisory:next:BPqX8jSKEW35PnDy8r1SGTHQhLIic/IfjienlQq8LFwmauE7Ce5RjzIw5W/PPwSATJecla0O4h/l+qNjjzPUcQ== Completed in 1466ms
npm timing metavuln:calculate:security-advisory:next:1118962 Completed in 7311ms
npm timing metavuln:cache:put:security-advisory:next:unIajp6lhtd8TlnbDyu03O9dAHAdyoPBnRJl7b7wYmHh7QTNefTOT1AH8NOkPJcV47ZUUiH1irG66Xfg+Lfo0g== Completed in 1206ms
npm timing metavuln:calculate:security-advisory:next:1113689 Completed in 7311ms
npm timing metavuln:cache:put:security-advisory:next:ItJZ7qy1iUzxbodxayiejQRfV5cCQvX0fnpMwXLDBxbVruEW2O3qtQbmcGQKdCKBR49CjNmJDt46lWVTov1sQA== Completed in 1360ms
npm timing metavuln:calculate:security-advisory:next:1112593 Completed in 7311ms
npm timing metavuln:cache:put:security-advisory:next:owasql2RGfaRn6gCrEIYc1sLXkl1GuxqJbyX4pwqCr7f/tVRvnWuaIoanwkbKZ9RBWsvTnyiF9QrYyjzAdBqCg== Completed in 1271ms
npm timing metavuln:calculate:security-advisory:next:1112653 Completed in 7311ms
npm timing metavuln:cache:put:security-advisory:next:GCi2VjQ+xIankByzHe4ZXO0Uwx2FJAEb3wwNZc/B4wp4HXVgOhv8Jd02gDZ/z3OGbsWKVMoiRfJ+NReCbZIsqA== Completed in 1017ms
npm timing metavuln:calculate:security-advisory:next:1114940 Completed in 7311ms
npm timing metavuln:cache:put:security-advisory:next:yos6Q/8ldNg4cAnbkKSHOmtu1rp9E1oF5bR0CEDZqA3wIlDCz8yt3pfi32dMl7zQ2lXJzGvCp5zUjdyEnHq0iQ== Completed in 762ms
npm timing metavuln:calculate:security-advisory:next:1124172 Completed in 7310ms
npm timing metavuln:cache:put:security-advisory:next:cZ6OoV2Yic3pKTVKWM708NyiYbU3eZO1UXbYmn0kthDYcmREJe5mE1zcJHSOZi/YbdCxNy+idGHHRzG5idxOrA== Completed in 861ms
npm timing metavuln:calculate:security-advisory:next:1124185 Completed in 7310ms
npm timing metavuln:cache:put:security-advisory:next:fnio781IRK2W7XoS3G7Up6+M5VUvY4zyA/2G+Eju3xGfgF4bCbMLow1HCd16OUURxF7IqHyz6Yo0X2LxXAbeVQ== Completed in 696ms
npm timing metavuln:calculate:security-advisory:next:1124187 Completed in 7311ms
npm timing metavuln:cache:put:security-advisory:next:ezdIQZO7Cc28S3fxmDpZW1cK5d5FOHnm/OuO5tdXzgfM3FtFExNbKkQD7IWliLd4erTD3l6mfyiXiGUWmfc42w== Completed in 495ms
npm timing metavuln:calculate:security-advisory:next:1124191 Completed in 7311ms
npm timing metavuln:cache:put:security-advisory:next:hIOMnj58e6JD7YssvYqqWPbKmGbcOX4279r3BRBdpe6jkiF2DQgG4461MZNJC1Eb6xPZCSPQXC40NqUvq3DOqA== Completed in 411ms
npm timing metavuln:calculate:security-advisory:next:1124193 Completed in 7311ms
npm timing metavuln:cache:put:security-advisory:next:nv2rBRsNyDLLV5ggWzZklWeOI82UHketKRUuE6f7Dw5e+nYBG0c5+UM60D9sYlttfqGH6S1PZck6cr4hM5EG3w== Completed in 235ms
npm timing metavuln:calculate:security-advisory:next:1193677 Completed in 7311ms
npm timing metavuln:cache:put:security-advisory:next:0lMSV7d/KDMx7fptosIHMFw8GdGsFcTsiX3MLM9HVoau8oy472GdqZGTwmxXKKglh+IxWYWrNMgIt/FS6dy52w== Completed in 311ms
npm timing metavuln:calculate:security-advisory:next:1124197 Completed in 7311ms
npm timing reifyNode:node_modules/lodash.merge Completed in 8107ms
npm timing reifyNode:node_modules/micromark Completed in 8110ms
npm timing metavuln:cache:put:security-advisory:next:d2hMvT1neRk1OILN6KsQ2L4sjWpIe19WxzSQJivjdzJVb/hhXgpN5SXMC++Yae4yKIQkpUsP465F2rfLyKo4PA== Completed in 3164ms
npm timing metavuln:calculate:security-advisory:next:1100421 Completed in 7322ms
npm timing metavuln:cache:put:security-advisory:next:vuHRAt/BWP+uFUF464Kr/XSRYkeSqfN5BDmhcIb/NC1N1+svfuQ2l2f3I8OAbkQ/mG7ykLMzXkmvGEUPm2u2Qw== Completed in 3072ms
npm timing metavuln:calculate:security-advisory:next:1117931 Completed in 7323ms
npm timing metavuln:cache:put:security-advisory:next:WrVaG6WkSvpCYPPQKNUv2SLuXz5XL9xKn9KHPtqw/Y+V4JFUbfvGu7iPZR/4d1/dHzlII2csAkP3UXbKSPpZTA== Completed in 2930ms
npm timing metavuln:calculate:security-advisory:next:1105461 Completed in 7323ms
npm timing metavuln:cache:put:security-advisory:next:3YEnowU0F/efIZFkDoFxQZjNq2qcmakBCRjEbrgPcrnqNOUxoJgvhg+PrXGQZbW/4yvsmMJX4gbpxuAhPD8bvg== Completed in 2218ms
npm timing metavuln:calculate:security-advisory:next:1108291 Completed in 7322ms
npm timing metavuln:cache:put:security-advisory:next:DZYkKghCBsNDjTsBZNBEXyRREeg7p+okX/wID7N5vkHCP0YEApmDVowtEZM/R2oPjVif2+FMpky58BcndZaeVw== Completed in 2151ms
npm timing metavuln:calculate:security-advisory:next:1118942 Completed in 7322ms
npm timing metavuln:cache:put:security-advisory:next:DjRros6yRdbdMY1erdbppMnNz8Rmm2kj4blzhPIWdXeKoCHONkBZ5vVD4sP1pYEEvfI65YV96+RIqLpMSsquWw== Completed in 1755ms
npm timing metavuln:calculate:security-advisory:next:1118952 Completed in 7322ms
npm timing metavuln:cache:put:security-advisory:next:ZLUG2HrRQ82YKcCmqQseWvnIlwyr8cZtjKOAKVosnHoYP8HjWF1EuSjurwrvNDBZyCjJrVDZK3B+SIULeNAVPw== Completed in 1582ms
npm timing metavuln:calculate:security-advisory:next:1118958 Completed in 7322ms
npm timing metavuln:cache:put:security-advisory:next:xzdJmsYdvRh0EQkDGL0AyVFiSXnitWj2NAhYTh3IKGb+bmS+UTMQEFlAApq2S61UaSRojDWI97pB3MQWhXaqtQ== Completed in 1879ms
npm timing metavuln:calculate:security-advisory:next:1118948 Completed in 7322ms
npm timing metavuln:cache:put:security-advisory:next:3TA4O3EmeHOziCX4u9l4IBFBAPxWeQGxoijidoX+ldET6YKxjUcLFRhQVFM5X6vREfhCEhSA9T7d5fKHVz2CcA== Completed in 1149ms
npm timing metavuln:calculate:security-advisory:next:1114897 Completed in 7322ms
npm timing metavuln:cache:put:security-advisory:next:946AF1QwAU4SXAd5aWKfhcmAGKxGvL49GMSiWwQAiLOdZGEKvKq1QQ8g5sAdE0gZU2B8U3brIPjWf7FHy89HAg== Completed in 607ms
npm timing metavuln:calculate:security-advisory:next:1124189 Completed in 7321ms
npm timing reifyNode:node_modules/lines-and-columns Completed in 8111ms
npm timing reifyNode:node_modules/lilconfig Completed in 8111ms
npm timing reifyNode:node_modules/levn Completed in 8112ms
npm timing metavuln:cache:put:security-advisory:next:usPEHPdWuyjsh+HI2+rwEPUzXWKe09mdbdIIFpG2O1Zd2medsdvkN5wwKHxOzkpfm2FC7E54Nx/sY33UEU3C1Q== Completed in 951ms
npm timing metavuln:calculate:security-advisory:next:1116376 Completed in 7324ms
npm timing reifyNode:node_modules/locate-path Completed in 8115ms
npm timing metavuln:cache:put:security-advisory:next:7Gm25JCrbDejm3fVWTBiQaOTb5IjvtYhe6UUqrVfnyuSIwLt70Ur6MOdmTGi5ifeqdlXHcopu4tkvtTV7PaE6A== Completed in 135ms
npm timing metavuln:calculate:security-advisory:next:1193733 Completed in 7327ms
npm timing metavuln:cache:get:security-advisory:@ai-sdk/openai:kZPCvgYMNoWQCClAp/2LR4L/ETr5y6ebiZwerYCMbtOIdVXTkjL/RV/QUA7XLC7AT6UvccJ26ju0JdJYwNazFw== Completed in 5ms
npm timing metavuln:cache:get:security-advisory:@ai-sdk/react:Vgliitjn8bPUxWSIIUlyQGGBHf8jgxBBS/6HFmq9MtYFTsCOHMxtatrUx7EaOZux9Z0IU9Vsx0kXwYy81qYcyQ== Completed in 4ms
npm timing metavuln:cache:get:security-advisory:@ai-sdk/solid:zK8QENTfgafMurKsn7iSeOS3GmunlYEM9BUDCLgHNFAgy9thPqR66H8ah2Wpaor5kWRiO0kANNl/AYRX0vCBJA== Completed in 4ms
npm timing metavuln:cache:get:security-advisory:@ai-sdk/svelte:pozyn/Bvdnagv8o5Ybyqv3KvonNPUtiYZ5RrX7SBjt/4Frdt3CsgBEmTnTD97Z1v7vOia5+HZyemiL4HKcAWXA== Completed in 3ms
npm timing metavuln:cache:get:security-advisory:@ai-sdk/ui-utils:rPDVduQTJn9a8Xu2PNgwf4LP5utXoEfJhuA+/QYFPsTn9UzCQo+0E91NwxIublVtLxUj/rzMJjrcpCkwTmyCRQ== Completed in 3ms
npm timing metavuln:cache:get:security-advisory:@ai-sdk/vue:h/cReNv3jSdWVlsQ/prreTqkvOFvbAj2YC/cVGgFyXi1FPTmrnqK5T9YDsmP4gFijH41wNI8zAmaC4HEudOqPg== Completed in 3ms
npm timing metavuln:cache:get:security-advisory:ai:3mJOyQKMD5LTcBMp1vsiwjW2NRuUVGImJKmcXtOMPIu2XJ9KSRiysrPfzukv5nfrIbmx5y/RwexichsFMR2Lkw== Completed in 3ms
npm timing metavuln:load:security-advisory:ai:Ul9KFseB2tOIN1MDrvKXYgswUT8/7E04jrfk1CULo1gm3PxzYce/4sYV2Ljgg4GMg1YdyPCXh5zxOzmwrnQ/vQ== Completed in 177ms
npm timing reifyNode:node_modules/keyv Completed in 8338ms
npm timing reifyNode:node_modules/js-tokens Completed in 8340ms
npm timing reifyNode:node_modules/jsesc Completed in 8340ms
npm timing reifyNode:node_modules/json-schema Completed in 8342ms
npm timing reifyNode:node_modules/language-tags Completed in 8343ms
npm timing reifyNode:node_modules/json-schema-traverse Completed in 8347ms
npm timing reifyNode:node_modules/json-buffer Completed in 8353ms
npm timing metavuln:cache:put:security-advisory:ai:3mJOyQKMD5LTcBMp1vsiwjW2NRuUVGImJKmcXtOMPIu2XJ9KSRiysrPfzukv5nfrIbmx5y/RwexichsFMR2Lkw== Completed in 57ms
npm timing metavuln:calculate:security-advisory:ai:Ul9KFseB2tOIN1MDrvKXYgswUT8/7E04jrfk1CULo1gm3PxzYce/4sYV2Ljgg4GMg1YdyPCXh5zxOzmwrnQ/vQ== Completed in 237ms
npm timing reifyNode:node_modules/json5 Completed in 8375ms
npm timing reifyNode:node_modules/json-stable-stringify-without-jsonify Completed in 8378ms
npm timing metavuln:packument:@ai-sdk/ui-utils Completed in 263ms
npm timing metavuln:load:security-advisory:@ai-sdk/ui-utils:Ul9KFseB2tOIN1MDrvKXYgswUT8/7E04jrfk1CULo1gm3PxzYce/4sYV2Ljgg4GMg1YdyPCXh5zxOzmwrnQ/vQ== Completed in 4ms
npm timing metavuln:cache:put:security-advisory:@ai-sdk/ui-utils:rPDVduQTJn9a8Xu2PNgwf4LP5utXoEfJhuA+/QYFPsTn9UzCQo+0E91NwxIublVtLxUj/rzMJjrcpCkwTmyCRQ== Completed in 63ms
npm timing metavuln:calculate:security-advisory:@ai-sdk/ui-utils:Ul9KFseB2tOIN1MDrvKXYgswUT8/7E04jrfk1CULo1gm3PxzYce/4sYV2Ljgg4GMg1YdyPCXh5zxOzmwrnQ/vQ== Completed in 330ms
npm timing reifyNode:node_modules/isarray Completed in 8454ms
npm timing reifyNode:node_modules/iterator.prototype Completed in 8464ms
npm timing reifyNode:node_modules/is-weakref Completed in 8465ms
npm timing reifyNode:node_modules/isexe Completed in 8465ms
npm timing reifyNode:node_modules/is-regex Completed in 8465ms
npm timing reifyNode:node_modules/is-string Completed in 8468ms
npm timing reifyNode:node_modules/is-path-inside Completed in 8468ms
npm timing reifyNode:node_modules/is-weakmap Completed in 8470ms
npm timing reifyNode:node_modules/is-symbol Completed in 8470ms
npm timing reifyNode:node_modules/is-weakset Completed in 8472ms
npm timing reifyNode:node_modules/is-typed-array Completed in 8473ms
npm timing reifyNode:node_modules/is-set Completed in 8474ms
npm timing metavuln:packument:@ai-sdk/solid Completed in 369ms
npm timing metavuln:load:security-advisory:@ai-sdk/solid:Ul9KFseB2tOIN1MDrvKXYgswUT8/7E04jrfk1CULo1gm3PxzYce/4sYV2Ljgg4GMg1YdyPCXh5zxOzmwrnQ/vQ== Completed in 1ms
npm timing reifyNode:node_modules/is-shared-array-buffer Completed in 8514ms
npm timing metavuln:packument:@ai-sdk/openai Completed in 403ms
npm timing metavuln:load:security-advisory:@ai-sdk/openai:Ul9KFseB2tOIN1MDrvKXYgswUT8/7E04jrfk1CULo1gm3PxzYce/4sYV2Ljgg4GMg1YdyPCXh5zxOzmwrnQ/vQ== Completed in 24ms
npm timing metavuln:cache:put:security-advisory:@ai-sdk/solid:zK8QENTfgafMurKsn7iSeOS3GmunlYEM9BUDCLgHNFAgy9thPqR66H8ah2Wpaor5kWRiO0kANNl/AYRX0vCBJA== Completed in 112ms
npm timing metavuln:calculate:security-advisory:@ai-sdk/solid:Ul9KFseB2tOIN1MDrvKXYgswUT8/7E04jrfk1CULo1gm3PxzYce/4sYV2Ljgg4GMg1YdyPCXh5zxOzmwrnQ/vQ== Completed in 482ms
npm timing metavuln:cache:put:security-advisory:@ai-sdk/openai:kZPCvgYMNoWQCClAp/2LR4L/ETr5y6ebiZwerYCMbtOIdVXTkjL/RV/QUA7XLC7AT6UvccJ26ju0JdJYwNazFw== Completed in 79ms
npm timing metavuln:calculate:security-advisory:@ai-sdk/openai:Ul9KFseB2tOIN1MDrvKXYgswUT8/7E04jrfk1CULo1gm3PxzYce/4sYV2Ljgg4GMg1YdyPCXh5zxOzmwrnQ/vQ== Completed in 507ms
npm timing reifyNode:node_modules/mdast-util-to-hast Completed in 8628ms
npm timing reifyNode:node_modules/is-plain-obj Completed in 8628ms
npm timing reifyNode:node_modules/is-decimal Completed in 8631ms
npm timing reifyNode:node_modules/is-glob Completed in 8631ms
npm timing reifyNode:node_modules/is-hexadecimal Completed in 8636ms
npm timing reifyNode:node_modules/is-number-object Completed in 8638ms
npm timing reifyNode:node_modules/is-fullwidth-code-point Completed in 8638ms
npm timing reifyNode:node_modules/is-extglob Completed in 8638ms
npm timing reifyNode:node_modules/is-number Completed in 8639ms
npm timing reifyNode:node_modules/is-negative-zero Completed in 8639ms
npm timing reifyNode:node_modules/is-date-object Completed in 8639ms
npm timing reifyNode:node_modules/is-finalizationregistry Completed in 8641ms
npm timing reifyNode:node_modules/is-map Completed in 8644ms
npm timing reifyNode:node_modules/is-generator-function Completed in 8650ms
npm timing reifyNode:node_modules/is-core-module Completed in 8658ms
npm timing reifyNode:node_modules/is-data-view Completed in 8666ms
npm timing reifyNode:node_modules/lru-cache Completed in 8697ms
npm timing reifyNode:node_modules/js-yaml Completed in 8734ms
npm timing metavuln:packument:@ai-sdk/svelte Completed in 624ms
npm timing metavuln:load:security-advisory:@ai-sdk/svelte:Ul9KFseB2tOIN1MDrvKXYgswUT8/7E04jrfk1CULo1gm3PxzYce/4sYV2Ljgg4GMg1YdyPCXh5zxOzmwrnQ/vQ== Completed in 26ms
npm timing metavuln:packument:@ai-sdk/react Completed in 674ms
npm timing metavuln:load:security-advisory:@ai-sdk/react:Ul9KFseB2tOIN1MDrvKXYgswUT8/7E04jrfk1CULo1gm3PxzYce/4sYV2Ljgg4GMg1YdyPCXh5zxOzmwrnQ/vQ== Completed in 26ms
npm timing metavuln:packument:@ai-sdk/vue Completed in 718ms
npm timing metavuln:load:security-advisory:@ai-sdk/vue:Ul9KFseB2tOIN1MDrvKXYgswUT8/7E04jrfk1CULo1gm3PxzYce/4sYV2Ljgg4GMg1YdyPCXh5zxOzmwrnQ/vQ== Completed in 28ms
npm timing reifyNode:node_modules/jackspeak Completed in 8886ms
npm timing reifyNode:node_modules/language-subtag-registry Completed in 8900ms
npm timing reifyNode:node_modules/invariant Completed in 8909ms
npm timing reifyNode:node_modules/is-alphabetical Completed in 8910ms
npm warn deprecated inflight@1.0.6: This module is not supported, and leaks memory. Do not use it. Check out lru-cache if you want a good and tested way to coalesce async requests by a key value, which is much more comprehensive and powerful.
npm timing reifyNode:node_modules/inflight Completed in 8912ms
npm timing reifyNode:node_modules/is-binary-path Completed in 8912ms
npm timing metavuln:cache:put:security-advisory:@ai-sdk/svelte:pozyn/Bvdnagv8o5Ybyqv3KvonNPUtiYZ5RrX7SBjt/4Frdt3CsgBEmTnTD97Z1v7vOia5+HZyemiL4HKcAWXA== Completed in 144ms
npm timing metavuln:calculate:security-advisory:@ai-sdk/svelte:Ul9KFseB2tOIN1MDrvKXYgswUT8/7E04jrfk1CULo1gm3PxzYce/4sYV2Ljgg4GMg1YdyPCXh5zxOzmwrnQ/vQ== Completed in 795ms
npm timing reifyNode:node_modules/is-alphanumerical Completed in 8913ms
npm timing reifyNode:node_modules/is-boolean-object Completed in 8914ms
npm timing reifyNode:node_modules/is-arguments Completed in 8915ms
npm timing reifyNode:node_modules/is-callable Completed in 8915ms
npm timing reifyNode:node_modules/is-async-function Completed in 8915ms
npm timing metavuln:cache:put:security-advisory:@ai-sdk/react:Vgliitjn8bPUxWSIIUlyQGGBHf8jgxBBS/6HFmq9MtYFTsCOHMxtatrUx7EaOZux9Z0IU9Vsx0kXwYy81qYcyQ== Completed in 97ms
npm timing metavuln:calculate:security-advisory:@ai-sdk/react:Ul9KFseB2tOIN1MDrvKXYgswUT8/7E04jrfk1CULo1gm3PxzYce/4sYV2Ljgg4GMg1YdyPCXh5zxOzmwrnQ/vQ== Completed in 797ms
npm timing reifyNode:node_modules/internal-slot Completed in 8918ms
npm timing metavuln:cache:put:security-advisory:@ai-sdk/vue:h/cReNv3jSdWVlsQ/prreTqkvOFvbAj2YC/cVGgFyXi1FPTmrnqK5T9YDsmP4gFijH41wNI8zAmaC4HEudOqPg== Completed in 53ms
npm timing metavuln:calculate:security-advisory:@ai-sdk/vue:Ul9KFseB2tOIN1MDrvKXYgswUT8/7E04jrfk1CULo1gm3PxzYce/4sYV2Ljgg4GMg1YdyPCXh5zxOzmwrnQ/vQ== Completed in 799ms
npm timing reifyNode:node_modules/is-array-buffer Completed in 8924ms
npm timing metavuln:cache:get:security-advisory:@emotion/babel-plugin:tNtxtxKix4+DjQX2QQhZ+jMvJtgjv2XSixLuo0yiPnIi91MBuhVvpnszo3l73c5g3SAWCAqh7BC0srJ4VVERPQ== Completed in 6ms
npm timing metavuln:cache:get:security-advisory:@emotion/react:ZdXVddISPlzaJZiWc/GCcz94z2j0XpZ5c9n9cNarzB+UBfir4sH5JhGRmOdIDKEdhXfi/BG5Bok2+ueGvoqwkw== Completed in 6ms
npm timing metavuln:cache:get:security-advisory:@emotion/styled:hq/QGA6Mexnx/cBInoPC8xSYLZGAri9ZWviJfwyCUmWdL8zG8Rt9Kbdi3q6LgZt80nFjYRMODHLMkcezE8WikQ== Completed in 6ms
npm timing metavuln:cache:get:security-advisory:@mui/base:P7ESC9OYntUuPUdLGNZtNWrsEQQTztyNNWJlLLMi+kQr2e7py/7CSNPeWlTrGRPDHtzEjE5dUVAtAqnFSgaJ3w== Completed in 6ms
npm timing metavuln:cache:get:security-advisory:@mui/joy:mQjW1gLc2RnnHjsgmGjtcWNIZGgswtvxXf41vOUeLyJqAAgDEDTYbstgKY2GBXe3w76kceVXm4M2eB/TIm62zQ== Completed in 5ms
npm timing metavuln:cache:get:security-advisory:@mui/lab:1EQq39ARVnP0txHb9cStg+MWiApMldGnpwKrP5rYkcNwLTplUSQ6xzNiioncvr1kln/Hk8aKNGzHeO+EiIOxHA== Completed in 5ms
npm timing metavuln:cache:get:security-advisory:@mui/material:IRTf6NmI7wPA4srhcFeAof8uNuqwOXjOx4c7ISdH8xjLgfErn+VOmAevQQL/IlVo8mAGxZLdmMRaxnphSVaLiw== Completed in 5ms
npm timing metavuln:cache:get:security-advisory:@mui/private-theming:Z5Tq2MJFJczzBa5qsgq1W8hQzP9knw+vGcWWS8/0fgTtjtKfGhH7E+jm2uvmpNt3xn8I/36efVQR38/+ZrxubQ== Completed in 5ms
npm timing metavuln:cache:get:security-advisory:@mui/styled-engine:zJIouMzRYR5SP5UxtC3ZvJ1oe3IfksTWr+uPcfYsbUcH6BzfEqkV2sxGnNk6tonV9KI/y3WPF0Kw+ze5I3ZKgA== Completed in 4ms
npm timing metavuln:cache:get:security-advisory:@mui/system:/AbZq8OHsVuBs8IVLfDL57gqiqOziFVkUrpOxNndq3p4rzV/58reEZds1x0j6lRCs5VFAlWidmSqXfKrBPqVqQ== Completed in 4ms
npm timing metavuln:cache:get:security-advisory:@mui/utils:p92dPHwlgRCvBU4wOeQheEPUyrKkXfEj1uWwn+ZYUYYhfYlU20GiXZv1bwG6S9lMhaIrZdARFnpFHd3CLhmKYg== Completed in 4ms
npm timing metavuln:cache:get:security-advisory:@uiw/react-markdown-preview:8wC0MOw49sfVf+HM53tOTQd1U/DzSYmhPMflecCkvGvfsocOmsfq5SqBBxBXOy8ZzSRHTtNolM3UGzZDQgbvMA== Completed in 4ms
npm timing metavuln:cache:get:security-advisory:@uiw/react-md-editor:Xe4EH4NdIRJdjMr2s56XwYWHPIczGSCrI75UpqrNxBE+IKsP+UshOjNW0xgLJCHNjJBUN9Yl1+ucn1NjxFjK4Q== Completed in 4ms
npm timing metavuln:cache:get:security-advisory:babel-plugin-macros:qMU0jgQ65yCw0xqb1eeXQJqmxfcDQZpCgagbQjMA1rzvHi2SocDwBVraMUaLvxm5ErNpgfcN7RUImhRHd+W8yQ== Completed in 3ms
npm timing metavuln:cache:get:security-advisory:dom-helpers:OalrlRrlGClSGrWLL6bTK59q75ScYANWEs7NWSHvOIukOryJBKq1x3x0qmXJzJUMmuFDKscN+zgSROrbML2Jpw== Completed in 3ms
npm timing metavuln:cache:get:security-advisory:react-transition-group:4xoT4Ph9YulQZSMskaMyyPYsjB6rBemwuXPTvTASffS4/4jrNRbGzxNt5isdR923lM000bpRrKW3rlr6X+mRLA== Completed in 3ms
npm timing reifyNode:node_modules/is-bun-module Completed in 8931ms
npm timing reifyNode:node_modules/inline-style-parser Completed in 8933ms
npm timing reifyNode:node_modules/inherits Completed in 8933ms
npm timing reifyNode:node_modules/is-bigint Completed in 8937ms
npm timing reifyNode:node_modules/ignore Completed in 9009ms
npm timing reifyNode:node_modules/humanize-ms Completed in 9023ms
npm timing reifyNode:node_modules/hast-util-to-string Completed in 9024ms
npm timing reifyNode:node_modules/html-void-elements Completed in 9024ms
npm timing reifyNode:node_modules/import-fresh Completed in 9027ms
npm timing reifyNode:node_modules/imurmurhash Completed in 9032ms
npm timing reifyNode:node_modules/hast-util-whitespace Completed in 9032ms
npm timing metavuln:packument:babel-plugin-macros Completed in 113ms
npm timing metavuln:load:security-advisory:babel-plugin-macros:xDaNmlS3J8LRk7IfDb7e9Gp3gcy/xDr1QZXCKC997SMkqKVemm2guY9vQpRI6omD11L5cfCI+STpoAdxUgnVsA== Completed in 2ms
npm timing reifyNode:node_modules/hast-util-to-parse5 Completed in 9039ms
npm timing metavuln:packument:dom-helpers Completed in 118ms
npm timing metavuln:load:security-advisory:dom-helpers:xDaNmlS3J8LRk7IfDb7e9Gp3gcy/xDr1QZXCKC997SMkqKVemm2guY9vQpRI6omD11L5cfCI+STpoAdxUgnVsA== Completed in 2ms
npm timing metavuln:packument:@emotion/babel-plugin Completed in 124ms
npm timing metavuln:load:security-advisory:@emotion/babel-plugin:xDaNmlS3J8LRk7IfDb7e9Gp3gcy/xDr1QZXCKC997SMkqKVemm2guY9vQpRI6omD11L5cfCI+STpoAdxUgnVsA== Completed in 1ms
npm timing reifyNode:node_modules/jsondiffpatch Completed in 9046ms
npm timing metavuln:packument:@emotion/react Completed in 129ms
npm timing metavuln:load:security-advisory:@emotion/react:xDaNmlS3J8LRk7IfDb7e9Gp3gcy/xDr1QZXCKC997SMkqKVemm2guY9vQpRI6omD11L5cfCI+STpoAdxUgnVsA== Completed in 0ms
npm timing reifyNode:node_modules/hoist-non-react-statics Completed in 9055ms
npm timing reifyNode:node_modules/hast-util-to-jsx-runtime Completed in 9069ms
npm timing metavuln:packument:react-transition-group Completed in 151ms
npm timing metavuln:load:security-advisory:react-transition-group:xDaNmlS3J8LRk7IfDb7e9Gp3gcy/xDr1QZXCKC997SMkqKVemm2guY9vQpRI6omD11L5cfCI+STpoAdxUgnVsA== Completed in 1ms
npm timing reifyNode:node_modules/jiti Completed in 9076ms
npm timing metavuln:packument:@mui/utils Completed in 162ms
npm timing metavuln:load:security-advisory:@mui/utils:xDaNmlS3J8LRk7IfDb7e9Gp3gcy/xDr1QZXCKC997SMkqKVemm2guY9vQpRI6omD11L5cfCI+STpoAdxUgnVsA== Completed in 16ms
npm timing metavuln:packument:@emotion/styled Completed in 181ms
npm timing metavuln:load:security-advisory:@emotion/styled:xDaNmlS3J8LRk7IfDb7e9Gp3gcy/xDr1QZXCKC997SMkqKVemm2guY9vQpRI6omD11L5cfCI+STpoAdxUgnVsA== Completed in 1ms
npm timing metavuln:packument:@mui/styled-engine Completed in 183ms
npm timing metavuln:load:security-advisory:@mui/styled-engine:xDaNmlS3J8LRk7IfDb7e9Gp3gcy/xDr1QZXCKC997SMkqKVemm2guY9vQpRI6omD11L5cfCI+STpoAdxUgnVsA== Completed in 2ms
npm timing metavuln:packument:@mui/private-theming Completed in 188ms
npm timing metavuln:load:security-advisory:@mui/private-theming:xDaNmlS3J8LRk7IfDb7e9Gp3gcy/xDr1QZXCKC997SMkqKVemm2guY9vQpRI6omD11L5cfCI+STpoAdxUgnVsA== Completed in 1ms
npm timing metavuln:packument:@mui/base Completed in 197ms
npm timing metavuln:load:security-advisory:@mui/base:xDaNmlS3J8LRk7IfDb7e9Gp3gcy/xDr1QZXCKC997SMkqKVemm2guY9vQpRI6omD11L5cfCI+STpoAdxUgnVsA== Completed in 2ms
npm timing metavuln:cache:put:security-advisory:dom-helpers:OalrlRrlGClSGrWLL6bTK59q75ScYANWEs7NWSHvOIukOryJBKq1x3x0qmXJzJUMmuFDKscN+zgSROrbML2Jpw== Completed in 82ms
npm timing metavuln:calculate:security-advisory:dom-helpers:xDaNmlS3J8LRk7IfDb7e9Gp3gcy/xDr1QZXCKC997SMkqKVemm2guY9vQpRI6omD11L5cfCI+STpoAdxUgnVsA== Completed in 202ms
npm timing metavuln:cache:put:security-advisory:@emotion/react:ZdXVddISPlzaJZiWc/GCcz94z2j0XpZ5c9n9cNarzB+UBfir4sH5JhGRmOdIDKEdhXfi/BG5Bok2+ueGvoqwkw== Completed in 80ms
npm timing metavuln:calculate:security-advisory:@emotion/react:xDaNmlS3J8LRk7IfDb7e9Gp3gcy/xDr1QZXCKC997SMkqKVemm2guY9vQpRI6omD11L5cfCI+STpoAdxUgnVsA== Completed in 209ms
npm timing metavuln:cache:put:security-advisory:babel-plugin-macros:qMU0jgQ65yCw0xqb1eeXQJqmxfcDQZpCgagbQjMA1rzvHi2SocDwBVraMUaLvxm5ErNpgfcN7RUImhRHd+W8yQ== Completed in 91ms
npm timing metavuln:calculate:security-advisory:babel-plugin-macros:xDaNmlS3J8LRk7IfDb7e9Gp3gcy/xDr1QZXCKC997SMkqKVemm2guY9vQpRI6omD11L5cfCI+STpoAdxUgnVsA== Completed in 206ms
npm timing metavuln:packument:@uiw/react-markdown-preview Completed in 209ms
npm timing metavuln:load:security-advisory:@uiw/react-markdown-preview:xDaNmlS3J8LRk7IfDb7e9Gp3gcy/xDr1QZXCKC997SMkqKVemm2guY9vQpRI6omD11L5cfCI+STpoAdxUgnVsA== Completed in 3ms
npm timing metavuln:packument:@mui/joy Completed in 218ms
npm timing metavuln:load:security-advisory:@mui/joy:xDaNmlS3J8LRk7IfDb7e9Gp3gcy/xDr1QZXCKC997SMkqKVemm2guY9vQpRI6omD11L5cfCI+STpoAdxUgnVsA== Completed in 2ms
npm timing metavuln:cache:put:security-advisory:@emotion/babel-plugin:tNtxtxKix4+DjQX2QQhZ+jMvJtgjv2XSixLuo0yiPnIi91MBuhVvpnszo3l73c5g3SAWCAqh7BC0srJ4VVERPQ== Completed in 98ms
npm timing metavuln:calculate:security-advisory:@emotion/babel-plugin:xDaNmlS3J8LRk7IfDb7e9Gp3gcy/xDr1QZXCKC997SMkqKVemm2guY9vQpRI6omD11L5cfCI+STpoAdxUgnVsA== Completed in 223ms
npm timing reifyNode:node_modules/hast-util-raw Completed in 9147ms
npm timing metavuln:cache:put:security-advisory:react-transition-group:4xoT4Ph9YulQZSMskaMyyPYsjB6rBemwuXPTvTASffS4/4jrNRbGzxNt5isdR923lM000bpRrKW3rlr6X+mRLA== Completed in 91ms
npm timing metavuln:calculate:security-advisory:react-transition-group:xDaNmlS3J8LRk7IfDb7e9Gp3gcy/xDr1QZXCKC997SMkqKVemm2guY9vQpRI6omD11L5cfCI+STpoAdxUgnVsA== Completed in 243ms
npm timing metavuln:packument:@mui/system Completed in 246ms
npm timing metavuln:load:security-advisory:@mui/system:xDaNmlS3J8LRk7IfDb7e9Gp3gcy/xDr1QZXCKC997SMkqKVemm2guY9vQpRI6omD11L5cfCI+STpoAdxUgnVsA== Completed in 2ms
npm timing metavuln:packument:@mui/lab Completed in 254ms
npm timing metavuln:load:security-advisory:@mui/lab:xDaNmlS3J8LRk7IfDb7e9Gp3gcy/xDr1QZXCKC997SMkqKVemm2guY9vQpRI6omD11L5cfCI+STpoAdxUgnVsA== Completed in 4ms
npm timing reifyNode:node_modules/mdast-util-to-markdown Completed in 9193ms
npm timing metavuln:cache:put:security-advisory:@mui/utils:p92dPHwlgRCvBU4wOeQheEPUyrKkXfEj1uWwn+ZYUYYhfYlU20GiXZv1bwG6S9lMhaIrZdARFnpFHd3CLhmKYg== Completed in 95ms
npm timing metavuln:calculate:security-advisory:@mui/utils:xDaNmlS3J8LRk7IfDb7e9Gp3gcy/xDr1QZXCKC997SMkqKVemm2guY9vQpRI6omD11L5cfCI+STpoAdxUgnVsA== Completed in 273ms
npm timing metavuln:cache:put:security-advisory:@emotion/styled:hq/QGA6Mexnx/cBInoPC8xSYLZGAri9ZWviJfwyCUmWdL8zG8Rt9Kbdi3q6LgZt80nFjYRMODHLMkcezE8WikQ== Completed in 93ms
npm timing metavuln:calculate:security-advisory:@emotion/styled:xDaNmlS3J8LRk7IfDb7e9Gp3gcy/xDr1QZXCKC997SMkqKVemm2guY9vQpRI6omD11L5cfCI+STpoAdxUgnVsA== Completed in 275ms
npm timing metavuln:cache:put:security-advisory:@mui/styled-engine:zJIouMzRYR5SP5UxtC3ZvJ1oe3IfksTWr+uPcfYsbUcH6BzfEqkV2sxGnNk6tonV9KI/y3WPF0Kw+ze5I3ZKgA== Completed in 91ms
npm timing metavuln:calculate:security-advisory:@mui/styled-engine:xDaNmlS3J8LRk7IfDb7e9Gp3gcy/xDr1QZXCKC997SMkqKVemm2guY9vQpRI6omD11L5cfCI+STpoAdxUgnVsA== Completed in 276ms
npm timing metavuln:packument:@uiw/react-md-editor Completed in 282ms
npm timing metavuln:load:security-advisory:@uiw/react-md-editor:xDaNmlS3J8LRk7IfDb7e9Gp3gcy/xDr1QZXCKC997SMkqKVemm2guY9vQpRI6omD11L5cfCI+STpoAdxUgnVsA== Completed in 2ms
npm timing metavuln:cache:put:security-advisory:@mui/private-theming:Z5Tq2MJFJczzBa5qsgq1W8hQzP9knw+vGcWWS8/0fgTtjtKfGhH7E+jm2uvmpNt3xn8I/36efVQR38/+ZrxubQ== Completed in 97ms
npm timing metavuln:calculate:security-advisory:@mui/private-theming:xDaNmlS3J8LRk7IfDb7e9Gp3gcy/xDr1QZXCKC997SMkqKVemm2guY9vQpRI6omD11L5cfCI+STpoAdxUgnVsA== Completed in 286ms
npm timing metavuln:cache:put:security-advisory:@mui/base:P7ESC9OYntUuPUdLGNZtNWrsEQQTztyNNWJlLLMi+kQr2e7py/7CSNPeWlTrGRPDHtzEjE5dUVAtAqnFSgaJ3w== Completed in 88ms
npm timing metavuln:calculate:security-advisory:@mui/base:xDaNmlS3J8LRk7IfDb7e9Gp3gcy/xDr1QZXCKC997SMkqKVemm2guY9vQpRI6omD11L5cfCI+STpoAdxUgnVsA== Completed in 287ms
npm timing reifyNode:node_modules/hast-util-parse-selector Completed in 9209ms
npm timing reifyNode:node_modules/has-property-descriptors Completed in 9211ms
npm timing reifyNode:node_modules/hast-util-heading-rank Completed in 9212ms
npm timing metavuln:cache:put:security-advisory:@uiw/react-markdown-preview:8wC0MOw49sfVf+HM53tOTQd1U/DzSYmhPMflecCkvGvfsocOmsfq5SqBBxBXOy8ZzSRHTtNolM3UGzZDQgbvMA== Completed in 80ms
npm timing metavuln:calculate:security-advisory:@uiw/react-markdown-preview:xDaNmlS3J8LRk7IfDb7e9Gp3gcy/xDr1QZXCKC997SMkqKVemm2guY9vQpRI6omD11L5cfCI+STpoAdxUgnVsA== Completed in 292ms
npm timing reifyNode:node_modules/hasown Completed in 9214ms
npm timing metavuln:cache:put:security-advisory:@mui/joy:mQjW1gLc2RnnHjsgmGjtcWNIZGgswtvxXf41vOUeLyJqAAgDEDTYbstgKY2GBXe3w76kceVXm4M2eB/TIm62zQ== Completed in 75ms
npm timing metavuln:calculate:security-advisory:@mui/joy:xDaNmlS3J8LRk7IfDb7e9Gp3gcy/xDr1QZXCKC997SMkqKVemm2guY9vQpRI6omD11L5cfCI+STpoAdxUgnVsA== Completed in 295ms
npm timing reifyNode:node_modules/hast-util-from-parse5 Completed in 9216ms
npm timing reifyNode:node_modules/has-flag Completed in 9216ms
npm timing reifyNode:node_modules/html-url-attributes Completed in 9221ms
npm timing reifyNode:node_modules/has-proto Completed in 9222ms
npm timing metavuln:packument:@mui/material Completed in 306ms
npm timing metavuln:load:security-advisory:@mui/material:xDaNmlS3J8LRk7IfDb7e9Gp3gcy/xDr1QZXCKC997SMkqKVemm2guY9vQpRI6omD11L5cfCI+STpoAdxUgnVsA== Completed in 2ms
npm timing metavuln:cache:put:security-advisory:@mui/lab:1EQq39ARVnP0txHb9cStg+MWiApMldGnpwKrP5rYkcNwLTplUSQ6xzNiioncvr1kln/Hk8aKNGzHeO+EiIOxHA== Completed in 62ms
npm timing metavuln:calculate:security-advisory:@mui/lab:xDaNmlS3J8LRk7IfDb7e9Gp3gcy/xDr1QZXCKC997SMkqKVemm2guY9vQpRI6omD11L5cfCI+STpoAdxUgnVsA== Completed in 321ms
npm timing metavuln:cache:put:security-advisory:@mui/system:/AbZq8OHsVuBs8IVLfDL57gqiqOziFVkUrpOxNndq3p4rzV/58reEZds1x0j6lRCs5VFAlWidmSqXfKrBPqVqQ== Completed in 72ms
npm timing metavuln:calculate:security-advisory:@mui/system:xDaNmlS3J8LRk7IfDb7e9Gp3gcy/xDr1QZXCKC997SMkqKVemm2guY9vQpRI6omD11L5cfCI+STpoAdxUgnVsA== Completed in 320ms
npm timing reifyNode:node_modules/hast-util-has-property Completed in 9244ms
npm timing reifyNode:node_modules/typescript Completed in 9247ms
npm timing reifyNode:node_modules/hastscript Completed in 9245ms
npm timing reifyNode:node_modules/hast-util-is-element Completed in 9248ms
npm timing metavuln:cache:put:security-advisory:@uiw/react-md-editor:Xe4EH4NdIRJdjMr2s56XwYWHPIczGSCrI75UpqrNxBE+IKsP+UshOjNW0xgLJCHNjJBUN9Yl1+ucn1NjxFjK4Q== Completed in 49ms
npm timing metavuln:calculate:security-advisory:@uiw/react-md-editor:xDaNmlS3J8LRk7IfDb7e9Gp3gcy/xDr1QZXCKC997SMkqKVemm2guY9vQpRI6omD11L5cfCI+STpoAdxUgnVsA== Completed in 333ms
npm timing reifyNode:node_modules/has-symbols Completed in 9255ms
npm timing reifyNode:node_modules/has-tostringtag Completed in 9256ms
npm timing metavuln:cache:put:security-advisory:@mui/material:IRTf6NmI7wPA4srhcFeAof8uNuqwOXjOx4c7ISdH8xjLgfErn+VOmAevQQL/IlVo8mAGxZLdmMRaxnphSVaLiw== Completed in 33ms
npm timing metavuln:calculate:security-advisory:@mui/material:xDaNmlS3J8LRk7IfDb7e9Gp3gcy/xDr1QZXCKC997SMkqKVemm2guY9vQpRI6omD11L5cfCI+STpoAdxUgnVsA== Completed in 341ms
npm timing reifyNode:node_modules/hast-util-from-html Completed in 9264ms
npm timing metavuln:cache:get:security-advisory:minimatch:EdzP79sukXfwnaTxyFO/a1+fXPBBvIH9NlsgWGTGWGSpQkNPxYQxFaMxiKCAwfckwBABbsvD1jCrk+QZ4W56Rw== Completed in 2ms
npm timing metavuln:load:security-advisory:minimatch:7IQMvcVTr+svbh5KCx4Kl6FQKJ1GciM03BnJAve/5WYJjUeRzKAIrStVpfachbl3T6a7o8nYlQEVG6Ih0TNXRg== Completed in 2ms
npm timing reifyNode:node_modules/has-bigints Completed in 9274ms
npm timing reifyNode:node_modules/graceful-fs Completed in 9287ms
npm timing metavuln:cache:put:security-advisory:minimatch:EdzP79sukXfwnaTxyFO/a1+fXPBBvIH9NlsgWGTGWGSpQkNPxYQxFaMxiKCAwfckwBABbsvD1jCrk+QZ4W56Rw== Completed in 27ms
npm timing metavuln:calculate:security-advisory:minimatch:7IQMvcVTr+svbh5KCx4Kl6FQKJ1GciM03BnJAve/5WYJjUeRzKAIrStVpfachbl3T6a7o8nYlQEVG6Ih0TNXRg== Completed in 32ms
npm timing metavuln:cache:get:security-advisory:minimatch:47aVejY8/1KnEnFlTo+uF90a7w1XvtOjMP1i7DvyX4+jxy/wlG4RjX1rMW+bmptQMpL8TSkcMyWTMH7gxl9Fpg== Completed in 1ms
npm timing metavuln:load:security-advisory:minimatch:mClmYqWawCNXseeTBHWiIwZH/2CmFUqPCmosJIeOhAgD9z1v3SayhHAwaWVo8wmeKU/JN9VP4zDBeXaqy3Ay2A== Completed in 1ms
npm timing reifyNode:node_modules/hast-util-select Completed in 9296ms
npm timing reifyNode:node_modules/glob-parent Completed in 9323ms
npm timing metavuln:cache:put:security-advisory:minimatch:47aVejY8/1KnEnFlTo+uF90a7w1XvtOjMP1i7DvyX4+jxy/wlG4RjX1rMW+bmptQMpL8TSkcMyWTMH7gxl9Fpg== Completed in 28ms
npm timing metavuln:calculate:security-advisory:minimatch:mClmYqWawCNXseeTBHWiIwZH/2CmFUqPCmosJIeOhAgD9z1v3SayhHAwaWVo8wmeKU/JN9VP4zDBeXaqy3Ay2A== Completed in 30ms
npm timing metavuln:cache:get:security-advisory:@eslint/eslintrc:ekjU9xvLMIGZ60VAS3cJiXhpLVygLLVhrX5j5gbU96muSnaowg56B//Z2ieRbqnSyEhXO09OAWrrIfGViIVogQ== Completed in 4ms
npm timing metavuln:cache:get:security-advisory:@humanwhocodes/config-array:Tk7QyZJ/5FJIVNFvkr1kqYAW2HdFmlGmqor9USZiENZhVXh0kmlTve1snlA6YKmRt6Vc/ua7GMSY9wOQLaXfEQ== Completed in 5ms
npm timing metavuln:cache:get:security-advisory:eslint:ev5azc2U50vUYTqLo2/jaU7l8ps6Yvlqzkyp5OLr37QKqPK3+eCnjR+sureWWgBbnj1subBH7GupBmACDEZ2Mw== Completed in 4ms
npm timing metavuln:cache:get:security-advisory:eslint-plugin-import:8kV5Y/kp5eDWHoCxaxP2GpSM+URcZdaiGzBLqLCUL1aFnqNJYOG1MA8HRImPYwbeSnjoD4UdCemYrgpPgqe0nQ== Completed in 4ms
npm timing metavuln:cache:get:security-advisory:eslint-plugin-jsx-a11y:RtgHjCgVzpv029UPVeGeA/VS7k3WzTUYqb/paVAiHY2UEeEu/m77je8ENYSBlIadj27r2b50iAFdfzYLCnL4qw== Completed in 4ms
npm timing metavuln:cache:get:security-advisory:eslint-plugin-react:ASpc1+KToSyZ7evZYtShB6v7xJLg5tKSOSOILhUSqa3j444Rajec2TGD8vjtOZknBlH2V0wlB2kiBJoAUgLxaQ== Completed in 4ms
npm timing metavuln:cache:get:security-advisory:glob:SiaR+x876RZ4PrtFfgITl2I3eRZNkCbXOr2JdOKzsfFOqrFtyoEMmqMabD5D9LbuunJXr2ioG0JXsVQhURvrcw== Completed in 3ms
npm timing metavuln:load:security-advisory:glob:V/3cIcyAQcG1bwuH0e0PI9Qt5WRtbvb/WOz2mBxAfNzXf+Dvs9G1X05eHjnPq2b0TJY4zXXpqhCAkRAipgk3iQ== Completed in 6ms
npm timing reifyNode:node_modules/gopd Completed in 9371ms
npm timing reifyNode:node_modules/globby Completed in 9374ms
npm timing reifyNode:node_modules/globals Completed in 9374ms
npm timing reifyNode:node_modules/micromark-core-commonmark Completed in 9385ms
npm timing metavuln:cache:put:security-advisory:glob:SiaR+x876RZ4PrtFfgITl2I3eRZNkCbXOr2JdOKzsfFOqrFtyoEMmqMabD5D9LbuunJXr2ioG0JXsVQhURvrcw== Completed in 62ms
npm timing metavuln:calculate:security-advisory:glob:V/3cIcyAQcG1bwuH0e0PI9Qt5WRtbvb/WOz2mBxAfNzXf+Dvs9G1X05eHjnPq2b0TJY4zXXpqhCAkRAipgk3iQ== Completed in 71ms
npm timing reifyNode:node_modules/get-symbol-description Completed in 9400ms
npm timing reifyNode:node_modules/functions-have-names Completed in 9404ms
npm timing reifyNode:node_modules/github-slugger Completed in 9405ms
npm timing reifyNode:node_modules/get-intrinsic Completed in 9408ms
npm timing reifyNode:node_modules/get-nonce Completed in 9412ms
npm timing reifyNode:node_modules/get-tsconfig Completed in 9418ms
npm timing metavuln:packument:eslint-plugin-jsx-a11y Completed in 97ms
npm timing metavuln:load:security-advisory:eslint-plugin-jsx-a11y:V/3cIcyAQcG1bwuH0e0PI9Qt5WRtbvb/WOz2mBxAfNzXf+Dvs9G1X05eHjnPq2b0TJY4zXXpqhCAkRAipgk3iQ== Completed in 1ms
npm timing metavuln:packument:@humanwhocodes/config-array Completed in 104ms
npm timing metavuln:load:security-advisory:@humanwhocodes/config-array:V/3cIcyAQcG1bwuH0e0PI9Qt5WRtbvb/WOz2mBxAfNzXf+Dvs9G1X05eHjnPq2b0TJY4zXXpqhCAkRAipgk3iQ== Completed in 1ms
npm timing reifyNode:node_modules/fs.realpath Completed in 9432ms
npm timing metavuln:packument:@eslint/eslintrc Completed in 112ms
npm timing metavuln:load:security-advisory:@eslint/eslintrc:V/3cIcyAQcG1bwuH0e0PI9Qt5WRtbvb/WOz2mBxAfNzXf+Dvs9G1X05eHjnPq2b0TJY4zXXpqhCAkRAipgk3iQ== Completed in 0ms
npm timing metavuln:packument:eslint-plugin-import Completed in 116ms
npm timing metavuln:load:security-advisory:eslint-plugin-import:V/3cIcyAQcG1bwuH0e0PI9Qt5WRtbvb/WOz2mBxAfNzXf+Dvs9G1X05eHjnPq2b0TJY4zXXpqhCAkRAipgk3iQ== Completed in 1ms
npm timing metavuln:cache:put:security-advisory:eslint-plugin-jsx-a11y:RtgHjCgVzpv029UPVeGeA/VS7k3WzTUYqb/paVAiHY2UEeEu/m77je8ENYSBlIadj27r2b50iAFdfzYLCnL4qw== Completed in 36ms
npm timing metavuln:calculate:security-advisory:eslint-plugin-jsx-a11y:V/3cIcyAQcG1bwuH0e0PI9Qt5WRtbvb/WOz2mBxAfNzXf+Dvs9G1X05eHjnPq2b0TJY4zXXpqhCAkRAipgk3iQ== Completed in 134ms
npm timing metavuln:cache:put:security-advisory:@humanwhocodes/config-array:Tk7QyZJ/5FJIVNFvkr1kqYAW2HdFmlGmqor9USZiENZhVXh0kmlTve1snlA6YKmRt6Vc/ua7GMSY9wOQLaXfEQ== Completed in 38ms
npm timing metavuln:calculate:security-advisory:@humanwhocodes/config-array:V/3cIcyAQcG1bwuH0e0PI9Qt5WRtbvb/WOz2mBxAfNzXf+Dvs9G1X05eHjnPq2b0TJY4zXXpqhCAkRAipgk3iQ== Completed in 143ms
npm timing metavuln:packument:eslint-plugin-react Completed in 149ms
npm timing metavuln:load:security-advisory:eslint-plugin-react:V/3cIcyAQcG1bwuH0e0PI9Qt5WRtbvb/WOz2mBxAfNzXf+Dvs9G1X05eHjnPq2b0TJY4zXXpqhCAkRAipgk3iQ== Completed in 1ms
npm timing metavuln:cache:put:security-advisory:@eslint/eslintrc:ekjU9xvLMIGZ60VAS3cJiXhpLVygLLVhrX5j5gbU96muSnaowg56B//Z2ieRbqnSyEhXO09OAWrrIfGViIVogQ== Completed in 47ms
npm timing metavuln:calculate:security-advisory:@eslint/eslintrc:V/3cIcyAQcG1bwuH0e0PI9Qt5WRtbvb/WOz2mBxAfNzXf+Dvs9G1X05eHjnPq2b0TJY4zXXpqhCAkRAipgk3iQ== Completed in 159ms
npm timing metavuln:cache:put:security-advisory:eslint-plugin-import:8kV5Y/kp5eDWHoCxaxP2GpSM+URcZdaiGzBLqLCUL1aFnqNJYOG1MA8HRImPYwbeSnjoD4UdCemYrgpPgqe0nQ== Completed in 41ms
npm timing metavuln:calculate:security-advisory:eslint-plugin-import:V/3cIcyAQcG1bwuH0e0PI9Qt5WRtbvb/WOz2mBxAfNzXf+Dvs9G1X05eHjnPq2b0TJY4zXXpqhCAkRAipgk3iQ== Completed in 158ms
npm timing reifyNode:node_modules/function-bind Completed in 9508ms
npm timing metavuln:cache:put:security-advisory:eslint-plugin-react:ASpc1+KToSyZ7evZYtShB6v7xJLg5tKSOSOILhUSqa3j444Rajec2TGD8vjtOZknBlH2V0wlB2kiBJoAUgLxaQ== Completed in 39ms
npm timing metavuln:calculate:security-advisory:eslint-plugin-react:V/3cIcyAQcG1bwuH0e0PI9Qt5WRtbvb/WOz2mBxAfNzXf+Dvs9G1X05eHjnPq2b0TJY4zXXpqhCAkRAipgk3iQ== Completed in 189ms
npm timing reifyNode:node_modules/for-each Completed in 9522ms
npm timing reifyNode:node_modules/find-up Completed in 9538ms
npm timing reifyNode:node_modules/form-data Completed in 9547ms
npm timing reifyNode:node_modules/hast-util-to-html Completed in 9553ms
npm timing reifyNode:node_modules/find-root Completed in 9557ms
npm timing reifyNode:node_modules/function.prototype.name Completed in 9562ms
npm timing reifyNode:node_modules/file-entry-cache Completed in 9564ms
npm timing reifyNode:node_modules/flat-cache Completed in 9564ms
npm timing reifyNode:node_modules/fill-range Completed in 9566ms
npm timing reifyNode:node_modules/graphemer Completed in 9575ms
npm timing metavuln:packument:eslint Completed in 279ms
npm timing metavuln:load:security-advisory:eslint:V/3cIcyAQcG1bwuH0e0PI9Qt5WRtbvb/WOz2mBxAfNzXf+Dvs9G1X05eHjnPq2b0TJY4zXXpqhCAkRAipgk3iQ== Completed in 5ms
npm timing reifyNode:node_modules/fast-levenshtein Completed in 9619ms
npm timing reifyNode:node_modules/flatted Completed in 9620ms
npm timing metavuln:cache:put:security-advisory:eslint:ev5azc2U50vUYTqLo2/jaU7l8ps6Yvlqzkyp5OLr37QKqPK3+eCnjR+sureWWgBbnj1subBH7GupBmACDEZ2Mw== Completed in 26ms
npm timing metavuln:calculate:security-advisory:eslint:V/3cIcyAQcG1bwuH0e0PI9Qt5WRtbvb/WOz2mBxAfNzXf+Dvs9G1X05eHjnPq2b0TJY4zXXpqhCAkRAipgk3iQ== Completed in 310ms
npm timing metavuln:cache:get:security-advisory:@typescript-eslint/typescript-estree:Nhz0xCqWvb+VTRICJQC30ctuIxO4zAgpLCHbzLpRCtzo4N+xQCBfztfMr8ZGv8tb05mMcK6mvwg0cRuca1jQ8Q== Completed in 1ms
npm timing metavuln:cache:get:security-advisory:glob:2gIChGnRwWJwoiDYphyLHqddJdZn+GRoNVbvpZ1vkwu0FmPASo3fUYL/YAIcdH4PhvoZ7didmLmcNsz6RTrveQ== Completed in 1ms
npm timing metavuln:load:security-advisory:glob:B00WbbnnDNaFGA7l9BgrTioYpRMzU4+U8SUF8cn65LwArJAK0O380QwyP/UyxPr7i9XUjX9/AADC41/edu9OrA== Completed in 4ms
npm timing metavuln:cache:put:security-advisory:glob:2gIChGnRwWJwoiDYphyLHqddJdZn+GRoNVbvpZ1vkwu0FmPASo3fUYL/YAIcdH4PhvoZ7didmLmcNsz6RTrveQ== Completed in 27ms
npm timing metavuln:calculate:security-advisory:glob:B00WbbnnDNaFGA7l9BgrTioYpRMzU4+U8SUF8cn65LwArJAK0O380QwyP/UyxPr7i9XUjX9/AADC41/edu9OrA== Completed in 32ms
npm timing reifyNode:node_modules/fast-json-stable-stringify Completed in 9693ms
npm timing reifyNode:node_modules/jsonrepair Completed in 9694ms
npm timing reifyNode:node_modules/fast-deep-equal Completed in 9705ms
npm timing reifyNode:node_modules/fastq Completed in 9708ms
npm timing reifyNode:node_modules/estree-util-is-identifier-name Completed in 9732ms
npm timing reifyNode:node_modules/event-target-shim Completed in 9741ms
npm timing reifyNode:node_modules/estraverse Completed in 9742ms
npm timing reifyNode:node_modules/esrecurse Completed in 9756ms
npm timing reifyNode:node_modules/eslint-visitor-keys Completed in 9764ms
npm timing reifyNode:node_modules/extend Completed in 9790ms
npm timing reifyNode:node_modules/espree Completed in 9813ms
npm timing reifyNode:node_modules/jsx-ast-utils Completed in 9850ms
npm timing reifyNode:node_modules/eventsource-parser Completed in 9850ms
npm timing reifyNode:node_modules/foreground-child Completed in 9862ms
npm timing reifyNode:node_modules/eslint-scope Completed in 9869ms
npm timing reifyNode:node_modules/formdata-node Completed in 9879ms
npm timing reifyNode:node_modules/eslint-import-resolver-node Completed in 9898ms
npm timing reifyNode:node_modules/form-data-encoder Completed in 9898ms
npm timing reifyNode:node_modules/eslint-config-next Completed in 9902ms
npm timing reifyNode:node_modules/esutils Completed in 9918ms
npm timing reifyNode:node_modules/escape-string-regexp Completed in 9923ms
npm timing reifyNode:node_modules/eslint-module-utils Completed in 9938ms
npm timing reifyNode:node_modules/es-shim-unscopables Completed in 9956ms
npm timing reifyNode:node_modules/esquery Completed in 9958ms
npm timing reifyNode:node_modules/globalthis Completed in 9960ms
npm timing reifyNode:node_modules/eslint-plugin-react-hooks Completed in 9972ms
npm timing reifyNode:node_modules/es-to-primitive Completed in 9973ms
npm timing reifyNode:node_modules/eslint-import-resolver-typescript Completed in 9977ms
npm timing reifyNode:node_modules/es-object-atoms Completed in 9995ms
npm timing reifyNode:node_modules/es-set-tostringtag Completed in 10002ms
npm timing reifyNode:node_modules/refractor Completed in 10016ms
npm timing reifyNode:node_modules/glob Completed in 10050ms
npm timing reifyNode:node_modules/svelte Completed in 10053ms
npm timing reifyNode:node_modules/es-define-property Completed in 10058ms
npm timing reifyNode:node_modules/es-errors Completed in 10065ms
npm timing reifyNode:node_modules/es-get-iterator Completed in 10068ms
npm timing reifyNode:node_modules/eastasianwidth Completed in 10097ms
npm timing reifyNode:node_modules/dotenv Completed in 10122ms
npm timing reifyNode:node_modules/diff-match-patch Completed in 10131ms
npm timing reifyNode:node_modules/emoji-regex Completed in 10133ms
npm timing reifyNode:node_modules/doctrine Completed in 10133ms
npm timing reifyNode:node_modules/dir-glob Completed in 10166ms
npm timing reifyNode:node_modules/fast-glob Completed in 10169ms
npm timing reifyNode:node_modules/detect-node-es Completed in 10202ms
npm timing reifyNode:node_modules/didyoumean Completed in 10209ms
npm timing reifyNode:node_modules/devlop Completed in 10224ms
npm timing reifyNode:node_modules/direction Completed in 10224ms
npm timing reifyNode:node_modules/delayed-stream Completed in 10232ms
npm timing reifyNode:node_modules/dequal Completed in 10235ms
npm timing reifyNode:node_modules/deep-is Completed in 10265ms
npm timing reifyNode:node_modules/define-properties Completed in 10275ms
npm timing reifyNode:node_modules/debug Completed in 10287ms
npm timing reifyNode:node_modules/deep-equal Completed in 10291ms
npm timing reifyNode:node_modules/enhanced-resolve Completed in 10293ms
npm timing reifyNode:node_modules/decode-named-character-reference Completed in 10296ms
npm timing reifyNode:node_modules/data-view-byte-length Completed in 10301ms
npm timing reifyNode:node_modules/define-data-property Completed in 10310ms
npm timing reifyNode:node_modules/data-view-byte-offset Completed in 10314ms
npm timing reifyNode:node_modules/data-view-buffer Completed in 10330ms
npm timing reifyNode:node_modules/es-iterator-helpers Completed in 10341ms
npm timing reifyNode:node_modules/damerau-levenshtein Completed in 10375ms
npm timing reifyNode:node_modules/cssesc Completed in 10400ms
npm timing reifyNode:node_modules/commander Completed in 10450ms
npm timing reifyNode:node_modules/concat-map Completed in 10451ms
npm timing reifyNode:node_modules/comma-separated-tokens Completed in 10461ms
npm timing reifyNode:node_modules/dlv Completed in 10483ms
npm timing reifyNode:node_modules/entities Completed in 10492ms
npm timing reifyNode:node_modules/color-convert Completed in 10497ms
npm timing reifyNode:node_modules/convert-source-map Completed in 10498ms
npm timing reifyNode:node_modules/color-name Completed in 10504ms
npm timing reifyNode:node_modules/cross-spawn Completed in 10517ms
npm timing reifyNode:node_modules/clsx Completed in 10523ms
npm timing reifyNode:node_modules/client-only Completed in 10541ms
npm timing reifyNode:node_modules/csstype Completed in 10543ms
npm timing reifyNode:node_modules/character-reference-invalid Completed in 10578ms
npm timing reifyNode:node_modules/class-variance-authority Completed in 10604ms
npm timing reifyNode:node_modules/character-entities-legacy Completed in 10654ms
npm timing reifyNode:node_modules/character-entities Completed in 10656ms
npm timing reifyNode:node_modules/chalk Completed in 10658ms
npm timing reifyNode:node_modules/camelcase-css Completed in 10665ms
npm timing reifyNode:node_modules/chokidar Completed in 10668ms
npm timing reifyNode:node_modules/ccount Completed in 10671ms
npm timing reifyNode:node_modules/character-entities-html4 Completed in 10673ms
npm timing metavuln:packument:@typescript-eslint/typescript-estree Completed in 1102ms
npm timing metavuln:load:security-advisory:@typescript-eslint/typescript-estree:B00WbbnnDNaFGA7l9BgrTioYpRMzU4+U8SUF8cn65LwArJAK0O380QwyP/UyxPr7i9XUjX9/AADC41/edu9OrA== Completed in 118ms
npm timing reifyNode:node_modules/css-selector-parser Completed in 10883ms
npm timing reifyNode:node_modules/combined-stream Completed in 10904ms
npm timing reifyNode:node_modules/callsites Completed in 10909ms
npm timing metavuln:cache:put:security-advisory:@typescript-eslint/typescript-estree:Nhz0xCqWvb+VTRICJQC30ctuIxO4zAgpLCHbzLpRCtzo4N+xQCBfztfMr8ZGv8tb05mMcK6mvwg0cRuca1jQ8Q== Completed in 54ms
npm timing metavuln:calculate:security-advisory:@typescript-eslint/typescript-estree:B00WbbnnDNaFGA7l9BgrTioYpRMzU4+U8SUF8cn65LwArJAK0O380QwyP/UyxPr7i9XUjX9/AADC41/edu9OrA== Completed in 1276ms
npm timing metavuln:cache:get:security-advisory:@eslint/eslintrc:aTNWJFSkw5DS4SB2nZgnaAFFdAXCgYakUu7Vnu0VAj0AclpVyjznKIgNeS8Irm+NcHSORmoypttmDbChxemxqA== Completed in 2ms
npm timing metavuln:load:security-advisory:@eslint/eslintrc:u4HOZ0QFYFTDLqnZ5TPSC8VEvP+HMuGcZACJuTqG8bm/gunrgkQwsiiH2pbF9tNIl45RK0sW2ccPzEojb1k0xQ== Completed in 2ms
npm timing metavuln:cache:get:security-advisory:eslint:6kRX7Aokk76Jx6XoOHiMSU8BTR90SQMK5AZjmt7HFdN87a8DFzzjuJwsTWoA1xHp5ATdta4R7ud3Xw2YczLZlA== Completed in 4ms
npm timing metavuln:load:security-advisory:eslint:u4HOZ0QFYFTDLqnZ5TPSC8VEvP+HMuGcZACJuTqG8bm/gunrgkQwsiiH2pbF9tNIl45RK0sW2ccPzEojb1k0xQ== Completed in 12ms
npm timing reifyNode:node_modules/brace-expansion Completed in 10952ms
npm timing reifyNode:node_modules/binary-extensions Completed in 10952ms
npm timing reifyNode:node_modules/braces Completed in 11011ms
npm timing metavuln:cache:put:security-advisory:@eslint/eslintrc:aTNWJFSkw5DS4SB2nZgnaAFFdAXCgYakUu7Vnu0VAj0AclpVyjznKIgNeS8Irm+NcHSORmoypttmDbChxemxqA== Completed in 78ms
npm timing metavuln:calculate:security-advisory:@eslint/eslintrc:u4HOZ0QFYFTDLqnZ5TPSC8VEvP+HMuGcZACJuTqG8bm/gunrgkQwsiiH2pbF9tNIl45RK0sW2ccPzEojb1k0xQ== Completed in 82ms
npm timing metavuln:cache:put:security-advisory:eslint:6kRX7Aokk76Jx6XoOHiMSU8BTR90SQMK5AZjmt7HFdN87a8DFzzjuJwsTWoA1xHp5ATdta4R7ud3Xw2YczLZlA== Completed in 66ms
npm timing metavuln:calculate:security-advisory:eslint:u4HOZ0QFYFTDLqnZ5TPSC8VEvP+HMuGcZACJuTqG8bm/gunrgkQwsiiH2pbF9tNIl45RK0sW2ccPzEojb1k0xQ== Completed in 82ms
npm timing reifyNode:node_modules/bcp-47-match Completed in 11018ms
npm timing reifyNode:node_modules/balanced-match Completed in 11018ms
npm timing metavuln:cache:get:security-advisory:eslint:Ne/yNy0L08mqT6jqvFBG8ZHWrqAHuxGdNEOgZtub3Su4R2LUTaqbxpX8S30zZ7tis85Jmwxbqft0hpk4j9A12Q== Completed in 5ms
npm timing metavuln:load:security-advisory:eslint:PBcc/5P1UEO/1Ba/jUNR65wOzs1wU0Y+m+OOSfB57dG5EajzjbqRMRm0l7MWqcJgHDYM5GoZ36Hm7qAYFlIH3A== Completed in 3ms
npm timing metavuln:cache:get:security-advisory:foreground-child:cZpBeVkHEpw8jHC+EKy88Laxrd1ur7RE5Fx7lVjtRJXjrwMFQVN00FKtYlT+IVZhQkq/19Fig8voVSYNZLEz1A== Completed in 9ms
npm timing reifyNode:node_modules/babel-plugin-macros Completed in 11026ms
npm timing reifyNode:node_modules/boolbase Completed in 11026ms
npm timing reifyNode:node_modules/bail Completed in 11029ms
npm timing reifyNode:node_modules/ast-types-flow Completed in 11036ms
npm timing reifyNode:node_modules/available-typed-arrays Completed in 11036ms
npm timing reifyNode:node_modules/best-effort-json-parser Completed in 11048ms
npm timing reifyNode:node_modules/array.prototype.flat Completed in 11062ms
npm timing reifyNode:node_modules/arraybuffer.prototype.slice Completed in 11066ms
npm timing reifyNode:node_modules/array.prototype.tosorted Completed in 11065ms
npm timing metavuln:cache:put:security-advisory:eslint:Ne/yNy0L08mqT6jqvFBG8ZHWrqAHuxGdNEOgZtub3Su4R2LUTaqbxpX8S30zZ7tis85Jmwxbqft0hpk4j9A12Q== Completed in 45ms
npm timing metavuln:calculate:security-advisory:eslint:PBcc/5P1UEO/1Ba/jUNR65wOzs1wU0Y+m+OOSfB57dG5EajzjbqRMRm0l7MWqcJgHDYM5GoZ36Hm7qAYFlIH3A== Completed in 53ms
npm timing metavuln:packument:foreground-child Completed in 67ms
npm timing metavuln:load:security-advisory:foreground-child:PBcc/5P1UEO/1Ba/jUNR65wOzs1wU0Y+m+OOSfB57dG5EajzjbqRMRm0l7MWqcJgHDYM5GoZ36Hm7qAYFlIH3A== Completed in 1ms
npm timing reifyNode:node_modules/asynckit Completed in 11098ms
npm timing reifyNode:node_modules/busboy Completed in 11107ms
npm timing metavuln:cache:put:security-advisory:foreground-child:cZpBeVkHEpw8jHC+EKy88Laxrd1ur7RE5Fx7lVjtRJXjrwMFQVN00FKtYlT+IVZhQkq/19Fig8voVSYNZLEz1A== Completed in 37ms
npm timing metavuln:calculate:security-advisory:foreground-child:PBcc/5P1UEO/1Ba/jUNR65wOzs1wU0Y+m+OOSfB57dG5EajzjbqRMRm0l7MWqcJgHDYM5GoZ36Hm7qAYFlIH3A== Completed in 105ms
npm timing metavuln:cache:get:security-advisory:flat-cache:JhiW4rt37xHiozZ7KHa24qUwDKaqeEmfEKkkfEIx/3FvJpogNevZOLgbh2yXpecOg6mIB2Ykrg7bF88g6uOdtQ== Completed in 5ms
npm timing reifyNode:node_modules/arg Completed in 11154ms
npm timing reifyNode:node_modules/array-buffer-byte-length Completed in 11161ms
npm timing reifyNode:node_modules/anymatch Completed in 11168ms
npm timing reifyNode:node_modules/array-union Completed in 11173ms
npm timing reifyNode:node_modules/ansi-regex Completed in 11177ms
npm timing reifyNode:node_modules/array.prototype.flatmap Completed in 11188ms
npm timing reifyNode:node_modules/ansi-styles Completed in 11196ms
npm timing metavuln:packument:flat-cache Completed in 76ms
npm timing metavuln:load:security-advisory:flat-cache:oa7V2KnuHnLCPcrXFvcQLRAa1NASGJm9yZ+B92xpfwxan7PZyVrZjYAHt6LB51PFfA2mM8KGE+VHR+U5X/2uZw== Completed in 1ms
npm timing reifyNode:node_modules/argparse Completed in 11200ms
npm timing reifyNode:node_modules/array.prototype.findlastindex Completed in 11206ms
npm timing reifyNode:node_modules/array.prototype.findlast Completed in 11209ms
npm timing reifyNode:node_modules/aria-hidden Completed in 11216ms
npm timing metavuln:cache:put:security-advisory:flat-cache:JhiW4rt37xHiozZ7KHa24qUwDKaqeEmfEKkkfEIx/3FvJpogNevZOLgbh2yXpecOg6mIB2Ykrg7bF88g6uOdtQ== Completed in 30ms
npm timing metavuln:calculate:security-advisory:flat-cache:oa7V2KnuHnLCPcrXFvcQLRAa1NASGJm9yZ+B92xpfwxan7PZyVrZjYAHt6LB51PFfA2mM8KGE+VHR+U5X/2uZw== Completed in 108ms
npm timing metavuln:cache:get:security-advisory:@types/node-fetch:jx+w+9StBIpF8t4cBGTxZbYPJsxyYvumwVA7bXPxtF2ZUyciq2yBofsWpPSIGOuDp2aj3LhI2tJZxqEyMq5lJA== Completed in 1ms
npm timing reifyNode:node_modules/array-includes Completed in 11232ms
npm timing reifyNode:node_modules/cosmiconfig Completed in 11246ms
npm timing reifyNode:node_modules/eslint-plugin-import Completed in 11254ms
npm timing reifyNode:node_modules/any-promise Completed in 11262ms
npm timing metavuln:packument:@types/node-fetch Completed in 153ms
npm timing metavuln:load:security-advisory:@types/node-fetch:QHwSQK89tp8y8NaEB/BmWWPJbFRmcqxbWkKungy6gPoWDFe3Fp6pmP2eW7jh8ZiRT8rEqJsege91INZ02VqjRw== Completed in 1ms
npm timing reifyNode:node_modules/call-bind Completed in 11403ms
npm timing reifyNode:node_modules/eslint-plugin-react Completed in 11413ms
npm timing reifyNode:node_modules/acorn-jsx Completed in 11414ms
npm timing reifyNode:node_modules/agentkeepalive Completed in 11420ms
npm timing metavuln:cache:put:security-advisory:@types/node-fetch:jx+w+9StBIpF8t4cBGTxZbYPJsxyYvumwVA7bXPxtF2ZUyciq2yBofsWpPSIGOuDp2aj3LhI2tJZxqEyMq5lJA== Completed in 52ms
npm timing metavuln:calculate:security-advisory:@types/node-fetch:QHwSQK89tp8y8NaEB/BmWWPJbFRmcqxbWkKungy6gPoWDFe3Fp6pmP2eW7jh8ZiRT8rEqJsege91INZ02VqjRw== Completed in 207ms
npm timing metavuln:cache:get:security-advisory:@next/eslint-plugin-next:PvOLmaLvBa62/MSwOoeVcFtG41ceA4r3c/+CRslQCFHIqz2IKPEVFqVWr5T0jcFHrN6kR5E5FbNMo23kCF9gdg== Completed in 7ms
npm timing metavuln:cache:get:security-advisory:sucrase:/7sxQuO23WkXEtVsXtSVMbfvzTkkKTfrrYBLCV3MgJuJ7pyqGT1H+3flTst/q8V/VqursqMz64HpbA8877Ckow== Completed in 7ms
npm timing reifyNode:node_modules/abort-controller Completed in 11473ms
npm timing reifyNode:node_modules/@ungap/structured-clone Completed in 11496ms
npm timing reifyNode:node_modules/@typescript-eslint/parser Completed in 11503ms
npm timing reifyNode:node_modules/@typescript-eslint/visitor-keys Completed in 11524ms
npm timing reifyNode:node_modules/@types/webidl-conversions Completed in 11534ms
npm timing reifyNode:node_modules/@types/react-transition-group Completed in 11538ms
npm timing reifyNode:node_modules/@types/react-dom Completed in 11539ms
npm timing reifyNode:node_modules/@types/unist Completed in 11539ms
npm timing reifyNode:node_modules/@types/qs Completed in 11547ms
npm timing reifyNode:node_modules/@types/prismjs Completed in 11549ms
npm timing reifyNode:node_modules/@types/whatwg-url Completed in 11552ms
npm timing reifyNode:node_modules/@types/prop-types Completed in 11567ms
npm timing reifyNode:node_modules/@types/node-fetch Completed in 11573ms
npm timing reifyNode:node_modules/acorn Completed in 11575ms
npm timing metavuln:packument:sucrase Completed in 144ms
npm timing metavuln:load:security-advisory:sucrase:NTB2XjbDOgk4lkd8PZ3tUAm1F3E/ohGF6rl9/3LEO7Z0FDzSR5nWwzd3nUENA3NCNdyeR+35DOC12wPml2IV+g== Completed in 0ms
npm timing reifyNode:node_modules/@types/parse-json Completed in 11583ms
npm timing reifyNode:node_modules/@types/mdast Completed in 11585ms
npm timing reifyNode:node_modules/@types/ms Completed in 11592ms
npm timing metavuln:cache:put:security-advisory:sucrase:/7sxQuO23WkXEtVsXtSVMbfvzTkkKTfrrYBLCV3MgJuJ7pyqGT1H+3flTst/q8V/VqursqMz64HpbA8877Ckow== Completed in 29ms
npm timing metavuln:calculate:security-advisory:sucrase:NTB2XjbDOgk4lkd8PZ3tUAm1F3E/ohGF6rl9/3LEO7Z0FDzSR5nWwzd3nUENA3NCNdyeR+35DOC12wPml2IV+g== Completed in 173ms
npm timing reifyNode:node_modules/@types/react Completed in 11674ms
npm timing reifyNode:node_modules/@types/diff-match-patch Completed in 11675ms
npm timing reifyNode:node_modules/@types/json5 Completed in 11677ms
npm timing reifyNode:node_modules/@types/debug Completed in 11678ms
npm timing reifyNode:node_modules/@types/estree-jsx Completed in 11685ms
npm timing reifyNode:node_modules/@swc/counter Completed in 11689ms
npm timing reifyNode:node_modules/@types/hast Completed in 11700ms
npm timing reifyNode:node_modules/@typescript-eslint/types Completed in 11712ms
npm timing reifyNode:node_modules/axe-core Completed in 11720ms
npm timing reifyNode:node_modules/@radix-ui/rect Completed in 11740ms
npm timing reifyNode:node_modules/@radix-ui/react-use-escape-keydown Completed in 11747ms
npm timing reifyNode:node_modules/@radix-ui/react-use-size Completed in 11751ms
npm timing reifyNode:node_modules/@radix-ui/react-use-rect Completed in 11755ms
npm timing reifyNode:node_modules/@radix-ui/react-use-layout-effect Completed in 11760ms
npm timing reifyNode:node_modules/@radix-ui/react-use-callback-ref Completed in 11781ms
npm timing reifyNode:node_modules/@uiw/copy-to-clipboard Completed in 11788ms
npm timing reifyNode:node_modules/@radix-ui/react-tabs Completed in 11845ms
npm timing reifyNode:node_modules/@radix-ui/react-tooltip Completed in 11861ms
npm timing reifyNode:node_modules/@radix-ui/react-use-controllable-state Completed in 11873ms
npm timing reifyNode:node_modules/@radix-ui/react-visually-hidden Completed in 11875ms
npm timing reifyNode:node_modules/@radix-ui/react-slot Completed in 11876ms
npm timing reifyNode:node_modules/@radix-ui/react-primitive Completed in 11878ms
npm timing reifyNode:node_modules/@radix-ui/react-presence Completed in 11905ms
npm timing reifyNode:node_modules/@radix-ui/react-roving-focus Completed in 11916ms
npm timing reifyNode:node_modules/dom-helpers Completed in 11917ms
npm timing reifyNode:node_modules/@radix-ui/react-portal Completed in 11925ms
npm timing reifyNode:node_modules/@radix-ui/react-label Completed in 11927ms
npm timing reifyNode:node_modules/@radix-ui/react-popper Completed in 11927ms
npm timing reifyNode:node_modules/bson Completed in 11932ms
npm timing reifyNode:node_modules/@radix-ui/react-id Completed in 11933ms
npm timing reifyNode:node_modules/@radix-ui/react-focus-guards Completed in 11945ms
npm timing reifyNode:node_modules/@radix-ui/react-focus-scope Completed in 11946ms
npm timing reifyNode:node_modules/@radix-ui/react-direction Completed in 12007ms
npm timing reifyNode:node_modules/@rtsao/scc Completed in 12021ms
npm timing reifyNode:node_modules/@radix-ui/react-dismissable-layer Completed in 12035ms
npm timing reifyNode:node_modules/@radix-ui/react-compose-refs Completed in 12043ms
npm timing reifyNode:node_modules/@radix-ui/react-collection Completed in 12048ms
npm timing reifyNode:node_modules/@radix-ui/react-dialog Completed in 12053ms
npm timing reifyNode:node_modules/@types/node Completed in 12059ms
npm timing reifyNode:node_modules/@radix-ui/react-collapsible Completed in 12072ms
npm timing reifyNode:node_modules/@radix-ui/react-context Completed in 12077ms
npm timing reifyNode:node_modules/@radix-ui/react-arrow Completed in 12101ms
npm timing reifyNode:node_modules/@radix-ui/react-accordion Completed in 12102ms
npm timing reifyNode:node_modules/@radix-ui/primitive Completed in 12105ms
npm timing reifyNode:node_modules/@nolyfill/is-core-module Completed in 12119ms
npm timing metavuln:packument:@next/eslint-plugin-next Completed in 698ms
npm timing metavuln:load:security-advisory:@next/eslint-plugin-next:NTB2XjbDOgk4lkd8PZ3tUAm1F3E/ohGF6rl9/3LEO7Z0FDzSR5nWwzd3nUENA3NCNdyeR+35DOC12wPml2IV+g== Completed in 87ms
npm timing reifyNode:node_modules/@pkgjs/parseargs Completed in 12257ms
npm timing metavuln:cache:put:security-advisory:@next/eslint-plugin-next:PvOLmaLvBa62/MSwOoeVcFtG41ceA4r3c/+CRslQCFHIqz2IKPEVFqVWr5T0jcFHrN6kR5E5FbNMo23kCF9gdg== Completed in 47ms
npm timing metavuln:calculate:security-advisory:@next/eslint-plugin-next:NTB2XjbDOgk4lkd8PZ3tUAm1F3E/ohGF6rl9/3LEO7Z0FDzSR5nWwzd3nUENA3NCNdyeR+35DOC12wPml2IV+g== Completed in 832ms
npm timing metavuln:cache:get:security-advisory:@eslint/eslintrc:+dj/LqpwTuLnMbBYuGIzIb6b3zspptDh0rakRHhZtIReGOQCQDIXFUqoHFXyUBrXqkKL96IYWa7gOtmMPQ2AIw== Completed in 3ms
npm timing metavuln:load:security-advisory:@eslint/eslintrc:621IdjBdZEeVoUcjWGl1jXN0jFDGaf7dIQMeaPVKf5MxqYprJztiOC0OHOUPVoayh7Cq/fTC8L5CqEb98qlE7w== Completed in 1ms
npm timing metavuln:cache:get:security-advisory:eslint:tWpS8shwtPvlnKrr0IDTnNgdZsEAPzEyjXys9cT2vEpfBr9XWHwJtpN5VN/tlasnmObTFIj3QrfKiIX5Y5+g2Q== Completed in 4ms
npm timing metavuln:load:security-advisory:eslint:621IdjBdZEeVoUcjWGl1jXN0jFDGaf7dIQMeaPVKf5MxqYprJztiOC0OHOUPVoayh7Cq/fTC8L5CqEb98qlE7w== Completed in 4ms
npm timing reifyNode:node_modules/@next/env Completed in 12278ms
npm timing metavuln:cache:put:security-advisory:@eslint/eslintrc:+dj/LqpwTuLnMbBYuGIzIb6b3zspptDh0rakRHhZtIReGOQCQDIXFUqoHFXyUBrXqkKL96IYWa7gOtmMPQ2AIw== Completed in 33ms
npm timing metavuln:calculate:security-advisory:@eslint/eslintrc:621IdjBdZEeVoUcjWGl1jXN0jFDGaf7dIQMeaPVKf5MxqYprJztiOC0OHOUPVoayh7Cq/fTC8L5CqEb98qlE7w== Completed in 37ms
npm timing metavuln:cache:put:security-advisory:eslint:tWpS8shwtPvlnKrr0IDTnNgdZsEAPzEyjXys9cT2vEpfBr9XWHwJtpN5VN/tlasnmObTFIj3QrfKiIX5Y5+g2Q== Completed in 39ms
npm timing metavuln:calculate:security-advisory:eslint:621IdjBdZEeVoUcjWGl1jXN0jFDGaf7dIQMeaPVKf5MxqYprJztiOC0OHOUPVoayh7Cq/fTC8L5CqEb98qlE7w== Completed in 48ms
npm timing metavuln:cache:get:security-advisory:ai:yRQdz9feT4zmZMSZGy0sEzpJ61TFJ6bmTjrNoYaFNQpjuTlSekqp7AZMi/NOtIJjRtZ+VcybsaI1OkBRkFH78A== Completed in 7ms
npm timing metavuln:load:security-advisory:ai:LFjo4GNBRNIX4PT/pqJo5ITTc40tAW/GAXqzv6qwd4q3vcu9WjWeGGfhLCIPuyhHAiAArphcD2/Uxai3An3++g== Completed in 34ms
npm timing reifyNode:node_modules/@mui/core-downloads-tracker Completed in 12414ms
npm timing reifyNode:node_modules/@mui/types Completed in 12416ms
npm timing metavuln:cache:put:security-advisory:ai:yRQdz9feT4zmZMSZGy0sEzpJ61TFJ6bmTjrNoYaFNQpjuTlSekqp7AZMi/NOtIJjRtZ+VcybsaI1OkBRkFH78A== Completed in 61ms
npm timing metavuln:calculate:security-advisory:ai:LFjo4GNBRNIX4PT/pqJo5ITTc40tAW/GAXqzv6qwd4q3vcu9WjWeGGfhLCIPuyhHAiAArphcD2/Uxai3An3++g== Completed in 102ms
npm timing metavuln:cache:get:security-advisory:hast-util-raw:wfV1xcF3MYxfdhvC8pKp4mV2pZ8xXhXFzIBrjy+Pm13nSBFoYUTDmKpDKkEOnNdwdYPlNHcHmF+rEXTsLrIAzw== Completed in 4ms
npm timing metavuln:cache:get:security-advisory:hast-util-to-html:rrpkMBsMgBrik6n46Pf/ZKYQADRkHMNwvK3fv0Y1+w4wGYbcIWMSWRDScRjEydHZ8T4CdS4gQ2gNyygVz1DfXg== Completed in 4ms
npm timing metavuln:cache:get:security-advisory:react-markdown:PEb7MlrHLpjCrDdIEQYyOSnzV1rPkOa+jBMQDFSPN9GLtUey4MQt3whpQwdnh3o6Tb3bXrufFyJdf7VPRRtYNQ== Completed in 4ms
npm timing metavuln:cache:get:security-advisory:remark-rehype:g/2i8VR8fruaOa8EGZd/aYYdK3bF+pEbopxIaVLD43uN8Fx86EUdRisg7cgDsy3+NC12A29YMDZ9/T0cmiW/VA== Completed in 4ms
npm timing reifyNode:node_modules/@nodelib/fs.stat Completed in 12439ms
npm timing reifyNode:node_modules/@jridgewell/set-array Completed in 12447ms
npm timing reifyNode:node_modules/@jridgewell/gen-mapping Completed in 12496ms
npm timing metavuln:packument:remark-rehype Completed in 93ms
npm timing metavuln:load:security-advisory:remark-rehype:GIzvc/ZasYkRVEEbP+nel5QG7Bh1H6gjgE9G3sLNMkSxkyp1vfJGAZTCHzFMiWLA3QejKhYl6hbOeaYbIostpg== Completed in 1ms
npm timing reifyNode:node_modules/@jridgewell/sourcemap-codec Completed in 12521ms
npm timing metavuln:packument:hast-util-raw Completed in 102ms
npm timing metavuln:load:security-advisory:hast-util-raw:GIzvc/ZasYkRVEEbP+nel5QG7Bh1H6gjgE9G3sLNMkSxkyp1vfJGAZTCHzFMiWLA3QejKhYl6hbOeaYbIostpg== Completed in 1ms
npm timing metavuln:packument:hast-util-to-html Completed in 106ms
npm timing metavuln:load:security-advisory:hast-util-to-html:GIzvc/ZasYkRVEEbP+nel5QG7Bh1H6gjgE9G3sLNMkSxkyp1vfJGAZTCHzFMiWLA3QejKhYl6hbOeaYbIostpg== Completed in 0ms
npm timing reifyNode:node_modules/@iconify/types Completed in 12535ms
npm timing reifyNode:node_modules/@iconify/tailwind Completed in 12536ms
npm warn deprecated @humanwhocodes/config-array@0.11.14: Use @eslint/config-array instead
npm timing reifyNode:node_modules/@humanwhocodes/config-array Completed in 12542ms
npm timing reifyNode:node_modules/@nodelib/fs.scandir Completed in 12559ms
npm timing reifyNode:node_modules/@isaacs/cliui Completed in 12560ms
npm timing metavuln:packument:react-markdown Completed in 150ms
npm timing metavuln:load:security-advisory:react-markdown:GIzvc/ZasYkRVEEbP+nel5QG7Bh1H6gjgE9G3sLNMkSxkyp1vfJGAZTCHzFMiWLA3QejKhYl6hbOeaYbIostpg== Completed in 1ms
npm timing metavuln:cache:put:security-advisory:remark-rehype:g/2i8VR8fruaOa8EGZd/aYYdK3bF+pEbopxIaVLD43uN8Fx86EUdRisg7cgDsy3+NC12A29YMDZ9/T0cmiW/VA== Completed in 58ms
npm timing metavuln:calculate:security-advisory:remark-rehype:GIzvc/ZasYkRVEEbP+nel5QG7Bh1H6gjgE9G3sLNMkSxkyp1vfJGAZTCHzFMiWLA3QejKhYl6hbOeaYbIostpg== Completed in 153ms
npm warn deprecated @humanwhocodes/object-schema@2.0.3: Use @eslint/object-schema instead
npm timing reifyNode:node_modules/@humanwhocodes/object-schema Completed in 12580ms
npm timing metavuln:cache:put:security-advisory:hast-util-to-html:rrpkMBsMgBrik6n46Pf/ZKYQADRkHMNwvK3fv0Y1+w4wGYbcIWMSWRDScRjEydHZ8T4CdS4gQ2gNyygVz1DfXg== Completed in 57ms
npm timing metavuln:calculate:security-advisory:hast-util-to-html:GIzvc/ZasYkRVEEbP+nel5QG7Bh1H6gjgE9G3sLNMkSxkyp1vfJGAZTCHzFMiWLA3QejKhYl6hbOeaYbIostpg== Completed in 163ms
npm timing metavuln:cache:put:security-advisory:hast-util-raw:wfV1xcF3MYxfdhvC8pKp4mV2pZ8xXhXFzIBrjy+Pm13nSBFoYUTDmKpDKkEOnNdwdYPlNHcHmF+rEXTsLrIAzw== Completed in 62ms
npm timing metavuln:calculate:security-advisory:hast-util-raw:GIzvc/ZasYkRVEEbP+nel5QG7Bh1H6gjgE9G3sLNMkSxkyp1vfJGAZTCHzFMiWLA3QejKhYl6hbOeaYbIostpg== Completed in 165ms
npm timing reifyNode:node_modules/@jridgewell/resolve-uri Completed in 12590ms
npm timing reifyNode:node_modules/@humanwhocodes/module-importer Completed in 12601ms
npm timing reifyNode:node_modules/@nodelib/fs.walk Completed in 12608ms
npm timing reifyNode:node_modules/@floating-ui/react-dom Completed in 12611ms
npm timing metavuln:cache:put:security-advisory:react-markdown:PEb7MlrHLpjCrDdIEQYyOSnzV1rPkOa+jBMQDFSPN9GLtUey4MQt3whpQwdnh3o6Tb3bXrufFyJdf7VPRRtYNQ== Completed in 43ms
npm timing metavuln:calculate:security-advisory:react-markdown:GIzvc/ZasYkRVEEbP+nel5QG7Bh1H6gjgE9G3sLNMkSxkyp1vfJGAZTCHzFMiWLA3QejKhYl6hbOeaYbIostpg== Completed in 194ms
npm timing metavuln:cache:get:security-advisory:@ai-sdk/provider-utils:0oKe7fArLZE0tXlnIoFYpLQqXFWFGQ0B2gizIpzdXv/G6cGNZQ9b9jeKSaQ204umZ4FDiq1xm5fNpRQS9zbrsQ== Completed in 2ms
npm timing metavuln:load:security-advisory:@ai-sdk/provider-utils:SvMVdtEUVO5ESues2DL9aEFMy6oMG+saOn/tNitKJcx7q7CvMfC5ZcstpC8dbnZl5KL/q/3pYBvQrAPBFsC+nQ== Completed in 20ms
npm timing metavuln:cache:get:security-advisory:ai:hadjO8tJJz9z4dOwAgKqyuE6fUG659XMcTHUmQDKbJvRbGAPbxkHDrD2CdGsStIq/+JMmjdX8gb/aLpOGPYnSg== Completed in 24ms
npm timing metavuln:load:security-advisory:ai:SvMVdtEUVO5ESues2DL9aEFMy6oMG+saOn/tNitKJcx7q7CvMfC5ZcstpC8dbnZl5KL/q/3pYBvQrAPBFsC+nQ== Completed in 37ms
npm timing metavuln:cache:get:security-advisory:postcss:tmHYDPE1UVxPaRKZT9ru10S2PG7HaFVF7Z4GmgB6cUo+mRoTCphDiou0e19GAujSzXwfRWgbN5N8PHmsKOoxPA== Completed in 62ms
npm timing metavuln:load:security-advisory:postcss:SvMVdtEUVO5ESues2DL9aEFMy6oMG+saOn/tNitKJcx7q7CvMfC5ZcstpC8dbnZl5KL/q/3pYBvQrAPBFsC+nQ== Completed in 5ms
npm timing reifyNode:node_modules/@jridgewell/trace-mapping Completed in 12701ms
npm timing reifyNode:node_modules/@eslint/js Completed in 12701ms
npm timing reifyNode:node_modules/@floating-ui/dom Completed in 12721ms
npm timing reifyNode:node_modules/ai Completed in 12733ms
npm timing metavuln:cache:put:security-advisory:@ai-sdk/provider-utils:0oKe7fArLZE0tXlnIoFYpLQqXFWFGQ0B2gizIpzdXv/G6cGNZQ9b9jeKSaQ204umZ4FDiq1xm5fNpRQS9zbrsQ== Completed in 113ms
npm timing metavuln:calculate:security-advisory:@ai-sdk/provider-utils:SvMVdtEUVO5ESues2DL9aEFMy6oMG+saOn/tNitKJcx7q7CvMfC5ZcstpC8dbnZl5KL/q/3pYBvQrAPBFsC+nQ== Completed in 137ms
npm timing metavuln:cache:put:security-advisory:ai:hadjO8tJJz9z4dOwAgKqyuE6fUG659XMcTHUmQDKbJvRbGAPbxkHDrD2CdGsStIq/+JMmjdX8gb/aLpOGPYnSg== Completed in 76ms
npm timing metavuln:calculate:security-advisory:ai:SvMVdtEUVO5ESues2DL9aEFMy6oMG+saOn/tNitKJcx7q7CvMfC5ZcstpC8dbnZl5KL/q/3pYBvQrAPBFsC+nQ== Completed in 137ms
npm timing metavuln:cache:put:security-advisory:postcss:tmHYDPE1UVxPaRKZT9ru10S2PG7HaFVF7Z4GmgB6cUo+mRoTCphDiou0e19GAujSzXwfRWgbN5N8PHmsKOoxPA== Completed in 70ms
npm timing metavuln:calculate:security-advisory:postcss:SvMVdtEUVO5ESues2DL9aEFMy6oMG+saOn/tNitKJcx7q7CvMfC5ZcstpC8dbnZl5KL/q/3pYBvQrAPBFsC+nQ== Completed in 137ms
npm timing metavuln:cache:get:security-advisory:next:8RlZE+IBinmJoMk6uVcV95MAfxYTQeaA9Sha1X47EU6Yn2I1DpgEjVbSe9Dat8c1Oy+nk6MRHrCODNvFggnzeg== Completed in 7ms
npm timing metavuln:load:security-advisory:next:AESkqup7C9sLtHL0OzenAvihqmLzSTOW4+0zIkCCeUjI0qvgEu/UCFfVCIlWzUpfDq20KxUSH5Ru8h4LoxJKRA== Completed in 204ms
npm timing metavuln:cache:get:security-advisory:@vue/compiler-sfc:s8AFAa/Ztbm7C52Gbg6/ozt95fDLte1MZunzePfU3cRnY30R/e7zp2d7/ag1IhJWt1Uzh1CGD7NubFkupatNLA== Completed in 213ms
npm timing metavuln:cache:get:security-advisory:postcss-import:oj3M1tBzaqNNuYcHaFxMpDrogPd0AgLcMY8JEofH2tu42Lz8SltdacBGbBnv8a5qi/gHItVWM6rjrSq/3DAmmw== Completed in 212ms
npm timing metavuln:cache:get:security-advisory:postcss-js:wxmI51fbDXuFdIrZyG55aC8jbNq65yUaH9bontSUYQ+OoVA60JcVyzcnGYUH1OA+2ePT4QJ/qKBjhLV+SKFaPw== Completed in 212ms
npm timing metavuln:cache:get:security-advisory:postcss-load-config:ubYuv/Qrh4W+eNMYmKNxYqhf0d/7Bda6Cnspg4NpoTnS8i62TEUlTwF6o9pTZVVjyt+43AS6772/Fj+FoJi2rg== Completed in 212ms
npm timing metavuln:cache:get:security-advisory:postcss-nested:luJ2Xe8b/DCdtVhgPYWyKIuS7ZMjOsWRzlcL8EjfXKDXtgjARJ+fcJZseAxBY/6wNm3M5yqi/3yD9bG42f+0zA== Completed in 212ms
npm timing metavuln:cache:get:security-advisory:tailwindcss:pEKEZp1vkxgHn3m7aVaXHgwNZYByWnF76kln2+kuP1M3VaDRHGv+HJUkOOmT/sMGdcU8TzrDja/0zqlb0FkcJw== Completed in 211ms
npm timing reifyNode:node_modules/@floating-ui/utils Completed in 13046ms
npm timing reifyNode:node_modules/@next/eslint-plugin-next Completed in 13052ms
npm timing metavuln:cache:put:security-advisory:next:8RlZE+IBinmJoMk6uVcV95MAfxYTQeaA9Sha1X47EU6Yn2I1DpgEjVbSe9Dat8c1Oy+nk6MRHrCODNvFggnzeg== Completed in 91ms
npm timing metavuln:calculate:security-advisory:next:AESkqup7C9sLtHL0OzenAvihqmLzSTOW4+0zIkCCeUjI0qvgEu/UCFfVCIlWzUpfDq20KxUSH5Ru8h4LoxJKRA== Completed in 304ms
npm timing reifyNode:node_modules/@emotion/unitless Completed in 13100ms
npm timing metavuln:packument:postcss-js Completed in 346ms
npm timing metavuln:load:security-advisory:postcss-js:AESkqup7C9sLtHL0OzenAvihqmLzSTOW4+0zIkCCeUjI0qvgEu/UCFfVCIlWzUpfDq20KxUSH5Ru8h4LoxJKRA== Completed in 14ms
npm timing reifyNode:node_modules/mongodb Completed in 13147ms
npm timing metavuln:packument:postcss-nested Completed in 369ms
npm timing metavuln:load:security-advisory:postcss-nested:AESkqup7C9sLtHL0OzenAvihqmLzSTOW4+0zIkCCeUjI0qvgEu/UCFfVCIlWzUpfDq20KxUSH5Ru8h4LoxJKRA== Completed in 11ms
npm timing metavuln:packument:postcss-load-config Completed in 381ms
npm timing metavuln:load:security-advisory:postcss-load-config:AESkqup7C9sLtHL0OzenAvihqmLzSTOW4+0zIkCCeUjI0qvgEu/UCFfVCIlWzUpfDq20KxUSH5Ru8h4LoxJKRA== Completed in 1ms
npm timing reifyNode:node_modules/@eslint-community/eslint-utils Completed in 13176ms
npm timing metavuln:packument:postcss-import Completed in 407ms
npm timing metavuln:load:security-advisory:postcss-import:AESkqup7C9sLtHL0OzenAvihqmLzSTOW4+0zIkCCeUjI0qvgEu/UCFfVCIlWzUpfDq20KxUSH5Ru8h4LoxJKRA== Completed in 4ms
npm timing reifyNode:node_modules/@eslint-community/regexpp Completed in 13228ms
npm timing reifyNode:node_modules/@floating-ui/core Completed in 13232ms
npm timing reifyNode:node_modules/@emotion/weak-memoize Completed in 13236ms
npm timing reifyNode:node_modules/ajv Completed in 13243ms
npm timing reifyNode:node_modules/@emotion/use-insertion-effect-with-fallbacks Completed in 13248ms
npm timing reifyNode:node_modules/@alloc/quick-lru Completed in 13249ms
npm timing reifyNode:node_modules/@babel/highlight Completed in 13249ms
npm timing metavuln:cache:put:security-advisory:postcss-js:wxmI51fbDXuFdIrZyG55aC8jbNq65yUaH9bontSUYQ+OoVA60JcVyzcnGYUH1OA+2ePT4QJ/qKBjhLV+SKFaPw== Completed in 117ms
npm timing metavuln:calculate:security-advisory:postcss-js:AESkqup7C9sLtHL0OzenAvihqmLzSTOW4+0zIkCCeUjI0qvgEu/UCFfVCIlWzUpfDq20KxUSH5Ru8h4LoxJKRA== Completed in 477ms
npm timing metavuln:cache:put:security-advisory:postcss-load-config:ubYuv/Qrh4W+eNMYmKNxYqhf0d/7Bda6Cnspg4NpoTnS8i62TEUlTwF6o9pTZVVjyt+43AS6772/Fj+FoJi2rg== Completed in 99ms
npm timing metavuln:calculate:security-advisory:postcss-load-config:AESkqup7C9sLtHL0OzenAvihqmLzSTOW4+0zIkCCeUjI0qvgEu/UCFfVCIlWzUpfDq20KxUSH5Ru8h4LoxJKRA== Completed in 481ms
npm timing metavuln:cache:put:security-advisory:postcss-nested:luJ2Xe8b/DCdtVhgPYWyKIuS7ZMjOsWRzlcL8EjfXKDXtgjARJ+fcJZseAxBY/6wNm3M5yqi/3yD9bG42f+0zA== Completed in 101ms
npm timing metavuln:calculate:security-advisory:postcss-nested:AESkqup7C9sLtHL0OzenAvihqmLzSTOW4+0zIkCCeUjI0qvgEu/UCFfVCIlWzUpfDq20KxUSH5Ru8h4LoxJKRA== Completed in 481ms
npm timing reifyNode:node_modules/@uiw/react-markdown-preview Completed in 13262ms
npm timing metavuln:cache:put:security-advisory:postcss-import:oj3M1tBzaqNNuYcHaFxMpDrogPd0AgLcMY8JEofH2tu42Lz8SltdacBGbBnv8a5qi/gHItVWM6rjrSq/3DAmmw== Completed in 80ms
npm timing metavuln:calculate:security-advisory:postcss-import:AESkqup7C9sLtHL0OzenAvihqmLzSTOW4+0zIkCCeUjI0qvgEu/UCFfVCIlWzUpfDq20KxUSH5Ru8h4LoxJKRA== Completed in 491ms
npm timing reifyNode:node_modules/@emotion/memoize Completed in 13319ms
npm timing reifyNode:node_modules/@emotion/hash Completed in 13327ms
npm timing reifyNode:node_modules/@babel/helper-validator-identifier Completed in 13328ms
npm timing reifyNode:node_modules/@emotion/sheet Completed in 13332ms
npm timing reifyNode:node_modules/@emotion/serialize Completed in 13346ms
npm timing reifyNode:node_modules/wrap-ansi-cjs/node_modules/string-width Completed in 13351ms
npm timing reifyNode:node_modules/@emotion/utils Completed in 13355ms
npm timing reifyNode:node_modules/@babel/helper-module-imports Completed in 13356ms
npm timing reifyNode:node_modules/@emotion/is-prop-valid Completed in 13360ms
npm timing metavuln:packument:@vue/compiler-sfc Completed in 591ms
npm timing metavuln:load:security-advisory:@vue/compiler-sfc:AESkqup7C9sLtHL0OzenAvihqmLzSTOW4+0zIkCCeUjI0qvgEu/UCFfVCIlWzUpfDq20KxUSH5Ru8h4LoxJKRA== Completed in 18ms
npm timing reifyNode:node_modules/wrap-ansi/node_modules/ansi-regex Completed in 13392ms
npm timing reifyNode:node_modules/@babel/code-frame Completed in 13388ms
npm timing reifyNode:node_modules/wrap-ansi-cjs/node_modules/ansi-styles Completed in 13397ms
npm timing reifyNode:node_modules/wrap-ansi/node_modules/ansi-styles Completed in 13397ms
npm timing reifyNode:node_modules/wrap-ansi-cjs/node_modules/color-convert Completed in 13398ms
npm timing reifyNode:node_modules/wrap-ansi/node_modules/strip-ansi Completed in 13398ms
npm timing reifyNode:node_modules/wrap-ansi-cjs/node_modules/emoji-regex Completed in 13416ms
npm timing reifyNode:node_modules/wrap-ansi-cjs/node_modules/color-name Completed in 13416ms
npm timing reifyNode:node_modules/@mui/styled-engine Completed in 13417ms
npm timing reifyNode:node_modules/@ai-sdk/svelte Completed in 13439ms
npm timing reifyNode:node_modules/@ai-sdk/solid Completed in 13439ms
npm timing reifyNode:node_modules/@babel/helper-string-parser Completed in 13443ms
npm timing metavuln:cache:put:security-advisory:@vue/compiler-sfc:s8AFAa/Ztbm7C52Gbg6/ozt95fDLte1MZunzePfU3cRnY30R/e7zp2d7/ag1IhJWt1Uzh1CGD7NubFkupatNLA== Completed in 75ms
npm timing metavuln:calculate:security-advisory:@vue/compiler-sfc:AESkqup7C9sLtHL0OzenAvihqmLzSTOW4+0zIkCCeUjI0qvgEu/UCFfVCIlWzUpfDq20KxUSH5Ru8h4LoxJKRA== Completed in 684ms
npm timing reifyNode:node_modules/@babel/template Completed in 13486ms
npm timing reifyNode:node_modules/@ai-sdk/provider Completed in 13508ms
npm timing reifyNode:node_modules/string-width/node_modules/ansi-regex Completed in 13518ms
npm timing reifyNode:node_modules/string-width/node_modules/strip-ansi Completed in 13521ms
npm timing reifyNode:node_modules/@ai-sdk/openai Completed in 13529ms
npm timing reifyNode:node_modules/@ai-sdk/react Completed in 13545ms
npm timing reifyNode:node_modules/@ai-sdk/vue Completed in 13557ms
npm timing reifyNode:node_modules/refractor/node_modules/@types/unist Completed in 13560ms
npm warn deprecated glob@7.2.3: Glob versions prior to v9 are no longer supported
npm timing reifyNode:node_modules/rimraf/node_modules/glob Completed in 13564ms
npm timing reifyNode:node_modules/postcss-load-config/node_modules/lilconfig Completed in 13564ms
npm timing reifyNode:node_modules/string-width-cjs/node_modules/emoji-regex Completed in 13569ms
npm timing reifyNode:node_modules/prop-types/node_modules/react-is Completed in 13572ms
npm timing reifyNode:node_modules/refractor/node_modules/@types/hast Completed in 13576ms
npm timing reifyNode:node_modules/@mui/private-theming Completed in 13581ms
npm timing reifyNode:node_modules/node-fetch/node_modules/webidl-conversions Completed in 13590ms
npm timing reifyNode:node_modules/refractor/node_modules/hast-util-parse-selector Completed in 13593ms
npm timing reifyNode:node_modules/@eslint/eslintrc Completed in 13624ms
npm timing reifyNode:node_modules/parse-entities/node_modules/@types/unist Completed in 13662ms
npm timing reifyNode:node_modules/@emotion/babel-plugin Completed in 13677ms
npm timing reifyNode:node_modules/mdast-util-find-and-replace/node_modules/escape-string-regexp Completed in 13698ms
npm timing reifyNode:node_modules/hoist-non-react-statics/node_modules/react-is Completed in 13730ms
npm timing reifyNode:node_modules/eslint-plugin-react/node_modules/semver Completed in 13730ms
npm timing reifyNode:node_modules/glob/node_modules/brace-expansion Completed in 13730ms
npm timing reifyNode:node_modules/postcss/node_modules/nanoid Completed in 13735ms
npm timing reifyNode:node_modules/@rushstack/eslint-patch Completed in 13733ms
npm timing reifyNode:node_modules/node-fetch/node_modules/whatwg-url Completed in 13741ms
npm timing reifyNode:node_modules/fast-glob/node_modules/glob-parent Completed in 13749ms
npm timing reifyNode:node_modules/node-fetch/node_modules/tr46 Completed in 13767ms
npm timing reifyNode:node_modules/@mongodb-js/saslprep Completed in 13769ms
npm timing reifyNode:node_modules/eslint-plugin-react/node_modules/doctrine Completed in 13810ms
npm timing reifyNode:node_modules/openai/node_modules/undici-types Completed in 13835ms
npm timing reifyNode:node_modules/refractor/node_modules/hastscript Completed in 13852ms
npm timing reifyNode:node_modules/eslint/node_modules/supports-color Completed in 13870ms
npm timing reifyNode:node_modules/eslint/node_modules/color-name Completed in 13884ms
npm timing reifyNode:node_modules/eslint-plugin-import/node_modules/debug Completed in 13884ms
npm timing reifyNode:node_modules/eslint/node_modules/has-flag Completed in 13884ms
npm timing reifyNode:node_modules/@babel/parser Completed in 13886ms
npm timing reifyNode:node_modules/eslint/node_modules/color-convert Completed in 13888ms
npm timing reifyNode:node_modules/eslint/node_modules/globals Completed in 13888ms
npm timing reifyNode:node_modules/jsondiffpatch/node_modules/chalk Completed in 13894ms
npm timing reifyNode:node_modules/eslint/node_modules/ansi-styles Completed in 13893ms
npm timing reifyNode:node_modules/eslint-plugin-import/node_modules/semver Completed in 13896ms
npm timing reifyNode:node_modules/@emotion/cache Completed in 13897ms
npm timing reifyNode:node_modules/class-variance-authority/node_modules/clsx Completed in 13911ms
npm timing reifyNode:node_modules/chalk/node_modules/escape-string-regexp Completed in 13913ms
npm timing reifyNode:node_modules/eslint-plugin-import/node_modules/doctrine Completed in 13949ms
npm timing reifyNode:node_modules/chokidar/node_modules/glob-parent Completed in 13986ms
npm timing reifyNode:node_modules/@isaacs/cliui/node_modules/ansi-regex Completed in 14000ms
npm timing reifyNode:node_modules/eslint-import-resolver-node/node_modules/debug Completed in 14006ms
npm timing reifyNode:node_modules/eslint-plugin-jsx-a11y Completed in 14010ms
npm timing reifyNode:node_modules/@isaacs/cliui/node_modules/strip-ansi Completed in 14024ms
npm timing reifyNode:node_modules/@ai-sdk/provider-utils Completed in 14025ms
npm timing reifyNode:node_modules/@eslint/eslintrc/node_modules/globals Completed in 14041ms
npm timing reifyNode:node_modules/@typescript-eslint/typescript-estree Completed in 14085ms
npm timing reifyNode:node_modules/ai/node_modules/@ai-sdk/provider Completed in 14103ms
npm timing reifyNode:node_modules/@babel/generator Completed in 14132ms
npm timing reifyNode:node_modules/lodash Completed in 14138ms
npm timing reifyNode:node_modules/eslint-module-utils/node_modules/debug Completed in 14139ms
npm timing reifyNode:node_modules/@typescript-eslint/typescript-estree/node_modules/brace-expansion Completed in 14145ms
npm timing reifyNode:node_modules/@ai-sdk/vue/node_modules/@ai-sdk/provider Completed in 14236ms
npm timing reifyNode:node_modules/next/node_modules/postcss Completed in 14246ms
npm timing reifyNode:node_modules/openai/node_modules/@types/node Completed in 14250ms
npm timing reifyNode:node_modules/eslint/node_modules/chalk Completed in 14258ms
npm timing reifyNode:node_modules/axobject-query Completed in 14278ms
npm timing reifyNode:node_modules/ai/node_modules/@ai-sdk/provider-utils Completed in 14301ms
npm timing reifyNode:node_modules/@emotion/styled Completed in 14323ms
npm timing reifyNode:node_modules/@ai-sdk/ui-utils/node_modules/@ai-sdk/provider Completed in 14358ms
npm timing reifyNode:node_modules/@ai-sdk/solid/node_modules/@ai-sdk/provider Completed in 14366ms
npm timing reifyNode:node_modules/@ai-sdk/svelte/node_modules/@ai-sdk/provider Completed in 14368ms
npm timing metavuln:packument:tailwindcss Completed in 1646ms
npm timing metavuln:load:security-advisory:tailwindcss:AESkqup7C9sLtHL0OzenAvihqmLzSTOW4+0zIkCCeUjI0qvgEu/UCFfVCIlWzUpfDq20KxUSH5Ru8h4LoxJKRA== Completed in 106ms
npm timing reifyNode:node_modules/@ai-sdk/vue/node_modules/@ai-sdk/provider-utils Completed in 14552ms
npm timing metavuln:cache:put:security-advisory:tailwindcss:pEKEZp1vkxgHn3m7aVaXHgwNZYByWnF76kln2+kuP1M3VaDRHGv+HJUkOOmT/sMGdcU8TzrDja/0zqlb0FkcJw== Completed in 44ms
npm timing metavuln:calculate:security-advisory:tailwindcss:AESkqup7C9sLtHL0OzenAvihqmLzSTOW4+0zIkCCeUjI0qvgEu/UCFfVCIlWzUpfDq20KxUSH5Ru8h4LoxJKRA== Completed in 1796ms
npm timing metavuln:cache:get:security-advisory:anymatch:Nfla9E9Lgs+mqMt1dA/8UaXdCl7sXuZQsKzxwmqxeyDZbX+CRdcfKSFFgjhZ/F0BJR9geE1mRVv3h/ODZoo63g== Completed in 3ms
npm timing metavuln:cache:get:security-advisory:micromatch:Gfx2SOQRY3jP5uv6bFlh3nIPxMXsxdnbcyF/xURx+dAnDK2wtpAvWYKdTiFWGD3MlWR/x1stzjO6SjznwiVonw== Completed in 3ms
npm timing metavuln:cache:get:security-advisory:readdirp:O7WXRupQt48LJyZ17mA/uSHYfhYyK7sMYMihjKrTsH3mKxobKArK3CCtifRFqfhAMZFOU4AsOtouYzz86OtBxQ== Completed in 2ms
npm timing reifyNode:node_modules/@ai-sdk/ui-utils Completed in 14605ms
npm timing reifyNode:node_modules/@babel/traverse Completed in 14605ms
npm timing reifyNode:node_modules/glob/node_modules/minimatch Completed in 14640ms
npm timing metavuln:packument:anymatch Completed in 84ms
npm timing metavuln:load:security-advisory:anymatch:GSQ5ghUF1JWDKMssoydWDVRebjlPePRwktLhrdWzXCq5xeBXdo4Cm9HGHnH2b6P1Nq93YjwPmimVjAx6kge32A== Completed in 1ms
npm timing metavuln:packument:readdirp Completed in 88ms
npm timing metavuln:load:security-advisory:readdirp:GSQ5ghUF1JWDKMssoydWDVRebjlPePRwktLhrdWzXCq5xeBXdo4Cm9HGHnH2b6P1Nq93YjwPmimVjAx6kge32A== Completed in 0ms
npm timing metavuln:packument:micromatch Completed in 93ms
npm timing metavuln:load:security-advisory:micromatch:GSQ5ghUF1JWDKMssoydWDVRebjlPePRwktLhrdWzXCq5xeBXdo4Cm9HGHnH2b6P1Nq93YjwPmimVjAx6kge32A== Completed in 1ms
npm timing reifyNode:node_modules/@ai-sdk/react/node_modules/@ai-sdk/provider Completed in 14678ms
npm timing reifyNode:node_modules/@ai-sdk/svelte/node_modules/@ai-sdk/provider-utils Completed in 14696ms
npm timing metavuln:cache:put:security-advisory:anymatch:Nfla9E9Lgs+mqMt1dA/8UaXdCl7sXuZQsKzxwmqxeyDZbX+CRdcfKSFFgjhZ/F0BJR9geE1mRVv3h/ODZoo63g== Completed in 36ms
npm timing metavuln:calculate:security-advisory:anymatch:GSQ5ghUF1JWDKMssoydWDVRebjlPePRwktLhrdWzXCq5xeBXdo4Cm9HGHnH2b6P1Nq93YjwPmimVjAx6kge32A== Completed in 121ms
npm timing metavuln:cache:put:security-advisory:readdirp:O7WXRupQt48LJyZ17mA/uSHYfhYyK7sMYMihjKrTsH3mKxobKArK3CCtifRFqfhAMZFOU4AsOtouYzz86OtBxQ== Completed in 36ms
npm timing metavuln:calculate:security-advisory:readdirp:GSQ5ghUF1JWDKMssoydWDVRebjlPePRwktLhrdWzXCq5xeBXdo4Cm9HGHnH2b6P1Nq93YjwPmimVjAx6kge32A== Completed in 125ms
npm timing metavuln:cache:put:security-advisory:micromatch:Gfx2SOQRY3jP5uv6bFlh3nIPxMXsxdnbcyF/xURx+dAnDK2wtpAvWYKdTiFWGD3MlWR/x1stzjO6SjznwiVonw== Completed in 31ms
npm timing metavuln:calculate:security-advisory:micromatch:GSQ5ghUF1JWDKMssoydWDVRebjlPePRwktLhrdWzXCq5xeBXdo4Cm9HGHnH2b6P1Nq93YjwPmimVjAx6kge32A== Completed in 126ms
npm timing metavuln:cache:get:security-advisory:cosmiconfig:ZvIWteQ796/BgjsXeBwnpY0UlwY+M0jRkgNj5nVphOxv65fNOs7olWBctH9D4KJrcua3xImx2wvc2Yt82iaKyA== Completed in 4ms
npm timing metavuln:packument:cosmiconfig Completed in 72ms
npm timing metavuln:load:security-advisory:cosmiconfig:O6zOK1Cn9/3FZISL60o6/SOMQkiOfzmZ3FIQSh8ciqQQ3pt7Wl9H9Q/gRJuFGa9hM9N+9vhsYsf7hziTGiJueg== Completed in 1ms
npm timing reifyNode:node_modules/@ai-sdk/solid/node_modules/@ai-sdk/provider-utils Completed in 14779ms
npm timing metavuln:cache:put:security-advisory:cosmiconfig:ZvIWteQ796/BgjsXeBwnpY0UlwY+M0jRkgNj5nVphOxv65fNOs7olWBctH9D4KJrcua3xImx2wvc2Yt82iaKyA== Completed in 26ms
npm timing metavuln:calculate:security-advisory:cosmiconfig:O6zOK1Cn9/3FZISL60o6/SOMQkiOfzmZ3FIQSh8ciqQQ3pt7Wl9H9Q/gRJuFGa9hM9N+9vhsYsf7hziTGiJueg== Completed in 99ms
npm timing metavuln:cache:get:security-advisory:postcss-load-config:nq911Ldi+k25b3bDUTGGDMAkDcdNK9FmRhlWw/8ExYFNtxJ/HbEq7IfuoOpmvOYQTVVUFR9jGsPNJlVEpS2wvQ== Completed in 2ms
npm timing metavuln:load:security-advisory:postcss-load-config:3AQn1Aj8kwFHIquLochLADJtKOJ++bvPtGJHT6dWct73zyp4H3E792uuAF7M2BJRI4DEvXF3aOujF4vdnIDz2g== Completed in 1ms
npm timing reifyNode:node_modules/@typescript-eslint/typescript-estree/node_modules/minimatch Completed in 14834ms
npm timing metavuln:cache:put:security-advisory:postcss-load-config:nq911Ldi+k25b3bDUTGGDMAkDcdNK9FmRhlWw/8ExYFNtxJ/HbEq7IfuoOpmvOYQTVVUFR9jGsPNJlVEpS2wvQ== Completed in 34ms
npm timing metavuln:calculate:security-advisory:postcss-load-config:3AQn1Aj8kwFHIquLochLADJtKOJ++bvPtGJHT6dWct73zyp4H3E792uuAF7M2BJRI4DEvXF3aOujF4vdnIDz2g== Completed in 37ms
npm timing metavuln:cache:get:security-advisory:postcss-nested:ENEkdeJ8CvpmFsO9n+B506005zeV/FHFk5ZLE4UsRsDoA6JjrYyRtHJUMEoVAx28BziJnI+FhyuAVbQPW5qa/Q== Completed in 2ms
npm timing metavuln:load:security-advisory:postcss-nested:covT+MWoMY27HNo8VBw80yY9txe9EcZ0OTaXxzPnTvlgv/pmVZ5EoTwL+VQRgBrpLVxAWtUxZrw6bhMqh9EoHA== Completed in 2ms
npm timing metavuln:cache:get:security-advisory:tailwindcss:2TlKnNc3Qm1rMcjZEOsugh1IGGaq7QLflLgNrhsLvnfUM0FUkU4wqQPZHeMyN9lOYCpHoIvZ+R67VPqt+9uREg== Completed in 4ms
npm timing metavuln:load:security-advisory:tailwindcss:covT+MWoMY27HNo8VBw80yY9txe9EcZ0OTaXxzPnTvlgv/pmVZ5EoTwL+VQRgBrpLVxAWtUxZrw6bhMqh9EoHA== Completed in 71ms
npm timing metavuln:cache:put:security-advisory:postcss-nested:ENEkdeJ8CvpmFsO9n+B506005zeV/FHFk5ZLE4UsRsDoA6JjrYyRtHJUMEoVAx28BziJnI+FhyuAVbQPW5qa/Q== Completed in 103ms
npm timing metavuln:calculate:security-advisory:postcss-nested:covT+MWoMY27HNo8VBw80yY9txe9EcZ0OTaXxzPnTvlgv/pmVZ5EoTwL+VQRgBrpLVxAWtUxZrw6bhMqh9EoHA== Completed in 107ms
npm timing metavuln:cache:put:security-advisory:tailwindcss:2TlKnNc3Qm1rMcjZEOsugh1IGGaq7QLflLgNrhsLvnfUM0FUkU4wqQPZHeMyN9lOYCpHoIvZ+R67VPqt+9uREg== Completed in 32ms
npm timing metavuln:calculate:security-advisory:tailwindcss:covT+MWoMY27HNo8VBw80yY9txe9EcZ0OTaXxzPnTvlgv/pmVZ5EoTwL+VQRgBrpLVxAWtUxZrw6bhMqh9EoHA== Completed in 107ms
npm timing metavuln:cache:get:security-advisory:openai:mbmigfXgH7+Ozg8v4dxzurjf6iOR1a34Z/87hBpLTo6kZ3jIfZLLbG8iAzlMHe8lSBnppIYKfUGKVZvq8Mmx4A== Completed in 2ms
npm timing reifyNode:node_modules/@ai-sdk/ui-utils/node_modules/@ai-sdk/provider-utils Completed in 14961ms
npm timing reifyNode:node_modules/@ai-sdk/react/node_modules/@ai-sdk/provider-utils Completed in 14967ms
npm timing metavuln:packument:openai Completed in 106ms
npm timing metavuln:load:security-advisory:openai:d8aA3MRUHa+nR6p36dDWdh9BwhbY3Ab8gcBS2sP0Jimkk/dzqKymXgU6A8cPdzE765SO0b2GGEOl3D6hJIniZQ== Completed in 2ms
npm timing metavuln:cache:put:security-advisory:openai:mbmigfXgH7+Ozg8v4dxzurjf6iOR1a34Z/87hBpLTo6kZ3jIfZLLbG8iAzlMHe8lSBnppIYKfUGKVZvq8Mmx4A== Completed in 38ms
npm timing metavuln:calculate:security-advisory:openai:d8aA3MRUHa+nR6p36dDWdh9BwhbY3Ab8gcBS2sP0Jimkk/dzqKymXgU6A8cPdzE765SO0b2GGEOl3D6hJIniZQ== Completed in 146ms
npm timing metavuln:cache:get:security-advisory:@ai-sdk/svelte:vrGSngFzkN73WPoTQumKSTx3Ke/0OvPG/9I1uct423rim7t1cwRyrdxY6Sw4a8W8ejz8zkLAyUsu1szj6LTbOA== Completed in 2ms
npm timing metavuln:load:security-advisory:@ai-sdk/svelte:3s0Qq5XXXRKbbBb9rHHXE2mVZLnRImYOzivnNNkwm6JPGyEAQFno6PVyyP5BcbmaWI0+NAG78CAzE5IuRmtT+w== Completed in 47ms
npm timing metavuln:cache:get:security-advisory:ai:NTywoxQRGliLcK6xCCRPuzC5WWRRAVjGdYrFirk3yxOUOn760RQJCSouaqOdMkfBeebOt3vqin2gXLnu2mJ9Eg== Completed in 51ms
npm timing metavuln:load:security-advisory:ai:3s0Qq5XXXRKbbBb9rHHXE2mVZLnRImYOzivnNNkwm6JPGyEAQFno6PVyyP5BcbmaWI0+NAG78CAzE5IuRmtT+w== Completed in 42ms
npm timing metavuln:cache:get:security-advisory:sswr:EX7tf8gF4ZdCPMGym3Wv4BfjIFBcFXm/00+MdcxRhRDI6YMgJP878p5vxXWwira3gofwusyEfDczuxtuYmLdpw== Completed in 94ms
npm timing metavuln:cache:put:security-advisory:@ai-sdk/svelte:vrGSngFzkN73WPoTQumKSTx3Ke/0OvPG/9I1uct423rim7t1cwRyrdxY6Sw4a8W8ejz8zkLAyUsu1szj6LTbOA== Completed in 88ms
npm timing metavuln:calculate:security-advisory:@ai-sdk/svelte:3s0Qq5XXXRKbbBb9rHHXE2mVZLnRImYOzivnNNkwm6JPGyEAQFno6PVyyP5BcbmaWI0+NAG78CAzE5IuRmtT+w== Completed in 138ms
npm timing metavuln:cache:put:security-advisory:ai:NTywoxQRGliLcK6xCCRPuzC5WWRRAVjGdYrFirk3yxOUOn760RQJCSouaqOdMkfBeebOt3vqin2gXLnu2mJ9Eg== Completed in 46ms
npm timing metavuln:calculate:security-advisory:ai:3s0Qq5XXXRKbbBb9rHHXE2mVZLnRImYOzivnNNkwm6JPGyEAQFno6PVyyP5BcbmaWI0+NAG78CAzE5IuRmtT+w== Completed in 139ms
npm timing metavuln:packument:sswr Completed in 212ms
npm timing metavuln:load:security-advisory:sswr:3s0Qq5XXXRKbbBb9rHHXE2mVZLnRImYOzivnNNkwm6JPGyEAQFno6PVyyP5BcbmaWI0+NAG78CAzE5IuRmtT+w== Completed in 24ms
npm timing reifyNode:node_modules/eslint-plugin-react/node_modules/resolve Completed in 15378ms
npm timing metavuln:cache:put:security-advisory:sswr:EX7tf8gF4ZdCPMGym3Wv4BfjIFBcFXm/00+MdcxRhRDI6YMgJP878p5vxXWwira3gofwusyEfDczuxtuYmLdpw== Completed in 52ms
npm timing metavuln:calculate:security-advisory:sswr:3s0Qq5XXXRKbbBb9rHHXE2mVZLnRImYOzivnNNkwm6JPGyEAQFno6PVyyP5BcbmaWI0+NAG78CAzE5IuRmtT+w== Completed in 289ms
npm timing metavuln:cache:get:security-advisory:@ai-sdk/react:VodZQ0QO2SiWf08KZGELTlzQTKswZQoAbSnutS6zx5s0P39JuHgMv8LSTGCAxOQhINw0zP0l3xYdy0uEsOuy+Q== Completed in 2ms
npm timing metavuln:load:security-advisory:@ai-sdk/react:rPDVduQTJn9a8Xu2PNgwf4LP5utXoEfJhuA+/QYFPsTn9UzCQo+0E91NwxIublVtLxUj/rzMJjrcpCkwTmyCRQ== Completed in 31ms
npm timing metavuln:cache:get:security-advisory:@ai-sdk/solid:RJJctfS2hHcgMVODkqLaXFYd8HcpgfZt6jRy8iP6Am7rl8I9sxzrR41ZcC/6QNVAZgIloz5hBXqRBaywh/3qDA== Completed in 34ms
npm timing metavuln:load:security-advisory:@ai-sdk/solid:rPDVduQTJn9a8Xu2PNgwf4LP5utXoEfJhuA+/QYFPsTn9UzCQo+0E91NwxIublVtLxUj/rzMJjrcpCkwTmyCRQ== Completed in 2ms
npm timing metavuln:cache:get:security-advisory:@ai-sdk/svelte:9xR1rdg2s/VSngV18rZYYa2TSIOLUlm/pztPvwC8c/Xe6rPrWSJKlsOKooIU8vcnmrQzkHRax5XW/QgCCiSNuQ== Completed in 36ms
npm timing metavuln:load:security-advisory:@ai-sdk/svelte:rPDVduQTJn9a8Xu2PNgwf4LP5utXoEfJhuA+/QYFPsTn9UzCQo+0E91NwxIublVtLxUj/rzMJjrcpCkwTmyCRQ== Completed in 27ms
npm timing metavuln:cache:get:security-advisory:@ai-sdk/vue:6En3v/oDkUjTgs6lZxM3+oy1U+h8tFSyQeCgBid4f1RsJpVG/t2VARRW6FKiedpHpMq22cRMr+O8dri9JwBjHw== Completed in 64ms
npm timing metavuln:load:security-advisory:@ai-sdk/vue:rPDVduQTJn9a8Xu2PNgwf4LP5utXoEfJhuA+/QYFPsTn9UzCQo+0E91NwxIublVtLxUj/rzMJjrcpCkwTmyCRQ== Completed in 25ms
npm timing metavuln:cache:get:security-advisory:ai:m8qylURgi0v/MKA0HVYSkMwqRPuWsuToftR3J9nfKHXzGE8w4o8tgUez57/ruOjVANzLrpO4OtRAgL7eicRLVA== Completed in 90ms
npm timing metavuln:load:security-advisory:ai:rPDVduQTJn9a8Xu2PNgwf4LP5utXoEfJhuA+/QYFPsTn9UzCQo+0E91NwxIublVtLxUj/rzMJjrcpCkwTmyCRQ== Completed in 41ms
npm timing metavuln:cache:put:security-advisory:@ai-sdk/react:VodZQ0QO2SiWf08KZGELTlzQTKswZQoAbSnutS6zx5s0P39JuHgMv8LSTGCAxOQhINw0zP0l3xYdy0uEsOuy+Q== Completed in 143ms
npm timing metavuln:calculate:security-advisory:@ai-sdk/react:rPDVduQTJn9a8Xu2PNgwf4LP5utXoEfJhuA+/QYFPsTn9UzCQo+0E91NwxIublVtLxUj/rzMJjrcpCkwTmyCRQ== Completed in 176ms
npm timing metavuln:cache:put:security-advisory:@ai-sdk/svelte:9xR1rdg2s/VSngV18rZYYa2TSIOLUlm/pztPvwC8c/Xe6rPrWSJKlsOKooIU8vcnmrQzkHRax5XW/QgCCiSNuQ== Completed in 113ms
npm timing metavuln:calculate:security-advisory:@ai-sdk/svelte:rPDVduQTJn9a8Xu2PNgwf4LP5utXoEfJhuA+/QYFPsTn9UzCQo+0E91NwxIublVtLxUj/rzMJjrcpCkwTmyCRQ== Completed in 177ms
npm timing metavuln:cache:put:security-advisory:@ai-sdk/vue:6En3v/oDkUjTgs6lZxM3+oy1U+h8tFSyQeCgBid4f1RsJpVG/t2VARRW6FKiedpHpMq22cRMr+O8dri9JwBjHw== Completed in 87ms
npm timing metavuln:calculate:security-advisory:@ai-sdk/vue:rPDVduQTJn9a8Xu2PNgwf4LP5utXoEfJhuA+/QYFPsTn9UzCQo+0E91NwxIublVtLxUj/rzMJjrcpCkwTmyCRQ== Completed in 177ms
npm timing metavuln:cache:put:security-advisory:@ai-sdk/solid:RJJctfS2hHcgMVODkqLaXFYd8HcpgfZt6jRy8iP6Am7rl8I9sxzrR41ZcC/6QNVAZgIloz5hBXqRBaywh/3qDA== Completed in 141ms
npm timing metavuln:calculate:security-advisory:@ai-sdk/solid:rPDVduQTJn9a8Xu2PNgwf4LP5utXoEfJhuA+/QYFPsTn9UzCQo+0E91NwxIublVtLxUj/rzMJjrcpCkwTmyCRQ== Completed in 177ms
npm timing metavuln:cache:put:security-advisory:ai:m8qylURgi0v/MKA0HVYSkMwqRPuWsuToftR3J9nfKHXzGE8w4o8tgUez57/ruOjVANzLrpO4OtRAgL7eicRLVA== Completed in 48ms
npm timing metavuln:calculate:security-advisory:ai:rPDVduQTJn9a8Xu2PNgwf4LP5utXoEfJhuA+/QYFPsTn9UzCQo+0E91NwxIublVtLxUj/rzMJjrcpCkwTmyCRQ== Completed in 179ms
npm timing metavuln:cache:get:security-advisory:ai:LgtwUGzj22QCUr6m9A/aNmsrJ1uFmR8WtDkXMrQvA2sTZkmwhH3YU2788a4YphDKzJCynVEb7pIz3v6o3o6oCA== Completed in 4ms
npm timing metavuln:load:security-advisory:ai:zK8QENTfgafMurKsn7iSeOS3GmunlYEM9BUDCLgHNFAgy9thPqR66H8ah2Wpaor5kWRiO0kANNl/AYRX0vCBJA== Completed in 31ms
npm timing metavuln:cache:put:security-advisory:ai:LgtwUGzj22QCUr6m9A/aNmsrJ1uFmR8WtDkXMrQvA2sTZkmwhH3YU2788a4YphDKzJCynVEb7pIz3v6o3o6oCA== Completed in 24ms
npm timing metavuln:calculate:security-advisory:ai:zK8QENTfgafMurKsn7iSeOS3GmunlYEM9BUDCLgHNFAgy9thPqR66H8ah2Wpaor5kWRiO0kANNl/AYRX0vCBJA== Completed in 59ms
npm timing metavuln:cache:get:security-advisory:ai:U/Ns72IhS5vN+Ld5lk7X5JHYyUvVwNq99T47B3tJYmXtIoGnIAbLzSjD/u5ce4Yxpcy97d7A2JBzKPHacIak2A== Completed in 3ms
npm timing metavuln:load:security-advisory:ai:pozyn/Bvdnagv8o5Ybyqv3KvonNPUtiYZ5RrX7SBjt/4Frdt3CsgBEmTnTD97Z1v7vOia5+HZyemiL4HKcAWXA== Completed in 39ms
npm timing reifyNode:node_modules/@emotion/react Completed in 15684ms
npm timing metavuln:cache:put:security-advisory:ai:U/Ns72IhS5vN+Ld5lk7X5JHYyUvVwNq99T47B3tJYmXtIoGnIAbLzSjD/u5ce4Yxpcy97d7A2JBzKPHacIak2A== Completed in 26ms
npm timing metavuln:calculate:security-advisory:ai:pozyn/Bvdnagv8o5Ybyqv3KvonNPUtiYZ5RrX7SBjt/4Frdt3CsgBEmTnTD97Z1v7vOia5+HZyemiL4HKcAWXA== Completed in 68ms
npm timing metavuln:cache:get:security-advisory:ai:vPUo5EyEZEZiCXySJ/KiryZUc89mDNcT4lxeg0ujsylEVFcr8RpqBwaCA5PMqq+idrNBmo+ojhwiZEs68ljRTw== Completed in 1ms
npm timing metavuln:load:security-advisory:ai:Vgliitjn8bPUxWSIIUlyQGGBHf8jgxBBS/6HFmq9MtYFTsCOHMxtatrUx7EaOZux9Z0IU9Vsx0kXwYy81qYcyQ== Completed in 76ms
npm timing metavuln:cache:put:security-advisory:ai:vPUo5EyEZEZiCXySJ/KiryZUc89mDNcT4lxeg0ujsylEVFcr8RpqBwaCA5PMqq+idrNBmo+ojhwiZEs68ljRTw== Completed in 26ms
npm timing metavuln:calculate:security-advisory:ai:Vgliitjn8bPUxWSIIUlyQGGBHf8jgxBBS/6HFmq9MtYFTsCOHMxtatrUx7EaOZux9Z0IU9Vsx0kXwYy81qYcyQ== Completed in 103ms
npm timing metavuln:cache:get:security-advisory:ai:WzlotkAb1YHPhQCKBbkzw9FWnpYkke5NYNd974AjCyzGVjt3Y44vGjre+Hq02JlmEh8KsxGVP3cOaevd91eifg== Completed in 1ms
npm timing metavuln:load:security-advisory:ai:h/cReNv3jSdWVlsQ/prreTqkvOFvbAj2YC/cVGgFyXi1FPTmrnqK5T9YDsmP4gFijH41wNI8zAmaC4HEudOqPg== Completed in 38ms
npm timing metavuln:cache:put:security-advisory:ai:WzlotkAb1YHPhQCKBbkzw9FWnpYkke5NYNd974AjCyzGVjt3Y44vGjre+Hq02JlmEh8KsxGVP3cOaevd91eifg== Completed in 25ms
npm timing metavuln:calculate:security-advisory:ai:h/cReNv3jSdWVlsQ/prreTqkvOFvbAj2YC/cVGgFyXi1FPTmrnqK5T9YDsmP4gFijH41wNI8zAmaC4HEudOqPg== Completed in 65ms
npm timing metavuln:cache:get:security-advisory:@typescript-eslint/parser:l8FoURi1vPdjcWzIpL7CN/UvdeIYUSGuS8fsFkUqBAqKUTagbcgg6Xz8Rre3gn17pM8SPgOMx8cT+hS24/U4Lg== Completed in 3ms
npm timing reifyNode:node_modules/aria-query Completed in 15927ms
npm timing reifyNode:node_modules/@swc/helpers Completed in 16168ms
npm timing reifyNode:node_modules/@babel/runtime Completed in 16186ms
npm timing reifyNode:node_modules/@babel/types Completed in 16372ms
npm timing reifyNode:node_modules/@uiw/react-md-editor Completed in 16407ms
npm timing reifyNode:node_modules/eslint Completed in 16605ms
npm timing reifyNode:node_modules/@popperjs/core Completed in 16778ms
npm timing metavuln:packument:@typescript-eslint/parser Completed in 962ms
npm timing metavuln:load:security-advisory:@typescript-eslint/parser:Nhz0xCqWvb+VTRICJQC30ctuIxO4zAgpLCHbzLpRCtzo4N+xQCBfztfMr8ZGv8tb05mMcK6mvwg0cRuca1jQ8Q== Completed in 23183ms
npm timing metavuln:cache:put:security-advisory:@typescript-eslint/parser:l8FoURi1vPdjcWzIpL7CN/UvdeIYUSGuS8fsFkUqBAqKUTagbcgg6Xz8Rre3gn17pM8SPgOMx8cT+hS24/U4Lg== Completed in 48ms
npm timing metavuln:calculate:security-advisory:@typescript-eslint/parser:Nhz0xCqWvb+VTRICJQC30ctuIxO4zAgpLCHbzLpRCtzo4N+xQCBfztfMr8ZGv8tb05mMcK6mvwg0cRuca1jQ8Q== Completed in 24193ms
npm timing metavuln:cache:get:security-advisory:eslint-config-next:volOrje9bMc3dFnnsdrvpxPiUdLeCov80INEmkNw6JaX2GvepJi9bsm+RGK6makQSL3N/126SYrBcGcbXdAW0g== Completed in 2ms
npm timing reifyNode:node_modules/@mui/system Completed in 40064ms
npm timing reifyNode:node_modules/postcss-load-config/node_modules/yaml Completed in 40104ms
npm timing metavuln:packument:eslint-config-next Completed in 458ms
npm timing metavuln:load:security-advisory:eslint-config-next:PvOLmaLvBa62/MSwOoeVcFtG41ceA4r3c/+CRslQCFHIqz2IKPEVFqVWr5T0jcFHrN6kR5E5FbNMo23kCF9gdg== Completed in 7068ms
npm timing metavuln:cache:put:security-advisory:eslint-config-next:volOrje9bMc3dFnnsdrvpxPiUdLeCov80INEmkNw6JaX2GvepJi9bsm+RGK6makQSL3N/126SYrBcGcbXdAW0g== Completed in 113ms
npm timing metavuln:calculate:security-advisory:eslint-config-next:PvOLmaLvBa62/MSwOoeVcFtG41ceA4r3c/+CRslQCFHIqz2IKPEVFqVWr5T0jcFHrN6kR5E5FbNMo23kCF9gdg== Completed in 7639ms
npm timing metavuln:cache:get:security-advisory:eslint-config-next:9WmOIvxMSJamhcuzDdwuNGjqAh6iAfYgQLA962knzBQgL5BpJFw0E7LB3nMHBtEgFpMm3sj9h8iGcqFAZsEoGg== Completed in 1ms
npm timing metavuln:load:security-advisory:eslint-config-next:l8FoURi1vPdjcWzIpL7CN/UvdeIYUSGuS8fsFkUqBAqKUTagbcgg6Xz8Rre3gn17pM8SPgOMx8cT+hS24/U4Lg== Completed in 118ms
npm timing metavuln:cache:put:security-advisory:eslint-config-next:9WmOIvxMSJamhcuzDdwuNGjqAh6iAfYgQLA962knzBQgL5BpJFw0E7LB3nMHBtEgFpMm3sj9h8iGcqFAZsEoGg== Completed in 19ms
npm timing metavuln:calculate:security-advisory:eslint-config-next:l8FoURi1vPdjcWzIpL7CN/UvdeIYUSGuS8fsFkUqBAqKUTagbcgg6Xz8Rre3gn17pM8SPgOMx8cT+hS24/U4Lg== Completed in 139ms
npm timing auditReport:init Completed in 47080ms
npm timing reify:audit Completed in 47871ms
npm timing reifyNode:node_modules/openai Completed in 47925ms
npm timing reifyNode:node_modules/@mui/utils Completed in 48104ms
npm timing reifyNode:node_modules/@typescript-eslint/scope-manager Completed in 48592ms
npm timing reifyNode:node_modules/@mui/lab Completed in 48827ms
npm timing reifyNode:node_modules/caniuse-lite Completed in 49463ms
npm timing reifyNode:node_modules/@opentelemetry/api Completed in 49983ms
npm timing reifyNode:node_modules/@mui/base Completed in 50292ms
npm timing reifyNode:node_modules/es-abstract Completed in 50862ms
npm timing reifyNode:node_modules/@mui/joy Completed in 51252ms
npm timing reifyNode:node_modules/@next/swc-linux-x64-gnu Completed in 52477ms
npm timing reifyNode:node_modules/@mui/material Completed in 53397ms
npm timing reifyNode:node_modules/lucide-react Completed in 55220ms
npm timing reifyNode:node_modules/@iconify/json Completed in 55569ms
npm timing reifyNode:node_modules/@next/swc-linux-x64-musl Completed in 56938ms
npm timing reifyNode:node_modules/next Completed in 57915ms
npm timing reify:unpack Completed in 57916ms
npm timing reify:unretire Completed in 1ms
npm timing build:queue Completed in 32ms
npm timing build:link:node_modules/@babel/parser Completed in 9ms
npm timing build:link:node_modules/eslint-plugin-import/node_modules/semver Completed in 10ms
npm timing build:link:node_modules/postcss-load-config/node_modules/yaml Completed in 10ms
npm timing build:link:node_modules/eslint-plugin-react/node_modules/resolve Completed in 10ms
npm timing build:link:node_modules/postcss/node_modules/nanoid Completed in 10ms
npm timing build:link:node_modules/direction Completed in 10ms
npm timing build:link:node_modules/cssesc Completed in 10ms
npm timing build:link:node_modules/glob Completed in 10ms
npm timing build:link:node_modules/eslint Completed in 10ms
npm timing build:link:node_modules/jiti Completed in 10ms
npm timing build:link:node_modules/js-yaml Completed in 10ms
npm timing build:link:node_modules/jsesc Completed in 10ms
npm timing build:link:node_modules/acorn Completed in 10ms
npm timing build:link:node_modules/jsondiffpatch Completed in 10ms
npm timing build:link:node_modules/jsonrepair Completed in 10ms
npm timing build:link:node_modules/loose-envify Completed in 10ms
npm timing build:link:node_modules/json5 Completed in 10ms
npm timing build:link:node_modules/nanoid Completed in 10ms
npm timing build:link:node_modules/next Completed in 10ms
npm timing build:link:node_modules/openai Completed in 10ms
npm timing build:link:node_modules/rimraf Completed in 10ms
npm timing build:link:node_modules/resolve Completed in 10ms
npm timing build:link:node_modules/semver Completed in 10ms
npm timing build:link:node_modules/tailwindcss Completed in 10ms
npm timing build:link:node_modules/sucrase Completed in 10ms
npm timing build:link:node_modules/typescript Completed in 10ms
npm timing build:link:node_modules/eslint-plugin-react/node_modules/semver Completed in 10ms
npm timing build:link:node_modules/which Completed in 10ms
npm timing build:link:node_modules/uuid Completed in 10ms
npm timing build:link Completed in 10ms
npm timing build:deps Completed in 42ms
npm timing build Completed in 42ms
npm timing reify:build Completed in 43ms
npm timing reify:trash Completed in 1ms
npm timing reify:save Completed in 150ms
npm timing reify Completed in 58582ms
npm timing command:install Completed in 58927ms
npm timing npm Completed in 59178ms
