npm timing npm:load:whichnode Completed in 0ms
npm timing npm:load:configload Completed in 8ms
npm timing config:load:flatten Completed in 1ms
npm timing npm:load:mkdirpcache Completed in 0ms
npm timing npm:load:mkdirplogs Completed in 0ms
npm timing npm:load:setTitle Completed in 1ms
npm timing npm:load Completed in 20ms
npm timing arborist:ctor Completed in 1ms
npm timing idealTree:init Completed in 101ms
npm timing idealTree:userRequests Completed in 0ms
npm timing idealTree:#root Completed in 0ms
npm timing idealTree:buildDeps Completed in 1ms
npm timing idealTree:fixDepFlags Completed in 0ms
npm timing idealTree Completed in 123ms
npm timing npm-ci:rm Completed in 0ms
npm timing reify:loadTrees Completed in 4ms
npm timing reify:diffTrees Completed in 6ms
npm timing reify:retireShallow Completed in 1ms
npm timing reify:createSparse Completed in 75ms
npm timing reify:loadBundles Completed in 0ms
npm timing reifyNode:node_modules/fsevents Completed in 58ms
npm timing reifyNode:node_modules/@next/swc-win32-x64-msvc Completed in 57ms
npm timing reifyNode:node_modules/@next/swc-win32-ia32-msvc Completed in 57ms
npm timing reifyNode:node_modules/@next/swc-win32-arm64-msvc Completed in 57ms
npm timing reifyNode:node_modules/@next/swc-linux-arm64-musl Completed in 57ms
npm timing reifyNode:node_modules/@next/swc-linux-arm64-gnu Completed in 57ms
npm timing reifyNode:node_modules/@next/swc-darwin-x64 Completed in 57ms
npm timing reifyNode:node_modules/@next/swc-darwin-arm64 Completed in 57ms
npm timing auditReport:getReport Completed in 4232ms
npm timing metavuln:cache:get:security-advisory:@ai-sdk/provider-utils:Ul9KFseB2tOIN1MDrvKXYgswUT8/7E04jrfk1CULo1gm3PxzYce/4sYV2Ljgg4GMg1YdyPCXh5zxOzmwrnQ/vQ== Completed in 158ms
npm timing metavuln:cache:get:security-advisory:@babel/runtime:xDaNmlS3J8LRk7IfDb7e9Gp3gcy/xDr1QZXCKC997SMkqKVemm2guY9vQpRI6omD11L5cfCI+STpoAdxUgnVsA== Completed in 156ms
npm timing metavuln:cache:get:security-advisory:brace-expansion:7IQMvcVTr+svbh5KCx4Kl6FQKJ1GciM03BnJAve/5WYJjUeRzKAIrStVpfachbl3T6a7o8nYlQEVG6Ih0TNXRg== Completed in 156ms
npm timing metavuln:cache:get:security-advisory:brace-expansion:mClmYqWawCNXseeTBHWiIwZH/2CmFUqPCmosJIeOhAgD9z1v3SayhHAwaWVo8wmeKU/JN9VP4zDBeXaqy3Ay2A== Completed in 156ms
npm timing metavuln:cache:get:security-advisory:brace-expansion:geBusfkNqQP6hxCT/x7QDM6pAPJMDIqmDW84J1DA4uDjuSM6GXgzKwYw+N4CptLZRUTx8jSydbfAJhrWxpkzqg== Completed in 156ms
npm timing metavuln:cache:get:security-advisory:brace-expansion:Pny/HX5JbOaUMj0VXN4ymYZjsAcoD2/VrG0YE1yBnmclIuwa2lTkreIIpbhh0bcJKY4Zt/wWvQFgeTktoBkOiw== Completed in 156ms
npm timing metavuln:cache:get:security-advisory:brace-expansion:9zwFS2atO1kWXNo3p+9fCTUYWmEvjgV2PlNBkaHdRjkssbff5d4cCQCO3NxiseQjyQTioabr4SaJXBhPiVtslQ== Completed in 156ms
npm timing metavuln:cache:get:security-advisory:brace-expansion:7ICbONgS6sI8RWhzTgNqqH552BWC4INFpZZfXI9U4oWgS/KeQEBLPtG82pnddpKRYaLAG9ti7ET/UUaZIDmFqA== Completed in 156ms
npm timing metavuln:cache:get:security-advisory:brace-expansion:kIHgu1L8zIy7pY0wp6wYzUm7tst3xTM2tiSYrstcGK/XsO7o4p6zyuUSjq93oH1dvU2tbEvlSW+gaNbGIbeudw== Completed in 156ms
npm timing metavuln:cache:get:security-advisory:brace-expansion:ZHzAtnciS42HIMtUGajCifTIrkCUkWb93u/V1lJEt9HzdJ+ypMofn/dKgSOaziPQj+WGAcGS7t7WdPUHJBz0LA== Completed in 156ms
npm timing metavuln:cache:get:security-advisory:brace-expansion:8oOLS67XweNywiGNx5L+6SvNn2KB7xR8kOhhQW3y11e/1FIqzHMTjZdmNIIGBfwh+NAkZmQ+9Oj3YUp92LM3Wg== Completed in 156ms
npm timing metavuln:cache:get:security-advisory:brace-expansion:wDEbqWk4yLp9m7y1JKlfB/VOQdNxO6zv9mx3cQ5VptPHpE7Ova1G3NkU4hgGmOmyWoA3/1d/SEsb3LnkNTA35A== Completed in 156ms
npm timing metavuln:cache:get:security-advisory:minimatch:V/3cIcyAQcG1bwuH0e0PI9Qt5WRtbvb/WOz2mBxAfNzXf+Dvs9G1X05eHjnPq2b0TJY4zXXpqhCAkRAipgk3iQ== Completed in 156ms
npm timing metavuln:cache:get:security-advisory:minimatch:B00WbbnnDNaFGA7l9BgrTioYpRMzU4+U8SUF8cn65LwArJAK0O380QwyP/UyxPr7i9XUjX9/AADC41/edu9OrA== Completed in 156ms
npm timing metavuln:cache:get:security-advisory:minimatch:kx7kRjUmjSYmgQBpfsU82Na4xORZqvqpRRSlOyPLadasPBl0YfFJCjIETC00BG7Gd2omQLizgz8/GnnE/hk+Jw== Completed in 156ms
npm timing metavuln:cache:get:security-advisory:minimatch:tJ9Z2VGWqiQfLaVKxc9K/6Rz1g70Mpl3An4UK+K1lyHdz27vYPzhMIkC4jRGAN2wpssY+8l13Ql259B6zkaX/Q== Completed in 156ms
npm timing metavuln:cache:get:security-advisory:minimatch:tdaAHfWGUw/nl/W8ALWVH+LvG2E3gvo3P2FI/fVPxm3aZteLxWMOEuk/9iDk5O0/cZN/GRXnabt/mW/bfUoL/g== Completed in 155ms
npm timing metavuln:cache:get:security-advisory:minimatch:IBqefxF0lKwSFXzwGHp5L8khqSaPYY99x0GHtXNH4YxtdIexeL4FFPzrnnBvkhgmGDEWHo3XAgpPYGyM1jidQQ== Completed in 155ms
npm timing metavuln:cache:get:security-advisory:ai:jz9D6dnr305Gq8PRPjEsZxzZT1nwMRsqd9CQr9SvCTkpiUazFNFk9Iih3JaSdOlgGDerG6yNIBk+r5Oc0MrwFw== Completed in 155ms
npm timing metavuln:cache:get:security-advisory:ajv:u4HOZ0QFYFTDLqnZ5TPSC8VEvP+HMuGcZACJuTqG8bm/gunrgkQwsiiH2pbF9tNIl45RK0sW2ccPzEojb1k0xQ== Completed in 155ms
npm timing metavuln:cache:get:security-advisory:cross-spawn:PBcc/5P1UEO/1Ba/jUNR65wOzs1wU0Y+m+OOSfB57dG5EajzjbqRMRm0l7MWqcJgHDYM5GoZ36Hm7qAYFlIH3A== Completed in 155ms
npm timing metavuln:cache:get:security-advisory:flatted:oa7V2KnuHnLCPcrXFvcQLRAa1NASGJm9yZ+B92xpfwxan7PZyVrZjYAHt6LB51PFfA2mM8KGE+VHR+U5X/2uZw== Completed in 155ms
npm timing metavuln:cache:get:security-advisory:flatted:uMG/3R828PE31LVzr7SnM2pFAXessH3XoRtonZYiGJtZfR5a//VWhmdMxy/RepstCydCDFxkci7fqEuzEvhnAA== Completed in 154ms
npm timing metavuln:cache:get:security-advisory:form-data:QHwSQK89tp8y8NaEB/BmWWPJbFRmcqxbWkKungy6gPoWDFe3Fp6pmP2eW7jh8ZiRT8rEqJsege91INZ02VqjRw== Completed in 154ms
npm timing metavuln:cache:get:security-advisory:form-data:QtrJYuspC2x6/4C1Oat3mkU+5vF1sgqWmutMSh+7dhDRYSJrsvU/AVAJgWDUWLgGNj7X4aMNonvcZovhtgldng== Completed in 154ms
npm timing metavuln:cache:get:security-advisory:glob:NTB2XjbDOgk4lkd8PZ3tUAm1F3E/ohGF6rl9/3LEO7Z0FDzSR5nWwzd3nUENA3NCNdyeR+35DOC12wPml2IV+g== Completed in 154ms
npm timing metavuln:cache:get:security-advisory:js-yaml:621IdjBdZEeVoUcjWGl1jXN0jFDGaf7dIQMeaPVKf5MxqYprJztiOC0OHOUPVoayh7Cq/fTC8L5CqEb98qlE7w== Completed in 153ms
npm timing metavuln:cache:get:security-advisory:js-yaml:hRHUgW0MJiPqjWt2sUfet2EYlqoE1gaxACC2WErx8y0hzruS4JIdQFSyu03fknqwUeEglYl2LNhb3CLbe1gk7A== Completed in 153ms
npm timing metavuln:cache:get:security-advisory:js-yaml:4JRmIWaw7t9g2nj2coc/knMKSpUTTvf6gd7QGFDejryJnGjc+YeBUVzshR5afcQZnuPyYGRjBRxydkQEqdhtbQ== Completed in 153ms
npm timing metavuln:cache:get:security-advisory:js-yaml:OUZIQ3PVVGrkuRqB+emtTIY6mY1ZYXKAjty3MEHcLQlklmPh5BstzoMFTWmQmZxuW4bTRahKM6+bAF3EDZo2xw== Completed in 154ms
npm timing metavuln:cache:get:security-advisory:js-yaml:rPKItsey5NAOkwlZ0jj/srGDfex3lM3kc0Jt/iKDQKxrLExmxBPfiHEGSGFS11EIIZ9oWm9Jw3K50YZA6kxidg== Completed in 154ms
npm timing metavuln:cache:get:security-advisory:jsondiffpatch:LFjo4GNBRNIX4PT/pqJo5ITTc40tAW/GAXqzv6qwd4q3vcu9WjWeGGfhLCIPuyhHAiAArphcD2/Uxai3An3++g== Completed in 154ms
npm timing metavuln:cache:get:security-advisory:jsondiffpatch:M422GvPQnBk2Z0QCkNMJeUtv1g43zNMgfYkHvFHG0q9EP075pDXVROJM9tb+sAfWGwFjVHCrzezL1YAJW1LXgg== Completed in 154ms
npm timing metavuln:cache:get:security-advisory:lodash:Rhn2/J9vH2feDR+ScacKQ3LE+WhdVik0qyHrmMpEPm19WZWIHXnPOQRMxyp2vXQpR+BV/SE/IDbGhIB3VC+d8Q== Completed in 154ms
npm timing metavuln:cache:get:security-advisory:lodash:DNnxUw8Ep7p1YCAJl4A30HMQmsK3uaHxA5fhfuTpXJUBgCvmZbKGD7OWAcfQ2u+fc9lY6ap1BhHpARF9oEarxQ== Completed in 154ms
npm timing metavuln:cache:get:security-advisory:lodash:thshZSsl03tivWaq68PzU+tj1Rdgd6ZGN992B7QB+2oylByv6bvG8a/FXYANJwK5kybQ7+c0hg18JSj4gYikrg== Completed in 154ms
npm timing metavuln:cache:get:security-advisory:mdast-util-to-hast:GIzvc/ZasYkRVEEbP+nel5QG7Bh1H6gjgE9G3sLNMkSxkyp1vfJGAZTCHzFMiWLA3QejKhYl6hbOeaYbIostpg== Completed in 153ms
npm timing metavuln:cache:get:security-advisory:nanoid:SvMVdtEUVO5ESues2DL9aEFMy6oMG+saOn/tNitKJcx7q7CvMfC5ZcstpC8dbnZl5KL/q/3pYBvQrAPBFsC+nQ== Completed in 153ms
npm timing metavuln:cache:get:security-advisory:nanoid:G4d3k7GgtTq4GBrwzQ8/x7W0iUhlZxJRv8ECCIxQ8EljG7i12UNClh6yRGwC76MzFuAF5klybdArzm40c5m6pg== Completed in 153ms
npm timing metavuln:cache:get:security-advisory:nanoid:r+z+JMwVfhGHAr/0YAy6/3RrDzRoIYQ2AZVHMg9UDR0NJ2m9fi3DGObNE6EPq2ciL/QAojxEu2QsJ0Zzdynclg== Completed in 153ms
npm timing metavuln:cache:get:security-advisory:nanoid:0yzfm74h2ISPme4XQDESd3IOQg79zHFMhy6RZiujZnIoteqQ6dSyiH0qVBqCuUznMPosC/QFvQVHfbUpRCoxjQ== Completed in 153ms
npm timing metavuln:cache:get:security-advisory:next:A9m47VBQvL++V9EsVwBseCbPrOK9xk7oLIzrStyVB02IketEwhGsklFuhL1oaYPUn8YGmhlTxpFhF93K/Wfw5Q== Completed in 153ms
npm timing metavuln:cache:get:security-advisory:next:d2hMvT1neRk1OILN6KsQ2L4sjWpIe19WxzSQJivjdzJVb/hhXgpN5SXMC++Yae4yKIQkpUsP465F2rfLyKo4PA== Completed in 153ms
npm timing metavuln:cache:get:security-advisory:next:vuHRAt/BWP+uFUF464Kr/XSRYkeSqfN5BDmhcIb/NC1N1+svfuQ2l2f3I8OAbkQ/mG7ykLMzXkmvGEUPm2u2Qw== Completed in 153ms
npm timing metavuln:cache:get:security-advisory:next:NpdQYf+4OaOvlNiZgkhHLNCcOTe84gjeay11sdJQ2HSe2hRovddeIJqZfGwiLh+ns7klO1J2oxhVS+ou+h9gmw== Completed in 153ms
npm timing metavuln:cache:get:security-advisory:next:WrVaG6WkSvpCYPPQKNUv2SLuXz5XL9xKn9KHPtqw/Y+V4JFUbfvGu7iPZR/4d1/dHzlII2csAkP3UXbKSPpZTA== Completed in 153ms
npm timing metavuln:cache:get:security-advisory:next:kXDE+ksbJYUI4TFImWPb/49o4hwXXT1nqPUeSTV/SE/IB3qFFazOXmXgn5PPbKkz9ewVGi6qMNNgGfrNX4hqIg== Completed in 153ms
npm timing metavuln:cache:get:security-advisory:next:WQCkHVGQkg6zsfYbmLOI+zBNEYhu4v1g6kXs5vVSFeehybhiXOKxuSPsV71Q4mBoY+gct03Ww794KjXwXHvGWA== Completed in 153ms
npm timing metavuln:cache:get:security-advisory:next:1RRZLAEdZ/XleXHoq279ILkZMiKyW77ZwtE5QzPtyre4x1QWgVmP0i9dSfz4gJebeiXjCYB49g8nOIfNiSjcYQ== Completed in 153ms
npm timing metavuln:cache:get:security-advisory:next:+SMXIcdP7mb700j3lAUXRoUbwPUmDwsGMfkqi8EBxAInsFmBr7fDz7ceH3WCcBFoF44s9qJcAZp3YRfZSyk8qw== Completed in 153ms
npm timing metavuln:cache:get:security-advisory:next:VmINk4sjQ5jqxRvJ2axYcaD3FqreNBMC4jAobfjDjUAn5dOOUzgsn/LLTyEYZvi7HDGR/ppGR9Jxp8UWVvHDIw== Completed in 153ms
npm timing metavuln:cache:get:security-advisory:next:m1juSglhJQv6nr2Qd3fhaBRO3xSWDkIwePr5Y8MKgwiMDtGjVAtSoOHMXp3f9z6nPLepu8CsJK3YosBO7hEskA== Completed in 152ms
npm timing metavuln:cache:get:security-advisory:next:3YEnowU0F/efIZFkDoFxQZjNq2qcmakBCRjEbrgPcrnqNOUxoJgvhg+PrXGQZbW/4yvsmMJX4gbpxuAhPD8bvg== Completed in 152ms
npm timing metavuln:cache:get:security-advisory:next:DZYkKghCBsNDjTsBZNBEXyRREeg7p+okX/wID7N5vkHCP0YEApmDVowtEZM/R2oPjVif2+FMpky58BcndZaeVw== Completed in 152ms
npm timing metavuln:cache:get:security-advisory:next:VRq8TIz+ZjPW6hQ8T0wOUvYSO+eDdwertI1rhHbEx2+MnlsYlHSTbstvXQA6lxcqK9z1/S2wl1LkMaE/zyyBqQ== Completed in 152ms
npm timing metavuln:cache:get:security-advisory:next:yUMYj8Dn5FtiQukesvIM6nN+0pF7xT4MTvfwNyG8V2sLOtPxPIrVStVUT2pdeSKG5qq/RTa9T+LiB9o7WZhZKA== Completed in 153ms
npm timing metavuln:cache:get:security-advisory:next:xzdJmsYdvRh0EQkDGL0AyVFiSXnitWj2NAhYTh3IKGb+bmS+UTMQEFlAApq2S61UaSRojDWI97pB3MQWhXaqtQ== Completed in 153ms
npm timing metavuln:cache:get:security-advisory:next:DjRros6yRdbdMY1erdbppMnNz8Rmm2kj4blzhPIWdXeKoCHONkBZ5vVD4sP1pYEEvfI65YV96+RIqLpMSsquWw== Completed in 153ms
npm timing metavuln:cache:get:security-advisory:next:QS567o8JKcXXuwY6XgUM7iN0h1udbMICZ90PR0BPbALyE4LpXJa2pMgZmzYK7JIgCPBOcRocAGRvrI0FNRN1mw== Completed in 153ms
npm timing metavuln:cache:get:security-advisory:next:BPqX8jSKEW35PnDy8r1SGTHQhLIic/IfjienlQq8LFwmauE7Ce5RjzIw5W/PPwSATJecla0O4h/l+qNjjzPUcQ== Completed in 153ms
npm timing metavuln:cache:get:security-advisory:next:ZLUG2HrRQ82YKcCmqQseWvnIlwyr8cZtjKOAKVosnHoYP8HjWF1EuSjurwrvNDBZyCjJrVDZK3B+SIULeNAVPw== Completed in 153ms
npm timing metavuln:cache:get:security-advisory:next:ItJZ7qy1iUzxbodxayiejQRfV5cCQvX0fnpMwXLDBxbVruEW2O3qtQbmcGQKdCKBR49CjNmJDt46lWVTov1sQA== Completed in 153ms
npm timing metavuln:cache:get:security-advisory:next:owasql2RGfaRn6gCrEIYc1sLXkl1GuxqJbyX4pwqCr7f/tVRvnWuaIoanwkbKZ9RBWsvTnyiF9QrYyjzAdBqCg== Completed in 153ms
npm timing metavuln:cache:get:security-advisory:next:unIajp6lhtd8TlnbDyu03O9dAHAdyoPBnRJl7b7wYmHh7QTNefTOT1AH8NOkPJcV47ZUUiH1irG66Xfg+Lfo0g== Completed in 153ms
npm timing metavuln:cache:get:security-advisory:next:3TA4O3EmeHOziCX4u9l4IBFBAPxWeQGxoijidoX+ldET6YKxjUcLFRhQVFM5X6vREfhCEhSA9T7d5fKHVz2CcA== Completed in 153ms
npm timing metavuln:cache:get:security-advisory:next:GCi2VjQ+xIankByzHe4ZXO0Uwx2FJAEb3wwNZc/B4wp4HXVgOhv8Jd02gDZ/z3OGbsWKVMoiRfJ+NReCbZIsqA== Completed in 153ms
npm timing metavuln:cache:get:security-advisory:next:usPEHPdWuyjsh+HI2+rwEPUzXWKe09mdbdIIFpG2O1Zd2medsdvkN5wwKHxOzkpfm2FC7E54Nx/sY33UEU3C1Q== Completed in 153ms
npm timing metavuln:cache:get:security-advisory:next:cZ6OoV2Yic3pKTVKWM708NyiYbU3eZO1UXbYmn0kthDYcmREJe5mE1zcJHSOZi/YbdCxNy+idGHHRzG5idxOrA== Completed in 153ms
npm timing metavuln:cache:get:security-advisory:next:yos6Q/8ldNg4cAnbkKSHOmtu1rp9E1oF5bR0CEDZqA3wIlDCz8yt3pfi32dMl7zQ2lXJzGvCp5zUjdyEnHq0iQ== Completed in 153ms
npm timing metavuln:cache:get:security-advisory:next:fnio781IRK2W7XoS3G7Up6+M5VUvY4zyA/2G+Eju3xGfgF4bCbMLow1HCd16OUURxF7IqHyz6Yo0X2LxXAbeVQ== Completed in 153ms
npm timing metavuln:cache:get:security-advisory:next:946AF1QwAU4SXAd5aWKfhcmAGKxGvL49GMSiWwQAiLOdZGEKvKq1QQ8g5sAdE0gZU2B8U3brIPjWf7FHy89HAg== Completed in 153ms
npm timing metavuln:cache:get:security-advisory:next:ezdIQZO7Cc28S3fxmDpZW1cK5d5FOHnm/OuO5tdXzgfM3FtFExNbKkQD7IWliLd4erTD3l6mfyiXiGUWmfc42w== Completed in 153ms
npm timing metavuln:cache:get:security-advisory:next:hIOMnj58e6JD7YssvYqqWPbKmGbcOX4279r3BRBdpe6jkiF2DQgG4461MZNJC1Eb6xPZCSPQXC40NqUvq3DOqA== Completed in 153ms
npm timing metavuln:cache:get:security-advisory:next:0lMSV7d/KDMx7fptosIHMFw8GdGsFcTsiX3MLM9HVoau8oy472GdqZGTwmxXKKglh+IxWYWrNMgIt/FS6dy52w== Completed in 153ms
npm timing metavuln:cache:get:security-advisory:next:nv2rBRsNyDLLV5ggWzZklWeOI82UHketKRUuE6f7Dw5e+nYBG0c5+UM60D9sYlttfqGH6S1PZck6cr4hM5EG3w== Completed in 153ms
npm timing metavuln:cache:get:security-advisory:next:7Gm25JCrbDejm3fVWTBiQaOTb5IjvtYhe6UUqrVfnyuSIwLt70Ur6MOdmTGi5ifeqdlXHcopu4tkvtTV7PaE6A== Completed in 153ms
npm timing metavuln:cache:get:security-advisory:postcss:AESkqup7C9sLtHL0OzenAvihqmLzSTOW4+0zIkCCeUjI0qvgEu/UCFfVCIlWzUpfDq20KxUSH5Ru8h4LoxJKRA== Completed in 153ms
npm timing metavuln:cache:get:security-advisory:postcss:685RVq5xScaqegAXk2BRJrsMaZmsz1d/volUoA67iVw3AvHhUlX03u+VPRrmo8iuObcSDvuZF+fuiOnLC9L1uA== Completed in 153ms
npm timing metavuln:cache:get:security-advisory:postcss:vffDf5zeMAO2NG2g47VKaOSrYbOxy9RP7hONH+CZvut446KUCIkc3Fp1vXR3T1gMxB3d9F68wTGe2BUQF6ut/w== Completed in 153ms
npm timing metavuln:cache:get:security-advisory:postcss:CYQpgMxvTqXBVaZq1NAr4RIFkWLFCwyobLa0hEv7E4gMg411Yb94I7Uru51Ci3hUITmSGFK7DCDkX4TqzQYsaw== Completed in 153ms
npm timing metavuln:cache:get:security-advisory:picomatch:GSQ5ghUF1JWDKMssoydWDVRebjlPePRwktLhrdWzXCq5xeBXdo4Cm9HGHnH2b6P1Nq93YjwPmimVjAx6kge32A== Completed in 153ms
npm timing metavuln:cache:get:security-advisory:picomatch:H8EHkZXRRUdil3DyUl8tc8lCQUliQzjc5H5D4llqFojH152sBqO1suz3XiNiRQT++wJdWkgXe/zFc/Bbrrz6ng== Completed in 153ms
npm timing metavuln:cache:get:security-advisory:yaml:O6zOK1Cn9/3FZISL60o6/SOMQkiOfzmZ3FIQSh8ciqQQ3pt7Wl9H9Q/gRJuFGa9hM9N+9vhsYsf7hziTGiJueg== Completed in 153ms
npm timing metavuln:cache:get:security-advisory:yaml:3AQn1Aj8kwFHIquLochLADJtKOJ++bvPtGJHT6dWct73zyp4H3E792uuAF7M2BJRI4DEvXF3aOujF4vdnIDz2g== Completed in 153ms
npm timing metavuln:cache:get:security-advisory:postcss-selector-parser:covT+MWoMY27HNo8VBw80yY9txe9EcZ0OTaXxzPnTvlgv/pmVZ5EoTwL+VQRgBrpLVxAWtUxZrw6bhMqh9EoHA== Completed in 153ms
npm timing metavuln:cache:get:security-advisory:qs:d8aA3MRUHa+nR6p36dDWdh9BwhbY3Ab8gcBS2sP0Jimkk/dzqKymXgU6A8cPdzE765SO0b2GGEOl3D6hJIniZQ== Completed in 153ms
npm timing metavuln:cache:get:security-advisory:qs:qvnFu5Nxt6nk4ZnzBM90Jkp6uhl+WmmOIhp+23qQRnTmnSs41hgsdsDx5uj/JdS2OgYbGnp6tGqfy7F4YN2CIQ== Completed in 153ms
npm timing metavuln:cache:get:security-advisory:qs:vVSN+MRVpdux32gCUfPGidHUGmS/0G5Ziwtmb1YXw3NARw1r47LtySeR7yFf/LZ4sKzi41443WWDDZzPHuCh9g== Completed in 153ms
npm timing metavuln:cache:get:security-advisory:qs:iChjlXxtVMTpyXsUse674XoeCayLW4gF6rE7sQcXvHRFegwpM44fUr9Eqlmsmu+S9udu9w9eZmpzcAcyiUJMIQ== Completed in 153ms
npm timing metavuln:cache:get:security-advisory:svelte:3s0Qq5XXXRKbbBb9rHHXE2mVZLnRImYOzivnNNkwm6JPGyEAQFno6PVyyP5BcbmaWI0+NAG78CAzE5IuRmtT+w== Completed in 153ms
npm timing metavuln:cache:get:security-advisory:svelte:MCHw41aPk2/ogFG8kqFCukDYZ1G1FNwZLHTOQW8DmfvGt9ugO0dmR6+e/S0vO9ZBzXzXw6T9Vi7993ZFOPExJA== Completed in 152ms
npm timing metavuln:cache:get:security-advisory:svelte:MdOFgwJGjZhlbAZATVNncPAHVdp6q2T7pLpdXLpV+XritW1du25dMvMxVHCU/ssZSy9ZhYrjGL8meVqz2dGe3w== Completed in 152ms
npm timing metavuln:cache:get:security-advisory:svelte:SgU8S6OjNnKvMan5E5tqS+jzFOtQA7nI139BtttrGNMxHl6vI1vnsD0Hw5PmljkWmKVPTmF7gAtNjqW66ewZ7Q== Completed in 152ms
npm timing metavuln:cache:get:security-advisory:svelte:rIl0JqhEKi+XVrSnd7O67KEppWTvFu5xPkW1wznRQYPG1tBwWVx7w0fyyVgCILrqU3Nwrf7get1uteGiNlnzcw== Completed in 152ms
npm timing metavuln:cache:get:security-advisory:svelte:WtGIvGamDFlCkHfATZriimtgHhESOe5Zj+VhlIlT6FxGiw2BeyzisFGtUajqclSLUqhe9mppj+zbP/YX+6RvOw== Completed in 152ms
npm timing metavuln:cache:get:security-advisory:uuid:fjKShcKspemxj7050oTyq4F6Ys6oXOzZoO3QUapp6PgJCcrmTMbXQaxkcJ1QLLNHzsQ9sgLuhrlezjv+hoSUhg== Completed in 152ms
npm timing reifyNode:node_modules/natural-compare Completed in 4708ms
npm timing reifyNode:node_modules/eastasianwidth Completed in 4722ms
npm timing reifyNode:node_modules/client-only Completed in 4740ms
npm timing reifyNode:node_modules/boolbase Completed in 4740ms
npm timing reifyNode:node_modules/@mui/core-downloads-tracker Completed in 4749ms
npm timing reifyNode:node_modules/wrap-ansi-cjs Completed in 4761ms
npm timing reifyNode:node_modules/wrappy Completed in 4762ms
npm timing reifyNode:node_modules/to-fast-properties Completed in 4766ms
npm timing reifyNode:node_modules/strip-bom Completed in 4766ms
npm timing reifyNode:node_modules/run-parallel Completed in 4769ms
npm timing reifyNode:node_modules/shebang-command Completed in 4770ms
npm timing reifyNode:node_modules/rehype Completed in 4771ms
npm timing reifyNode:node_modules/read-cache Completed in 4772ms
npm timing reifyNode:node_modules/resolve-from Completed in 4772ms
npm timing reifyNode:node_modules/pify Completed in 4772ms
npm timing reifyNode:node_modules/path-parse Completed in 4772ms
npm timing reifyNode:node_modules/path-is-absolute Completed in 4773ms
npm timing reifyNode:node_modules/parent-module Completed in 4773ms
npm timing reifyNode:node_modules/once Completed in 4773ms
npm timing reifyNode:node_modules/object-assign Completed in 4773ms
npm timing reifyNode:node_modules/ms Completed in 4774ms
npm timing reifyNode:node_modules/normalize-path Completed in 4774ms
npm timing reifyNode:node_modules/micromark-util-resolve-all Completed in 4775ms
npm timing reifyNode:node_modules/micromark-util-html-tag-name Completed in 4775ms
npm timing reifyNode:node_modules/micromark-util-combine-extensions Completed in 4775ms
npm timing reifyNode:node_modules/micromark-util-encode Completed in 4776ms
npm timing reifyNode:node_modules/merge2 Completed in 4776ms
npm timing reifyNode:node_modules/isarray Completed in 4779ms
npm timing reifyNode:node_modules/is-number Completed in 4781ms
npm timing reifyNode:node_modules/is-extglob Completed in 4781ms
npm warn deprecated inflight@1.0.6: This module is not supported, and leaks memory. Do not use it. Check out lru-cache if you want a good and tested way to coalesce async requests by a key value, which is much more comprehensive and powerful.
npm timing reifyNode:node_modules/inflight Completed in 4781ms
npm timing reifyNode:node_modules/imurmurhash Completed in 4781ms
npm timing reifyNode:node_modules/has-flag Completed in 4784ms
npm timing reifyNode:node_modules/glob-parent Completed in 4784ms
npm timing reifyNode:node_modules/fast-levenshtein Completed in 4786ms
npm timing reifyNode:node_modules/eslint-config-next Completed in 4787ms
npm timing reifyNode:node_modules/eslint-import-resolver-node Completed in 4787ms
npm timing reifyNode:node_modules/error-ex Completed in 4788ms
npm timing reifyNode:node_modules/dir-glob Completed in 4789ms
npm timing reifyNode:node_modules/convert-source-map Completed in 4789ms
npm timing reifyNode:node_modules/brace-expansion Completed in 4795ms
npm timing reifyNode:node_modules/ansi-styles Completed in 4798ms
npm timing reifyNode:node_modules/@types/webidl-conversions Completed in 4800ms
npm timing reifyNode:node_modules/@types/qs Completed in 4800ms
npm timing reifyNode:node_modules/@types/ms Completed in 4800ms
npm timing reifyNode:node_modules/@types/hast Completed in 4800ms
npm timing reifyNode:node_modules/@types/json5 Completed in 4800ms
npm timing reifyNode:node_modules/@types/prop-types Completed in 4800ms
npm timing reifyNode:node_modules/@types/unist Completed in 4800ms
npm timing reifyNode:node_modules/@types/diff-match-patch Completed in 4800ms
npm timing reifyNode:node_modules/@types/estree-jsx Completed in 4800ms
npm timing reifyNode:node_modules/@swc/counter Completed in 4802ms
npm timing reifyNode:node_modules/@types/debug Completed in 4802ms
npm timing reifyNode:node_modules/@nolyfill/is-core-module Completed in 4804ms
npm timing reifyNode:node_modules/@types/parse-json Completed in 4804ms
npm timing reifyNode:node_modules/wrap-ansi-cjs/node_modules/color-name Completed in 4811ms
npm timing reifyNode:node_modules/refractor/node_modules/@types/unist Completed in 4810ms
npm timing reifyNode:node_modules/parse-entities/node_modules/@types/unist Completed in 4810ms
npm timing reifyNode:node_modules/refractor/node_modules/@types/hast Completed in 4811ms
npm timing reifyNode:node_modules/eslint/node_modules/color-name Completed in 4810ms
npm timing reifyNode:node_modules/cosmiconfig/node_modules/parse-json Completed in 4809ms
npm timing reifyNode:node_modules/chalk/node_modules/escape-string-regexp Completed in 4809ms
npm timing reifyNode:node_modules/yocto-queue Completed in 4814ms
npm timing reifyNode:node_modules/wrap-ansi Completed in 4814ms
npm timing reifyNode:node_modules/word-wrap Completed in 4814ms
npm timing reifyNode:node_modules/web-namespaces Completed in 4817ms
npm timing reifyNode:node_modules/trim-lines Completed in 4817ms
npm timing reifyNode:node_modules/to-regex-range Completed in 4817ms
npm timing reifyNode:node_modules/thenify Completed in 4818ms
npm timing reifyNode:node_modules/thenify-all Completed in 4818ms
npm timing reifyNode:node_modules/supports-color Completed in 4818ms
npm timing reifyNode:node_modules/strip-ansi Completed in 4818ms
npm timing reifyNode:node_modules/strip-json-comments Completed in 4818ms
npm timing reifyNode:node_modules/string-width-cjs Completed in 4818ms
npm timing reifyNode:node_modules/strip-ansi-cjs Completed in 4818ms
npm timing reifyNode:node_modules/space-separated-tokens Completed in 4818ms
npm timing reifyNode:node_modules/string-width Completed in 4818ms
npm timing reifyNode:node_modules/shebang-regex Completed in 4819ms
npm timing reifyNode:node_modules/slash Completed in 4820ms
npm timing reifyNode:node_modules/queue-microtask Completed in 4820ms
npm timing reifyNode:node_modules/postcss-nested Completed in 4821ms
npm timing reifyNode:node_modules/path-type Completed in 4821ms
npm timing reifyNode:node_modules/path-key Completed in 4821ms
npm timing reifyNode:node_modules/path-exists Completed in 4821ms
npm timing reifyNode:node_modules/parse-json Completed in 4821ms
npm timing reifyNode:node_modules/p-limit Completed in 4821ms
npm timing reifyNode:node_modules/p-locate Completed in 4821ms
npm timing reifyNode:node_modules/longest-streak Completed in 4825ms
npm timing reifyNode:node_modules/locate-path Completed in 4826ms
npm timing reifyNode:node_modules/json-parse-even-better-errors Completed in 4826ms
npm timing reifyNode:node_modules/is-plain-obj Completed in 4827ms
npm timing reifyNode:node_modules/is-path-inside Completed in 4828ms
npm timing reifyNode:node_modules/is-hexadecimal Completed in 4828ms
npm timing reifyNode:node_modules/is-fullwidth-code-point Completed in 4828ms
npm timing reifyNode:node_modules/is-glob Completed in 4829ms
npm timing reifyNode:node_modules/is-decimal Completed in 4828ms
npm timing reifyNode:node_modules/is-binary-path Completed in 4828ms
npm timing reifyNode:node_modules/is-alphabetical Completed in 4828ms
npm timing reifyNode:node_modules/is-alphanumerical Completed in 4828ms
npm timing reifyNode:node_modules/inherits Completed in 4829ms
npm timing reifyNode:node_modules/index-to-position Completed in 4829ms
npm timing reifyNode:node_modules/humanize-ms Completed in 4829ms
npm timing reifyNode:node_modules/import-fresh Completed in 4829ms
npm timing reifyNode:node_modules/html-void-elements Completed in 4829ms
npm timing reifyNode:node_modules/find-up Completed in 4832ms
npm timing reifyNode:node_modules/fill-range Completed in 4832ms
npm timing reifyNode:node_modules/escape-string-regexp Completed in 4834ms
npm timing reifyNode:node_modules/didyoumean Completed in 4835ms
npm timing reifyNode:node_modules/comma-separated-tokens Completed in 4836ms
npm timing reifyNode:node_modules/character-entities-legacy Completed in 4836ms
npm timing reifyNode:node_modules/character-reference-invalid Completed in 4836ms
npm timing reifyNode:node_modules/character-entities-html4 Completed in 4836ms
npm timing reifyNode:node_modules/ccount Completed in 4852ms
npm timing reifyNode:node_modules/camelcase-css Completed in 4852ms
npm timing reifyNode:node_modules/callsites Completed in 4852ms
npm timing reifyNode:node_modules/bail Completed in 4853ms
npm timing reifyNode:node_modules/array-union Completed in 4854ms
npm timing reifyNode:node_modules/anymatch Completed in 4854ms
npm timing reifyNode:node_modules/arg Completed in 4854ms
npm timing reifyNode:node_modules/ansi-regex Completed in 4854ms
npm timing reifyNode:node_modules/@types/node-fetch Completed in 4856ms
npm timing reifyNode:node_modules/wrap-ansi-cjs/node_modules/string-width Completed in 4865ms
npm timing reifyNode:node_modules/wrap-ansi/node_modules/strip-ansi Completed in 4865ms
npm timing reifyNode:node_modules/wrap-ansi/node_modules/ansi-regex Completed in 4865ms
npm timing reifyNode:node_modules/string-width/node_modules/ansi-regex Completed in 4864ms
npm timing reifyNode:node_modules/@mui/types Completed in 4861ms
npm timing reifyNode:node_modules/string-width/node_modules/strip-ansi Completed in 4864ms
npm timing reifyNode:node_modules/mdast-util-find-and-replace/node_modules/escape-string-regexp Completed in 4864ms
npm timing reifyNode:node_modules/node-fetch/node_modules/webidl-conversions Completed in 4864ms
npm timing reifyNode:node_modules/fast-glob/node_modules/glob-parent Completed in 4864ms
npm timing reifyNode:node_modules/eslint/node_modules/supports-color Completed in 4864ms
npm timing reifyNode:node_modules/chokidar/node_modules/glob-parent Completed in 4863ms
npm timing reifyNode:node_modules/@isaacs/cliui/node_modules/strip-ansi Completed in 4863ms
npm timing reifyNode:node_modules/@isaacs/cliui/node_modules/ansi-regex Completed in 4864ms
npm timing reifyNode:node_modules/zwitch Completed in 4868ms
npm timing reifyNode:node_modules/eslint/node_modules/has-flag Completed in 4866ms
npm timing reifyNode:node_modules/util-deprecate Completed in 4869ms
npm timing reifyNode:node_modules/micromark-util-types Completed in 4875ms
npm timing reifyNode:node_modules/memory-pager Completed in 4876ms
npm timing reifyNode:node_modules/js-tokens Completed in 4878ms
npm timing reifyNode:node_modules/fs.realpath Completed in 4883ms
npm timing reifyNode:node_modules/esrecurse Completed in 4883ms
npm timing reifyNode:node_modules/direction Completed in 4884ms
npm timing reifyNode:node_modules/combined-stream Completed in 4892ms
npm timing reifyNode:node_modules/balanced-match Completed in 4900ms
npm timing reifyNode:node_modules/@rtsao/scc Completed in 4904ms
npm timing reifyNode:node_modules/@alloc/quick-lru Completed in 4907ms
npm timing reifyNode:node_modules/wrap-ansi/node_modules/ansi-styles Completed in 4913ms
npm timing reifyNode:node_modules/wrap-ansi-cjs/node_modules/ansi-styles Completed in 4913ms
npm timing reifyNode:node_modules/glob/node_modules/brace-expansion Completed in 4911ms
npm timing reifyNode:node_modules/eslint/node_modules/ansi-styles Completed in 4912ms
npm timing reifyNode:node_modules/@typescript-eslint/typescript-estree/node_modules/brace-expansion Completed in 4911ms
npm timing reifyNode:node_modules/which Completed in 4916ms
npm timing reifyNode:node_modules/webidl-conversions Completed in 4916ms
npm timing reifyNode:node_modules/tailwindcss-animate Completed in 4918ms
npm timing reifyNode:node_modules/sparse-bitfield Completed in 4918ms
npm timing reifyNode:node_modules/regenerator-runtime Completed in 4920ms
npm timing reifyNode:node_modules/readdirp Completed in 4920ms
npm timing reifyNode:node_modules/periscopic Completed in 4920ms
npm timing reifyNode:node_modules/picocolors Completed in 4921ms
npm timing reifyNode:node_modules/pirates Completed in 4921ms
npm timing reifyNode:node_modules/not Completed in 4922ms
npm timing reifyNode:node_modules/minimatch Completed in 4922ms
npm timing reifyNode:node_modules/mime-types Completed in 4922ms
npm timing reifyNode:node_modules/micromark-extension-gfm Completed in 4924ms
npm timing reifyNode:node_modules/markdown-table Completed in 4925ms
npm timing reifyNode:node_modules/json-buffer Completed in 4925ms
npm timing reifyNode:node_modules/invariant Completed in 4927ms
npm timing reifyNode:node_modules/graceful-fs Completed in 4928ms
npm timing reifyNode:node_modules/github-slugger Completed in 4929ms
npm timing reifyNode:node_modules/globals Completed in 4929ms
npm timing reifyNode:node_modules/file-entry-cache Completed in 4930ms
npm timing reifyNode:node_modules/delayed-stream Completed in 4934ms
npm timing reifyNode:node_modules/decode-named-character-reference Completed in 4935ms
npm timing reifyNode:node_modules/color-name Completed in 4935ms
npm timing reifyNode:node_modules/bcp-47-match Completed in 4945ms
npm timing reifyNode:node_modules/character-entities Completed in 4945ms
npm timing reifyNode:node_modules/binary-extensions Completed in 4945ms
npm timing reifyNode:node_modules/babel-plugin-macros Completed in 4947ms
npm timing reifyNode:node_modules/@types/estree Completed in 4949ms
npm timing reifyNode:node_modules/@types/mdast Completed in 4949ms
npm timing reifyNode:node_modules/@next/env Completed in 4951ms
npm warn deprecated @humanwhocodes/config-array@0.11.14: Use @eslint/config-array instead
npm timing reifyNode:node_modules/@humanwhocodes/config-array Completed in 4952ms
npm warn deprecated rimraf@3.0.2: Rimraf versions prior to v4 are no longer supported
npm timing reifyNode:node_modules/rimraf Completed in 4964ms
npm timing reifyNode:node_modules/parse-numeric-range Completed in 4966ms
npm timing reifyNode:node_modules/micromatch Completed in 4969ms
npm timing reifyNode:node_modules/loose-envify Completed in 4972ms
npm timing reifyNode:node_modules/lines-and-columns Completed in 4972ms
npm timing reifyNode:node_modules/lodash.merge Completed in 4973ms
npm timing reifyNode:node_modules/is-arrayish Completed in 4974ms
npm timing reifyNode:node_modules/find-root Completed in 4979ms
npm timing reifyNode:node_modules/acorn-jsx Completed in 4986ms
npm timing reifyNode:node_modules/postcss-load-config/node_modules/lilconfig Completed in 4995ms
npm timing reifyNode:node_modules/which-builtin-type Completed in 5000ms
npm timing reifyNode:node_modules/punycode Completed in 5003ms
npm timing reifyNode:node_modules/micromark-util-normalize-identifier Completed in 5006ms
npm timing reifyNode:node_modules/micromark-util-decode-string Completed in 5006ms
npm timing reifyNode:node_modules/micromark-util-classify-character Completed in 5006ms
npm timing reifyNode:node_modules/micromark-factory-title Completed in 5006ms
npm timing reifyNode:node_modules/micromark-factory-whitespace Completed in 5006ms
npm timing reifyNode:node_modules/micromark-factory-space Completed in 5006ms
npm timing reifyNode:node_modules/micromark-util-decode-numeric-character-reference Completed in 5006ms
npm timing reifyNode:node_modules/keyv Completed in 5008ms
npm timing reifyNode:node_modules/is-reference Completed in 5010ms
npm timing reifyNode:node_modules/html-url-attributes Completed in 5010ms
npm timing reifyNode:node_modules/hast-util-to-string Completed in 5010ms
npm timing reifyNode:node_modules/globby Completed in 5012ms
npm timing reifyNode:node_modules/damerau-levenshtein Completed in 5016ms
npm timing reifyNode:node_modules/concat-map Completed in 5015ms
npm timing reifyNode:node_modules/color-convert Completed in 5015ms
npm timing reifyNode:node_modules/@types/prismjs Completed in 5026ms
npm timing reifyNode:node_modules/wrap-ansi-cjs/node_modules/color-convert Completed in 5036ms
npm timing reifyNode:node_modules/eslint/node_modules/color-convert Completed in 5035ms
npm timing reifyNode:node_modules/use-local-storage-state Completed in 5039ms
npm timing reifyNode:node_modules/unist-util-stringify-position Completed in 5039ms
npm timing reifyNode:node_modules/unist-util-position Completed in 5039ms
npm timing reifyNode:node_modules/rehype-slug Completed in 5042ms
npm timing reifyNode:node_modules/rehype-raw Completed in 5042ms
npm timing reifyNode:node_modules/postcss-js Completed in 5042ms
npm timing reifyNode:node_modules/object-hash Completed in 5044ms
npm timing reifyNode:node_modules/micromark-extension-gfm-tagfilter Completed in 5044ms
npm timing reifyNode:node_modules/mdast-util-to-string Completed in 5044ms
npm timing reifyNode:node_modules/lilconfig Completed in 5045ms
npm timing reifyNode:node_modules/mdast-util-phrasing Completed in 5046ms
npm timing reifyNode:node_modules/json-schema Completed in 5046ms
npm timing reifyNode:node_modules/isexe Completed in 5046ms
npm timing reifyNode:node_modules/hast-util-whitespace Completed in 5047ms
npm timing reifyNode:node_modules/hast-util-parse-selector Completed in 5047ms
npm timing reifyNode:node_modules/hast-util-has-property Completed in 5048ms
npm timing reifyNode:node_modules/hast-util-heading-rank Completed in 5048ms
npm timing reifyNode:node_modules/gopd Completed in 5048ms
npm timing reifyNode:node_modules/extend Completed in 5049ms
npm timing reifyNode:node_modules/estree-util-is-identifier-name Completed in 5049ms
npm timing reifyNode:node_modules/estraverse Completed in 5050ms
npm timing reifyNode:node_modules/cssesc Completed in 5052ms
npm timing reifyNode:node_modules/chalk Completed in 5051ms
npm timing reifyNode:node_modules/@vue/compiler-ssr Completed in 5055ms
npm timing reifyNode:node_modules/@babel/highlight Completed in 5058ms
npm timing reifyNode:node_modules/@babel/helper-string-parser Completed in 5059ms
npm timing reifyNode:node_modules/@babel/code-frame Completed in 5059ms
npm timing reifyNode:node_modules/eslint/node_modules/globals Completed in 5062ms
npm timing reifyNode:node_modules/@eslint/eslintrc/node_modules/globals Completed in 5061ms
npm timing reifyNode:node_modules/stop-iteration-iterator Completed in 5068ms
npm timing reifyNode:node_modules/safe-regex-test Completed in 5069ms
npm timing reifyNode:node_modules/rehype-stringify Completed in 5069ms
npm timing reifyNode:node_modules/rehype-parse Completed in 5070ms
npm timing reifyNode:node_modules/mz Completed in 5071ms
npm timing reifyNode:node_modules/micromark-util-sanitize-uri Completed in 5072ms
npm timing reifyNode:node_modules/micromark-util-chunked Completed in 5072ms
npm timing reifyNode:node_modules/micromark-factory-destination Completed in 5072ms
npm timing reifyNode:node_modules/micromark-factory-label Completed in 5072ms
npm timing reifyNode:node_modules/iterator.prototype Completed in 5074ms
npm timing reifyNode:node_modules/hasown Completed in 5076ms
npm timing reifyNode:node_modules/has-bigints Completed in 5076ms
npm timing reifyNode:node_modules/diff-match-patch Completed in 5079ms
npm timing reifyNode:node_modules/@types/react-dom Completed in 5084ms
npm timing reifyNode:node_modules/@types/react-transition-group Completed in 5084ms
npm timing reifyNode:node_modules/@iconify/types Completed in 5087ms
npm timing reifyNode:node_modules/@iconify/tailwind Completed in 5087ms
npm warn deprecated glob@7.2.3: Glob versions prior to v9 are no longer supported
npm timing reifyNode:node_modules/rimraf/node_modules/glob Completed in 5092ms
npm timing reifyNode:node_modules/vfile-message Completed in 5095ms
npm timing reifyNode:node_modules/unist-util-is Completed in 5096ms
npm timing reifyNode:node_modules/supports-preserve-symlinks-flag Completed in 5097ms
npm timing reifyNode:node_modules/type-check Completed in 5098ms
npm timing reifyNode:node_modules/set-function-name Completed in 5097ms
npm timing reifyNode:node_modules/remark-stringify Completed in 5097ms
npm timing reifyNode:node_modules/remark-parse Completed in 5097ms
npm timing reifyNode:node_modules/remark-rehype Completed in 5097ms
npm timing reifyNode:node_modules/remark-gfm Completed in 5097ms
npm timing reifyNode:node_modules/parse-entities Completed in 5098ms
npm timing reifyNode:node_modules/mdast-util-mdxjs-esm Completed in 5099ms
npm timing reifyNode:node_modules/mdast-util-gfm-task-list-item Completed in 5100ms
npm timing reifyNode:node_modules/mdast-util-gfm-strikethrough Completed in 5100ms
npm timing reifyNode:node_modules/mdast-util-gfm-autolink-literal Completed in 5100ms
npm timing reifyNode:node_modules/mdast-util-gfm-footnote Completed in 5100ms
npm timing reifyNode:node_modules/mdast-util-gfm Completed in 5100ms
npm timing reifyNode:node_modules/mdast-util-find-and-replace Completed in 5100ms
npm timing reifyNode:node_modules/locate-character Completed in 5100ms
npm timing reifyNode:node_modules/jsesc Completed in 5101ms
npm timing reifyNode:node_modules/is-weakref Completed in 5101ms
npm timing reifyNode:node_modules/is-finalizationregistry Completed in 5102ms
npm timing reifyNode:node_modules/ignore Completed in 5102ms
npm timing reifyNode:node_modules/hast-util-to-parse5 Completed in 5102ms
npm timing reifyNode:node_modules/hast-util-from-parse5 Completed in 5102ms
npm timing reifyNode:node_modules/hast-util-is-element Completed in 5102ms
npm timing reifyNode:node_modules/es-set-tostringtag Completed in 5104ms
npm timing reifyNode:node_modules/define-properties Completed in 5105ms
npm timing reifyNode:node_modules/eslint-plugin-react/node_modules/semver Completed in 5116ms
npm timing reifyNode:node_modules/eslint-plugin-import/node_modules/semver Completed in 5116ms
npm timing reifyNode:node_modules/vfile-location Completed in 5120ms
npm timing reifyNode:node_modules/unist-util-visit Completed in 5121ms
npm timing reifyNode:node_modules/typed-array-length Completed in 5121ms
npm timing reifyNode:node_modules/rehype-autolink-headings Completed in 5122ms
npm timing reifyNode:node_modules/levn Completed in 5124ms
npm timing reifyNode:node_modules/language-tags Completed in 5124ms
npm timing reifyNode:node_modules/is-regex Completed in 5126ms
npm timing reifyNode:node_modules/is-array-buffer Completed in 5125ms
npm timing reifyNode:node_modules/has-property-descriptors Completed in 5126ms
npm timing reifyNode:node_modules/for-each Completed in 5127ms
npm timing reifyNode:node_modules/es-define-property Completed in 5128ms
npm timing reifyNode:node_modules/devlop Completed in 5129ms
npm timing reifyNode:node_modules/data-view-byte-length Completed in 5129ms
npm timing reifyNode:node_modules/commander Completed in 5128ms
npm timing reifyNode:node_modules/data-view-buffer Completed in 5130ms
npm timing reifyNode:node_modules/ast-types-flow Completed in 5132ms
npm timing reifyNode:node_modules/class-variance-authority/node_modules/clsx Completed in 5139ms
npm timing reifyNode:node_modules/unbox-primitive Completed in 5145ms
npm timing reifyNode:node_modules/resolve-pkg-maps Completed in 5146ms
npm timing reifyNode:node_modules/possible-typed-array-names Completed in 5146ms
npm timing reifyNode:node_modules/mdast-util-gfm-table Completed in 5148ms
npm timing reifyNode:node_modules/is-negative-zero Completed in 5149ms
npm timing reifyNode:node_modules/is-string Completed in 5149ms
npm timing reifyNode:node_modules/is-number-object Completed in 5150ms
npm timing reifyNode:node_modules/is-async-function Completed in 5149ms
npm timing reifyNode:node_modules/is-bigint Completed in 5149ms
npm timing reifyNode:node_modules/is-core-module Completed in 5149ms
npm timing reifyNode:node_modules/internal-slot Completed in 5149ms
npm timing reifyNode:node_modules/has-proto Completed in 5150ms
npm timing reifyNode:node_modules/functions-have-names Completed in 5150ms
npm timing reifyNode:node_modules/flat-cache Completed in 5150ms
npm timing reifyNode:node_modules/get-symbol-description Completed in 5151ms
npm timing reifyNode:node_modules/@eslint/js Completed in 5159ms
npm timing reifyNode:node_modules/wrap-ansi-cjs/node_modules/emoji-regex Completed in 5166ms
npm timing reifyNode:node_modules/string-width-cjs/node_modules/emoji-regex Completed in 5165ms
npm timing reifyNode:node_modules/which-boxed-primitive Completed in 5168ms
npm timing reifyNode:node_modules/which-collection Completed in 5168ms
npm timing reifyNode:node_modules/unist-util-filter Completed in 5168ms
npm timing reifyNode:node_modules/typed-array-byte-length Completed in 5168ms
npm timing reifyNode:node_modules/typed-array-buffer Completed in 5169ms
npm timing reifyNode:node_modules/typed-array-byte-offset Completed in 5169ms
npm timing reifyNode:node_modules/set-function-length Completed in 5169ms
npm timing reifyNode:node_modules/safe-array-concat Completed in 5169ms
npm timing reifyNode:node_modules/reusify Completed in 5169ms
npm timing reifyNode:node_modules/react-markdown Completed in 5170ms
npm timing reifyNode:node_modules/optionator Completed in 5170ms
npm timing reifyNode:node_modules/micromark-util-character Completed in 5171ms
npm timing reifyNode:node_modules/mdast-util-mdx-expression Completed in 5171ms
npm timing reifyNode:node_modules/is-shared-array-buffer Completed in 5172ms
npm timing reifyNode:node_modules/is-symbol Completed in 5172ms
npm timing reifyNode:node_modules/is-date-object Completed in 5172ms
npm timing reifyNode:node_modules/is-boolean-object Completed in 5172ms
npm timing reifyNode:node_modules/is-arguments Completed in 5172ms
npm timing reifyNode:node_modules/get-intrinsic Completed in 5172ms
npm timing reifyNode:node_modules/debug Completed in 5175ms
npm timing reifyNode:node_modules/data-view-byte-offset Completed in 5175ms
npm timing reifyNode:node_modules/deep-is Completed in 5175ms
npm timing reifyNode:node_modules/available-typed-arrays Completed in 5182ms
npm timing reifyNode:node_modules/array-buffer-byte-length Completed in 5183ms
npm timing reifyNode:node_modules/prop-types/node_modules/react-is Completed in 5191ms
npm timing reifyNode:node_modules/hoist-non-react-statics/node_modules/react-is Completed in 5191ms
npm timing reifyNode:node_modules/eslint/node_modules/chalk Completed in 5191ms
npm timing reifyNode:node_modules/trough Completed in 5196ms
npm timing reifyNode:node_modules/sswr Completed in 5196ms
npm timing reifyNode:node_modules/remark-github-blockquote-alert Completed in 5197ms
npm timing reifyNode:node_modules/react-is Completed in 5197ms
npm timing reifyNode:node_modules/object-keys Completed in 5197ms
npm timing reifyNode:node_modules/is-weakmap Completed in 5199ms
npm timing reifyNode:node_modules/is-typed-array Completed in 5200ms
npm timing reifyNode:node_modules/is-data-view Completed in 5199ms
npm timing reifyNode:node_modules/is-callable Completed in 5199ms
npm timing reifyNode:node_modules/form-data Completed in 5200ms
npm timing reifyNode:node_modules/es-shim-unscopables Completed in 5201ms
npm timing reifyNode:node_modules/es-object-atoms Completed in 5201ms
npm timing reifyNode:node_modules/detect-node-es Completed in 5202ms
npm timing reifyNode:node_modules/call-bind Completed in 5203ms
npm timing reifyNode:node_modules/@isaacs/cliui Completed in 5207ms
npm timing reifyNode:node_modules/side-channel Completed in 5215ms
npm timing reifyNode:node_modules/mdast-util-mdx-jsx Completed in 5217ms
npm timing reifyNode:node_modules/json-schema-traverse Completed in 5218ms
npm timing reifyNode:node_modules/is-weakset Completed in 5218ms
npm timing reifyNode:node_modules/is-set Completed in 5218ms
npm timing reifyNode:node_modules/is-map Completed in 5218ms
npm timing reifyNode:node_modules/hast-util-raw Completed in 5218ms
npm timing reifyNode:node_modules/eslint-plugin-react-hooks Completed in 5219ms
npm timing reifyNode:node_modules/define-data-property Completed in 5220ms
npm warn deprecated @humanwhocodes/object-schema@2.0.3: Use @eslint/object-schema instead
npm timing reifyNode:node_modules/@humanwhocodes/object-schema Completed in 5228ms
npm timing reifyNode:node_modules/which-typed-array Completed in 5236ms
npm timing reifyNode:node_modules/streamsearch Completed in 5237ms
npm timing reifyNode:node_modules/hoist-non-react-statics Completed in 5240ms
npm timing reifyNode:node_modules/@types/whatwg-url Completed in 5246ms
npm timing reifyNode:node_modules/rehype-rewrite Completed in 5257ms
npm timing reifyNode:node_modules/rehype-ignore Completed in 5257ms
npm timing reifyNode:node_modules/postcss-load-config Completed in 5257ms
npm timing reifyNode:node_modules/is-generator-function Completed in 5259ms
npm timing reifyNode:node_modules/clsx Completed in 5260ms
npm timing reifyNode:node_modules/class-variance-authority Completed in 5260ms
npm timing reifyNode:node_modules/agentkeepalive Completed in 5264ms
npm timing reifyNode:node_modules/@radix-ui/react-use-rect Completed in 5266ms
npm timing reifyNode:node_modules/@radix-ui/rect Completed in 5266ms
npm timing reifyNode:node_modules/@radix-ui/react-use-size Completed in 5266ms
npm timing reifyNode:node_modules/@radix-ui/react-use-layout-effect Completed in 5266ms
npm timing reifyNode:node_modules/@radix-ui/react-use-escape-keydown Completed in 5266ms
npm timing reifyNode:node_modules/@radix-ui/react-use-callback-ref Completed in 5267ms
npm timing reifyNode:node_modules/@radix-ui/react-label Completed in 5267ms
npm timing reifyNode:node_modules/@radix-ui/react-focus-guards Completed in 5267ms
npm timing reifyNode:node_modules/@radix-ui/react-use-controllable-state Completed in 5267ms
npm timing reifyNode:node_modules/@radix-ui/react-compose-refs Completed in 5267ms
npm timing reifyNode:node_modules/@radix-ui/react-id Completed in 5267ms
npm timing reifyNode:node_modules/@radix-ui/primitive Completed in 5268ms
npm timing reifyNode:node_modules/@radix-ui/react-arrow Completed in 5268ms
npm timing reifyNode:node_modules/@radix-ui/react-direction Completed in 5268ms
npm timing reifyNode:node_modules/refractor/node_modules/hast-util-parse-selector Completed in 5274ms
npm timing reifyNode:node_modules/eslint-import-resolver-node/node_modules/debug Completed in 5273ms
npm timing reifyNode:node_modules/eslint-plugin-import/node_modules/debug Completed in 5273ms
npm timing reifyNode:node_modules/eslint-module-utils/node_modules/debug Completed in 5273ms
npm timing reifyNode:node_modules/mime-db Completed in 5279ms
npm timing reifyNode:node_modules/is-bun-module Completed in 5280ms
npm timing reifyNode:node_modules/inline-style-parser Completed in 5280ms
npm timing reifyNode:node_modules/fast-deep-equal Completed in 5281ms
npm timing reifyNode:node_modules/esutils Completed in 5281ms
npm timing reifyNode:node_modules/dlv Completed in 5282ms
npm timing reifyNode:node_modules/best-effort-json-parser Completed in 5284ms
npm timing reifyNode:node_modules/argparse Completed in 5285ms
npm timing reifyNode:node_modules/@radix-ui/react-visually-hidden Completed in 5287ms
npm timing reifyNode:node_modules/@radix-ui/react-portal Completed in 5287ms
npm timing reifyNode:node_modules/@jridgewell/resolve-uri Completed in 5288ms
npm timing reifyNode:node_modules/@jridgewell/set-array Completed in 5288ms
npm timing reifyNode:node_modules/string.prototype.includes Completed in 5296ms
npm timing reifyNode:node_modules/string.prototype.repeat Completed in 5296ms
npm timing reifyNode:node_modules/hast-util-to-jsx-runtime Completed in 5298ms
npm timing reifyNode:node_modules/get-tsconfig Completed in 5298ms
npm timing reifyNode:node_modules/get-nonce Completed in 5298ms
npm timing reifyNode:node_modules/@radix-ui/react-primitive Completed in 5304ms
npm timing reifyNode:node_modules/@radix-ui/react-slot Completed in 5304ms
npm timing reifyNode:node_modules/@radix-ui/react-context Completed in 5304ms
npm timing reifyNode:node_modules/@radix-ui/react-collection Completed in 5304ms
npm timing reifyNode:node_modules/node-fetch/node_modules/whatwg-url Completed in 5310ms
npm timing reifyNode:node_modules/prop-types Completed in 5313ms
npm timing reifyNode:node_modules/function-bind Completed in 5315ms
npm timing reifyNode:node_modules/doctrine Completed in 5317ms
npm timing reifyNode:node_modules/chokidar Completed in 5317ms
npm timing reifyNode:node_modules/@vue/shared Completed in 5319ms
npm timing reifyNode:node_modules/@humanwhocodes/module-importer Completed in 5322ms
npm timing reifyNode:node_modules/eslint-plugin-react/node_modules/doctrine Completed in 5326ms
npm timing reifyNode:node_modules/eslint-plugin-import/node_modules/doctrine Completed in 5326ms
npm timing reifyNode:node_modules/string.prototype.trimstart Completed in 5330ms
npm timing reifyNode:node_modules/postcss-value-parser Completed in 5330ms
npm timing reifyNode:node_modules/object.fromentries Completed in 5330ms
npm timing reifyNode:node_modules/node-fetch Completed in 5331ms
npm timing reifyNode:node_modules/eslint-visitor-keys Completed in 5332ms
npm timing reifyNode:node_modules/deep-equal Completed in 5333ms
npm timing reifyNode:node_modules/@radix-ui/react-tabs Completed in 5337ms
npm timing reifyNode:node_modules/@radix-ui/react-presence Completed in 5338ms
npm timing reifyNode:node_modules/@radix-ui/react-focus-scope Completed in 5338ms
npm timing reifyNode:node_modules/@radix-ui/react-collapsible Completed in 5338ms
npm timing reifyNode:node_modules/vaul Completed in 5346ms
npm timing reifyNode:node_modules/unist-util-visit-parents Completed in 5347ms
npm timing reifyNode:node_modules/string.prototype.trimend Completed in 5348ms
npm timing reifyNode:node_modules/eslint-import-resolver-typescript Completed in 5349ms
npm timing reifyNode:node_modules/dotenv Completed in 5350ms
npm timing reifyNode:node_modules/cross-spawn Completed in 5350ms
npm timing reifyNode:node_modules/arraybuffer.prototype.slice Completed in 5355ms
npm timing reifyNode:node_modules/node-fetch/node_modules/tr46 Completed in 5362ms
npm timing reifyNode:node_modules/reflect.getprototypeof Completed in 5366ms
npm timing reifyNode:node_modules/prelude-ls Completed in 5365ms
npm timing reifyNode:node_modules/mongodb-connection-string-url Completed in 5366ms
npm timing reifyNode:node_modules/dequal Completed in 5368ms
npm timing reifyNode:node_modules/braces Completed in 5370ms
npm timing reifyNode:node_modules/array.prototype.flat Completed in 5371ms
npm timing reifyNode:node_modules/@radix-ui/react-roving-focus Completed in 5372ms
npm timing reifyNode:node_modules/@radix-ui/react-dismissable-layer Completed in 5372ms
npm timing reifyNode:node_modules/ts-interface-checker Completed in 5381ms
npm timing reifyNode:node_modules/tr46 Completed in 5381ms
npm timing reifyNode:node_modules/picomatch Completed in 5381ms
npm timing reifyNode:node_modules/object.groupby Completed in 5381ms
npm timing reifyNode:node_modules/object-is Completed in 5382ms
npm timing reifyNode:node_modules/has-symbols Completed in 5382ms
npm timing reifyNode:node_modules/espree Completed in 5383ms
npm timing reifyNode:node_modules/es-errors Completed in 5383ms
npm timing reifyNode:node_modules/array.prototype.tosorted Completed in 5385ms
npm timing reifyNode:node_modules/array.prototype.findlastindex Completed in 5385ms
npm timing reifyNode:node_modules/@babel/helper-validator-identifier Completed in 5388ms
npm timing reifyNode:node_modules/string.prototype.trim Completed in 5394ms
npm timing reifyNode:node_modules/regexp.prototype.flags Completed in 5395ms
npm timing reifyNode:node_modules/rehype-attr Completed in 5395ms
npm timing reifyNode:node_modules/has-tostringtag Completed in 5396ms
npm timing reifyNode:node_modules/estree-walker Completed in 5396ms
npm timing reifyNode:node_modules/array-includes Completed in 5399ms
npm timing reifyNode:node_modules/array.prototype.flatmap Completed in 5400ms
npm timing reifyNode:node_modules/@radix-ui/react-popper Completed in 5400ms
npm timing reifyNode:node_modules/@radix-ui/react-dialog Completed in 5400ms
npm timing reifyNode:node_modules/@radix-ui/react-accordion Completed in 5401ms
npm timing reifyNode:node_modules/@floating-ui/react-dom Completed in 5402ms
npm timing reifyNode:node_modules/string.prototype.matchall Completed in 5408ms
npm timing reifyNode:node_modules/object.values Completed in 5408ms
npm timing reifyNode:node_modules/globalthis Completed in 5410ms
npm timing reifyNode:node_modules/@typescript-eslint/parser Completed in 5413ms
npm timing reifyNode:node_modules/tslib Completed in 5422ms
npm timing reifyNode:node_modules/postcss-import Completed in 5422ms
npm timing reifyNode:node_modules/fastq Completed in 5423ms
npm timing reifyNode:node_modules/es-get-iterator Completed in 5424ms
npm timing reifyNode:node_modules/array.prototype.findlast Completed in 5426ms
npm timing reifyNode:node_modules/@radix-ui/react-tooltip Completed in 5427ms
npm timing reifyNode:node_modules/swrev Completed in 5435ms
npm timing reifyNode:node_modules/hast-util-from-html Completed in 5435ms
npm timing reifyNode:node_modules/es-to-primitive Completed in 5436ms
npm timing metavuln:packument:postcss-selector-parser Completed in 1203ms
npm timing metavuln:load:security-advisory:postcss-selector-parser:1153170 Completed in 2ms
npm timing reifyNode:node_modules/@emotion/unitless Completed in 5442ms
npm timing metavuln:packument:brace-expansion Completed in 1225ms
npm timing metavuln:load:security-advisory:brace-expansion:1105443 Completed in 1ms
npm timing metavuln:load:security-advisory:brace-expansion:1105444 Completed in 0ms
npm timing metavuln:load:security-advisory:brace-expansion:1130588 Completed in 0ms
npm timing metavuln:load:security-advisory:brace-expansion:1130589 Completed in 1ms
npm timing metavuln:load:security-advisory:brace-expansion:1130736 Completed in 1ms
npm timing metavuln:load:security-advisory:brace-expansion:1130737 Completed in 1ms
npm timing metavuln:load:security-advisory:brace-expansion:1115540 Completed in 0ms
npm timing metavuln:load:security-advisory:brace-expansion:1115541 Completed in 0ms
npm timing metavuln:load:security-advisory:brace-expansion:1123896 Completed in 1ms
npm timing metavuln:load:security-advisory:brace-expansion:1123897 Completed in 0ms
npm timing metavuln:packument:cross-spawn Completed in 1231ms
npm timing metavuln:load:security-advisory:cross-spawn:1104664 Completed in 0ms
npm timing reifyNode:node_modules/aria-hidden Completed in 5466ms
npm timing reifyNode:node_modules/abort-controller Completed in 5467ms
npm timing reifyNode:node_modules/@eslint-community/eslint-utils Completed in 5468ms
npm timing reifyNode:node_modules/@babel/helper-module-imports Completed in 5479ms
npm timing reifyNode:node_modules/unified Completed in 5486ms
npm timing reifyNode:node_modules/object.entries Completed in 5485ms
npm timing reifyNode:node_modules/micromark-util-symbol Completed in 5486ms
npm timing reifyNode:node_modules/json5 Completed in 5487ms
npm timing reifyNode:node_modules/flatted Completed in 5486ms
npm timing metavuln:packument:form-data Completed in 1258ms
npm timing metavuln:load:security-advisory:form-data:1109538 Completed in 1ms
npm timing metavuln:load:security-advisory:form-data:1120743 Completed in 0ms
npm timing reifyNode:node_modules/function.prototype.name Completed in 5499ms
npm timing metavuln:packument:jsondiffpatch Completed in 1269ms
npm timing metavuln:load:security-advisory:jsondiffpatch:1108189 Completed in 2ms
npm timing metavuln:load:security-advisory:jsondiffpatch:1147954 Completed in 0ms
npm timing reifyNode:node_modules/event-target-shim Completed in 5512ms
npm timing reifyNode:node_modules/style-to-object Completed in 5523ms
npm timing reifyNode:node_modules/text-table Completed in 5524ms
npm timing reifyNode:node_modules/mdast-util-from-markdown Completed in 5524ms
npm timing reifyNode:node_modules/json-stable-stringify-without-jsonify Completed in 5524ms
npm timing reifyNode:node_modules/fast-json-stable-stringify Completed in 5524ms
npm timing reifyNode:node_modules/eslint-module-utils Completed in 5524ms
npm timing reifyNode:node_modules/emoji-regex Completed in 5525ms
npm timing metavuln:packument:picomatch Completed in 1292ms
npm timing metavuln:load:security-advisory:picomatch:1115549 Completed in 0ms
npm timing metavuln:load:security-advisory:picomatch:1115552 Completed in 1ms
npm timing reifyNode:node_modules/@jridgewell/gen-mapping Completed in 5529ms
npm timing reifyNode:node_modules/@eslint-community/regexpp Completed in 5528ms
npm timing reifyNode:node_modules/code-red Completed in 5536ms
npm timing reifyNode:node_modules/@ai-sdk/solid Completed in 5541ms
npm timing metavuln:packument:yaml Completed in 1316ms
npm timing metavuln:load:security-advisory:yaml:1115555 Completed in 1ms
npm timing metavuln:load:security-advisory:yaml:1115556 Completed in 1ms
npm timing reifyNode:node_modules/@typescript-eslint/visitor-keys Completed in 5554ms
npm timing reifyNode:node_modules/@floating-ui/dom Completed in 5554ms
npm timing reifyNode:node_modules/@ai-sdk/vue Completed in 5555ms
npm timing reifyNode:node_modules/@ai-sdk/provider Completed in 5555ms
npm timing metavuln:packument:js-yaml Completed in 1332ms
npm timing metavuln:load:security-advisory:js-yaml:1112715 Completed in 1ms
npm timing metavuln:load:security-advisory:js-yaml:1121860 Completed in 0ms
npm timing metavuln:load:security-advisory:js-yaml:1123911 Completed in 1ms
npm timing metavuln:load:security-advisory:js-yaml:1138115 Completed in 1ms
npm timing metavuln:load:security-advisory:js-yaml:1193727 Completed in 1ms
npm timing metavuln:packument:flatted Completed in 1339ms
npm timing metavuln:load:security-advisory:flatted:1114526 Completed in 0ms
npm timing metavuln:load:security-advisory:flatted:1115357 Completed in 5ms
npm timing reifyNode:node_modules/@ai-sdk/openai Completed in 5577ms
npm timing reifyNode:node_modules/object.assign Completed in 5583ms
npm timing reifyNode:node_modules/micromark-util-subtokenize Completed in 5583ms
npm timing reifyNode:node_modules/micromark-extension-gfm-task-list-item Completed in 5583ms
npm timing reifyNode:node_modules/@ai-sdk/svelte Completed in 5587ms
npm timing reifyNode:node_modules/ai/node_modules/@ai-sdk/provider Completed in 5588ms
npm timing reifyNode:node_modules/@ai-sdk/vue/node_modules/@ai-sdk/provider Completed in 5587ms
npm timing reifyNode:node_modules/@ai-sdk/svelte/node_modules/@ai-sdk/provider Completed in 5588ms
npm timing reifyNode:node_modules/@ai-sdk/solid/node_modules/@ai-sdk/provider Completed in 5588ms
npm timing reifyNode:node_modules/@ai-sdk/ui-utils/node_modules/@ai-sdk/provider Completed in 5588ms
npm timing reifyNode:node_modules/@ai-sdk/react/node_modules/@ai-sdk/provider Completed in 5588ms
npm timing metavuln:packument:uuid Completed in 1362ms
npm timing metavuln:load:security-advisory:uuid:1119441 Completed in 0ms
npm timing reifyNode:node_modules/asynckit Completed in 5598ms
npm timing reifyNode:node_modules/@pkgjs/parseargs Completed in 5599ms
npm timing reifyNode:node_modules/@floating-ui/core Completed in 5599ms
npm timing reifyNode:node_modules/@emotion/memoize Completed in 5599ms
npm timing reifyNode:node_modules/secure-json-parse Completed in 5606ms
npm timing reifyNode:node_modules/micromark-extension-gfm-strikethrough Completed in 5606ms
npm timing metavuln:packument:lodash Completed in 1375ms
npm timing metavuln:load:security-advisory:lodash:1120370 Completed in 1ms
npm timing metavuln:load:security-advisory:lodash:1115806 Completed in 1ms
npm timing metavuln:load:security-advisory:lodash:1115810 Completed in 1ms
npm timing reifyNode:node_modules/@ungap/structured-clone Completed in 5611ms
npm timing reifyNode:node_modules/@emotion/weak-memoize Completed in 5612ms
npm timing reifyNode:node_modules/@emotion/hash Completed in 5612ms
npm timing reifyNode:node_modules/@ai-sdk/react Completed in 5613ms
npm timing reifyNode:node_modules/openai/node_modules/undici-types Completed in 5616ms
npm timing reifyNode:node_modules/eslint-scope Completed in 5619ms
npm timing reifyNode:node_modules/@jridgewell/sourcemap-codec Completed in 5623ms
npm timing reifyNode:node_modules/pathe Completed in 5628ms
npm timing reifyNode:node_modules/@emotion/sheet Completed in 5632ms
npm timing reifyNode:node_modules/@emotion/serialize Completed in 5642ms
npm timing reifyNode:node_modules/@emotion/use-insertion-effect-with-fallbacks Completed in 5642ms
npm timing reifyNode:node_modules/rehype-prism-plus Completed in 5649ms
npm timing reifyNode:node_modules/micromark-extension-gfm-autolink-literal Completed in 5649ms
npm timing metavuln:cache:put:security-advisory:postcss-selector-parser:covT+MWoMY27HNo8VBw80yY9txe9EcZ0OTaXxzPnTvlgv/pmVZ5EoTwL+VQRgBrpLVxAWtUxZrw6bhMqh9EoHA== Completed in 211ms
npm timing metavuln:calculate:security-advisory:postcss-selector-parser:1153170 Completed in 1416ms
npm timing reifyNode:node_modules/@ampproject/remapping Completed in 5652ms
npm timing metavuln:cache:put:security-advisory:brace-expansion:Pny/HX5JbOaUMj0VXN4ymYZjsAcoD2/VrG0YE1yBnmclIuwa2lTkreIIpbhh0bcJKY4Zt/wWvQFgeTktoBkOiw== Completed in 204ms
npm timing metavuln:calculate:security-advisory:brace-expansion:1130589 Completed in 1432ms
npm timing metavuln:cache:put:security-advisory:brace-expansion:7IQMvcVTr+svbh5KCx4Kl6FQKJ1GciM03BnJAve/5WYJjUeRzKAIrStVpfachbl3T6a7o8nYlQEVG6Ih0TNXRg== Completed in 206ms
npm timing metavuln:calculate:security-advisory:brace-expansion:1105443 Completed in 1432ms
npm timing metavuln:cache:put:security-advisory:brace-expansion:geBusfkNqQP6hxCT/x7QDM6pAPJMDIqmDW84J1DA4uDjuSM6GXgzKwYw+N4CptLZRUTx8jSydbfAJhrWxpkzqg== Completed in 205ms
npm timing metavuln:calculate:security-advisory:brace-expansion:1130588 Completed in 1432ms
npm timing metavuln:cache:put:security-advisory:brace-expansion:7ICbONgS6sI8RWhzTgNqqH552BWC4INFpZZfXI9U4oWgS/KeQEBLPtG82pnddpKRYaLAG9ti7ET/UUaZIDmFqA== Completed in 202ms
npm timing metavuln:calculate:security-advisory:brace-expansion:1130737 Completed in 1431ms
npm timing metavuln:cache:put:security-advisory:brace-expansion:mClmYqWawCNXseeTBHWiIwZH/2CmFUqPCmosJIeOhAgD9z1v3SayhHAwaWVo8wmeKU/JN9VP4zDBeXaqy3Ay2A== Completed in 206ms
npm timing metavuln:calculate:security-advisory:brace-expansion:1105444 Completed in 1432ms
npm timing metavuln:cache:put:security-advisory:brace-expansion:9zwFS2atO1kWXNo3p+9fCTUYWmEvjgV2PlNBkaHdRjkssbff5d4cCQCO3NxiseQjyQTioabr4SaJXBhPiVtslQ== Completed in 203ms
npm timing metavuln:calculate:security-advisory:brace-expansion:1130736 Completed in 1431ms
npm timing metavuln:cache:put:security-advisory:brace-expansion:ZHzAtnciS42HIMtUGajCifTIrkCUkWb93u/V1lJEt9HzdJ+ypMofn/dKgSOaziPQj+WGAcGS7t7WdPUHJBz0LA== Completed in 201ms
npm timing metavuln:calculate:security-advisory:brace-expansion:1115541 Completed in 1431ms
npm timing metavuln:cache:put:security-advisory:brace-expansion:kIHgu1L8zIy7pY0wp6wYzUm7tst3xTM2tiSYrstcGK/XsO7o4p6zyuUSjq93oH1dvU2tbEvlSW+gaNbGIbeudw== Completed in 202ms
npm timing metavuln:calculate:security-advisory:brace-expansion:1115540 Completed in 1431ms
npm timing metavuln:cache:put:security-advisory:brace-expansion:8oOLS67XweNywiGNx5L+6SvNn2KB7xR8kOhhQW3y11e/1FIqzHMTjZdmNIIGBfwh+NAkZmQ+9Oj3YUp92LM3Wg== Completed in 200ms
npm timing metavuln:calculate:security-advisory:brace-expansion:1123896 Completed in 1431ms
npm timing metavuln:cache:put:security-advisory:brace-expansion:wDEbqWk4yLp9m7y1JKlfB/VOQdNxO6zv9mx3cQ5VptPHpE7Ova1G3NkU4hgGmOmyWoA3/1d/SEsb3LnkNTA35A== Completed in 201ms
npm timing metavuln:calculate:security-advisory:brace-expansion:1123897 Completed in 1432ms
npm timing metavuln:cache:put:security-advisory:cross-spawn:PBcc/5P1UEO/1Ba/jUNR65wOzs1wU0Y+m+OOSfB57dG5EajzjbqRMRm0l7MWqcJgHDYM5GoZ36Hm7qAYFlIH3A== Completed in 200ms
npm timing metavuln:calculate:security-advisory:cross-spawn:1104664 Completed in 1431ms
npm timing reifyNode:node_modules/@vue/server-renderer Completed in 5662ms
npm timing reifyNode:node_modules/@emotion/is-prop-valid Completed in 5662ms
npm timing reifyNode:node_modules/@vue/compiler-sfc/node_modules/estree-walker Completed in 5664ms
npm timing reifyNode:node_modules/@vue/compiler-core/node_modules/estree-walker Completed in 5664ms
npm timing reifyNode:node_modules/whatwg-url Completed in 5669ms
npm timing reifyNode:node_modules/use-sync-external-store Completed in 5677ms
npm timing reifyNode:node_modules/scheduler Completed in 5677ms
npm timing metavuln:packument:mdast-util-to-hast Completed in 1447ms
npm timing metavuln:load:security-advisory:mdast-util-to-hast:1113048 Completed in 0ms
npm timing metavuln:cache:put:security-advisory:form-data:QHwSQK89tp8y8NaEB/BmWWPJbFRmcqxbWkKungy6gPoWDFe3Fp6pmP2eW7jh8ZiRT8rEqJsege91INZ02VqjRw== Completed in 191ms
npm timing metavuln:calculate:security-advisory:form-data:1109538 Completed in 1450ms
npm timing metavuln:cache:put:security-advisory:form-data:QtrJYuspC2x6/4C1Oat3mkU+5vF1sgqWmutMSh+7dhDRYSJrsvU/AVAJgWDUWLgGNj7X4aMNonvcZovhtgldng== Completed in 192ms
npm timing metavuln:calculate:security-advisory:form-data:1120743 Completed in 1451ms
npm timing metavuln:packument:postcss Completed in 1450ms
npm timing metavuln:load:security-advisory:postcss:1130709 Completed in 2ms
npm timing metavuln:load:security-advisory:postcss:1117015 Completed in 5ms
npm timing metavuln:load:security-advisory:postcss:1124252 Completed in 1ms
npm timing metavuln:load:security-advisory:postcss:1139510 Completed in 1ms
npm timing reifyNode:node_modules/undici-types Completed in 5702ms
npm timing reifyNode:node_modules/micromark-extension-gfm-footnote Completed in 5702ms
npm timing metavuln:cache:put:security-advisory:jsondiffpatch:LFjo4GNBRNIX4PT/pqJo5ITTc40tAW/GAXqzv6qwd4q3vcu9WjWeGGfhLCIPuyhHAiAArphcD2/Uxai3An3++g== Completed in 200ms
npm timing metavuln:calculate:security-advisory:jsondiffpatch:1108189 Completed in 1471ms
npm timing metavuln:cache:put:security-advisory:jsondiffpatch:M422GvPQnBk2Z0QCkNMJeUtv1g43zNMgfYkHvFHG0q9EP075pDXVROJM9tb+sAfWGwFjVHCrzezL1YAJW1LXgg== Completed in 200ms
npm timing metavuln:calculate:security-advisory:jsondiffpatch:1147954 Completed in 1471ms
npm timing reifyNode:node_modules/stylis Completed in 5710ms
npm timing metavuln:cache:put:security-advisory:picomatch:H8EHkZXRRUdil3DyUl8tc8lCQUliQzjc5H5D4llqFojH152sBqO1suz3XiNiRQT++wJdWkgXe/zFc/Bbrrz6ng== Completed in 193ms
npm timing metavuln:calculate:security-advisory:picomatch:1115552 Completed in 1486ms
npm timing metavuln:cache:put:security-advisory:picomatch:GSQ5ghUF1JWDKMssoydWDVRebjlPePRwktLhrdWzXCq5xeBXdo4Cm9HGHnH2b6P1Nq93YjwPmimVjAx6kge32A== Completed in 194ms
npm timing metavuln:calculate:security-advisory:picomatch:1115549 Completed in 1486ms
npm timing reifyNode:node_modules/@vue/reactivity Completed in 5729ms
npm timing reifyNode:node_modules/acorn Completed in 5730ms
npm timing reifyNode:node_modules/@nodelib/fs.stat Completed in 5730ms
npm timing reifyNode:node_modules/postcss/node_modules/nanoid Completed in 5734ms
npm timing reifyNode:node_modules/nanoid Completed in 5736ms
npm timing reifyNode:node_modules/hastscript Completed in 5736ms
npm timing metavuln:packument:qs Completed in 1504ms
npm timing metavuln:load:security-advisory:qs:1158507 Completed in 1ms
npm timing metavuln:load:security-advisory:qs:1119502 Completed in 1ms
npm timing metavuln:load:security-advisory:qs:1113161 Completed in 1ms
npm timing metavuln:load:security-advisory:qs:1113719 Completed in 1ms
npm timing metavuln:cache:put:security-advisory:yaml:3AQn1Aj8kwFHIquLochLADJtKOJ++bvPtGJHT6dWct73zyp4H3E792uuAF7M2BJRI4DEvXF3aOujF4vdnIDz2g== Completed in 190ms
npm timing metavuln:calculate:security-advisory:yaml:1115556 Completed in 1508ms
npm timing metavuln:cache:put:security-advisory:yaml:O6zOK1Cn9/3FZISL60o6/SOMQkiOfzmZ3FIQSh8ciqQQ3pt7Wl9H9Q/gRJuFGa9hM9N+9vhsYsf7hziTGiJueg== Completed in 192ms
npm timing metavuln:calculate:security-advisory:yaml:1115555 Completed in 1509ms
npm timing reifyNode:node_modules/@vue/compiler-core Completed in 5744ms
npm timing reifyNode:node_modules/jsondiffpatch/node_modules/chalk Completed in 5748ms
npm timing metavuln:cache:put:security-advisory:js-yaml:621IdjBdZEeVoUcjWGl1jXN0jFDGaf7dIQMeaPVKf5MxqYprJztiOC0OHOUPVoayh7Cq/fTC8L5CqEb98qlE7w== Completed in 190ms
npm timing metavuln:calculate:security-advisory:js-yaml:1112715 Completed in 1524ms
npm timing metavuln:cache:put:security-advisory:js-yaml:hRHUgW0MJiPqjWt2sUfet2EYlqoE1gaxACC2WErx8y0hzruS4JIdQFSyu03fknqwUeEglYl2LNhb3CLbe1gk7A== Completed in 191ms
npm timing metavuln:calculate:security-advisory:js-yaml:1121860 Completed in 1524ms
npm timing metavuln:cache:put:security-advisory:js-yaml:4JRmIWaw7t9g2nj2coc/knMKSpUTTvf6gd7QGFDejryJnGjc+YeBUVzshR5afcQZnuPyYGRjBRxydkQEqdhtbQ== Completed in 190ms
npm timing metavuln:calculate:security-advisory:js-yaml:1123911 Completed in 1524ms
npm timing metavuln:cache:put:security-advisory:js-yaml:rPKItsey5NAOkwlZ0jj/srGDfex3lM3kc0Jt/iKDQKxrLExmxBPfiHEGSGFS11EIIZ9oWm9Jw3K50YZA6kxidg== Completed in 188ms
npm timing metavuln:calculate:security-advisory:js-yaml:1193727 Completed in 1524ms
npm timing metavuln:cache:put:security-advisory:js-yaml:OUZIQ3PVVGrkuRqB+emtTIY6mY1ZYXKAjty3MEHcLQlklmPh5BstzoMFTWmQmZxuW4bTRahKM6+bAF3EDZo2xw== Completed in 189ms
npm timing metavuln:calculate:security-advisory:js-yaml:1138115 Completed in 1524ms
npm timing metavuln:cache:put:security-advisory:flatted:oa7V2KnuHnLCPcrXFvcQLRAa1NASGJm9yZ+B92xpfwxan7PZyVrZjYAHt6LB51PFfA2mM8KGE+VHR+U5X/2uZw== Completed in 187ms
npm timing metavuln:calculate:security-advisory:flatted:1114526 Completed in 1526ms
npm timing metavuln:cache:put:security-advisory:flatted:uMG/3R828PE31LVzr7SnM2pFAXessH3XoRtonZYiGJtZfR5a//VWhmdMxy/RepstCydCDFxkci7fqEuzEvhnAA== Completed in 182ms
npm timing metavuln:calculate:security-advisory:flatted:1115357 Completed in 1525ms
npm timing reifyNode:node_modules/@types/react Completed in 5765ms
npm timing reifyNode:node_modules/tapable Completed in 5771ms
npm timing reifyNode:node_modules/source-map-js Completed in 5771ms
npm timing metavuln:cache:put:security-advisory:uuid:fjKShcKspemxj7050oTyq4F6Ys6oXOzZoO3QUapp6PgJCcrmTMbXQaxkcJ1QLLNHzsQ9sgLuhrlezjv+hoSUhg== Completed in 175ms
npm timing metavuln:calculate:security-advisory:uuid:1119441 Completed in 1537ms
npm timing reifyNode:node_modules/@floating-ui/utils Completed in 5774ms
npm timing reifyNode:node_modules/qs Completed in 5779ms
npm timing reifyNode:node_modules/magic-string Completed in 5780ms
npm timing metavuln:cache:put:security-advisory:lodash:Rhn2/J9vH2feDR+ScacKQ3LE+WhdVik0qyHrmMpEPm19WZWIHXnPOQRMxyp2vXQpR+BV/SE/IDbGhIB3VC+d8Q== Completed in 172ms
npm timing metavuln:calculate:security-advisory:lodash:1120370 Completed in 1548ms
npm timing metavuln:cache:put:security-advisory:lodash:thshZSsl03tivWaq68PzU+tj1Rdgd6ZGN992B7QB+2oylByv6bvG8a/FXYANJwK5kybQ7+c0hg18JSj4gYikrg== Completed in 170ms
npm timing metavuln:calculate:security-advisory:lodash:1115810 Completed in 1548ms
npm timing metavuln:cache:put:security-advisory:lodash:DNnxUw8Ep7p1YCAJl4A30HMQmsK3uaHxA5fhfuTpXJUBgCvmZbKGD7OWAcfQ2u+fc9lY6ap1BhHpARF9oEarxQ== Completed in 171ms
npm timing metavuln:calculate:security-advisory:lodash:1115806 Completed in 1548ms
npm timing metavuln:packument:glob Completed in 1551ms
npm timing metavuln:load:security-advisory:glob:1109842 Completed in 1ms
npm timing metavuln:packument:@ai-sdk/provider-utils Completed in 1566ms
npm timing metavuln:load:security-advisory:@ai-sdk/provider-utils:1193660 Completed in 3ms
npm timing reifyNode:node_modules/eventsource-parser Completed in 5803ms
npm timing reifyNode:node_modules/@babel/template Completed in 5805ms
npm timing reifyNode:node_modules/minimist Completed in 5811ms
npm timing reifyNode:node_modules/web-streams-polyfill Completed in 5819ms
npm timing reifyNode:node_modules/react Completed in 5833ms
npm timing metavuln:packument:minimatch Completed in 1606ms
npm timing metavuln:load:security-advisory:minimatch:1113459 Completed in 0ms
npm timing metavuln:load:security-advisory:minimatch:1113465 Completed in 0ms
npm timing metavuln:load:security-advisory:minimatch:1113538 Completed in 0ms
npm timing metavuln:load:security-advisory:minimatch:1113544 Completed in 0ms
npm timing metavuln:load:security-advisory:minimatch:1113546 Completed in 3ms
npm timing metavuln:load:security-advisory:minimatch:1113552 Completed in 1ms
npm timing metavuln:packument:nanoid Completed in 1611ms
npm timing metavuln:load:security-advisory:nanoid:1109563 Completed in 1ms
npm timing metavuln:load:security-advisory:nanoid:1138811 Completed in 1ms
npm timing metavuln:load:security-advisory:nanoid:1139427 Completed in 1ms
npm timing metavuln:load:security-advisory:nanoid:1153189 Completed in 0ms
npm timing reifyNode:node_modules/@vue/runtime-core Completed in 5848ms
npm timing metavuln:cache:put:security-advisory:mdast-util-to-hast:GIzvc/ZasYkRVEEbP+nel5QG7Bh1H6gjgE9G3sLNMkSxkyp1vfJGAZTCHzFMiWLA3QejKhYl6hbOeaYbIostpg== Completed in 176ms
npm timing metavuln:calculate:security-advisory:mdast-util-to-hast:1113048 Completed in 1624ms
npm timing metavuln:cache:put:security-advisory:postcss:AESkqup7C9sLtHL0OzenAvihqmLzSTOW4+0zIkCCeUjI0qvgEu/UCFfVCIlWzUpfDq20KxUSH5Ru8h4LoxJKRA== Completed in 170ms
npm timing metavuln:calculate:security-advisory:postcss:1130709 Completed in 1622ms
npm timing metavuln:cache:put:security-advisory:postcss:685RVq5xScaqegAXk2BRJrsMaZmsz1d/volUoA67iVw3AvHhUlX03u+VPRrmo8iuObcSDvuZF+fuiOnLC9L1uA== Completed in 165ms
npm timing metavuln:calculate:security-advisory:postcss:1117015 Completed in 1621ms
npm timing metavuln:cache:put:security-advisory:postcss:vffDf5zeMAO2NG2g47VKaOSrYbOxy9RP7hONH+CZvut446KUCIkc3Fp1vXR3T1gMxB3d9F68wTGe2BUQF6ut/w== Completed in 163ms
npm timing metavuln:calculate:security-advisory:postcss:1124252 Completed in 1622ms
npm timing reifyNode:node_modules/@emotion/utils Completed in 5856ms
npm timing metavuln:cache:put:security-advisory:postcss:CYQpgMxvTqXBVaZq1NAr4RIFkWLFCwyobLa0hEv7E4gMg411Yb94I7Uru51Ci3hUITmSGFK7DCDkX4TqzQYsaw== Completed in 168ms
npm timing metavuln:calculate:security-advisory:postcss:1139510 Completed in 1628ms
npm timing reifyNode:node_modules/@vue/compiler-dom Completed in 5885ms
npm timing reifyNode:node_modules/minipass Completed in 5891ms
npm timing metavuln:cache:put:security-advisory:qs:qvnFu5Nxt6nk4ZnzBM90Jkp6uhl+WmmOIhp+23qQRnTmnSs41hgsdsDx5uj/JdS2OgYbGnp6tGqfy7F4YN2CIQ== Completed in 151ms
npm timing metavuln:calculate:security-advisory:qs:1119502 Completed in 1657ms
npm timing metavuln:cache:put:security-advisory:qs:iChjlXxtVMTpyXsUse674XoeCayLW4gF6rE7sQcXvHRFegwpM44fUr9Eqlmsmu+S9udu9w9eZmpzcAcyiUJMIQ== Completed in 149ms
npm timing metavuln:calculate:security-advisory:qs:1113719 Completed in 1657ms
npm timing metavuln:cache:put:security-advisory:qs:d8aA3MRUHa+nR6p36dDWdh9BwhbY3Ab8gcBS2sP0Jimkk/dzqKymXgU6A8cPdzE765SO0b2GGEOl3D6hJIniZQ== Completed in 152ms
npm timing metavuln:calculate:security-advisory:qs:1158507 Completed in 1657ms
npm timing reifyNode:node_modules/ts-api-utils Completed in 5899ms
npm timing metavuln:packument:@babel/runtime Completed in 1672ms
npm timing metavuln:load:security-advisory:@babel/runtime:1104000 Completed in 1ms
npm timing metavuln:cache:put:security-advisory:qs:vVSN+MRVpdux32gCUfPGidHUGmS/0G5Ziwtmb1YXw3NARw1r47LtySeR7yFf/LZ4sKzi41443WWDDZzPHuCh9g== Completed in 160ms
npm timing metavuln:calculate:security-advisory:qs:1113161 Completed in 1667ms
npm timing reifyNode:node_modules/@jridgewell/trace-mapping Completed in 5903ms
npm timing reifyNode:node_modules/hast-util-select Completed in 5907ms
npm timing metavuln:cache:put:security-advisory:glob:NTB2XjbDOgk4lkd8PZ3tUAm1F3E/ohGF6rl9/3LEO7Z0FDzSR5nWwzd3nUENA3NCNdyeR+35DOC12wPml2IV+g== Completed in 142ms
npm timing metavuln:calculate:security-advisory:glob:1109842 Completed in 1694ms
npm timing reifyNode:node_modules/busboy Completed in 5924ms
npm timing metavuln:cache:put:security-advisory:@ai-sdk/provider-utils:Ul9KFseB2tOIN1MDrvKXYgswUT8/7E04jrfk1CULo1gm3PxzYce/4sYV2Ljgg4GMg1YdyPCXh5zxOzmwrnQ/vQ== Completed in 135ms
npm timing metavuln:calculate:security-advisory:@ai-sdk/provider-utils:1193660 Completed in 1707ms
npm timing reifyNode:node_modules/any-promise Completed in 5938ms
npm timing reifyNode:node_modules/stringify-entities Completed in 5951ms
npm timing metavuln:packument:ajv Completed in 1726ms
npm timing metavuln:load:security-advisory:ajv:1113714 Completed in 3ms
npm timing reifyNode:node_modules/micromark-extension-gfm-table Completed in 5970ms
npm timing metavuln:cache:put:security-advisory:minimatch:B00WbbnnDNaFGA7l9BgrTioYpRMzU4+U8SUF8cn65LwArJAK0O380QwyP/UyxPr7i9XUjX9/AADC41/edu9OrA== Completed in 135ms
npm timing metavuln:calculate:security-advisory:minimatch:1113465 Completed in 1742ms
npm timing metavuln:cache:put:security-advisory:minimatch:IBqefxF0lKwSFXzwGHp5L8khqSaPYY99x0GHtXNH4YxtdIexeL4FFPzrnnBvkhgmGDEWHo3XAgpPYGyM1jidQQ== Completed in 128ms
npm timing metavuln:calculate:security-advisory:minimatch:1113552 Completed in 1741ms
npm timing metavuln:cache:put:security-advisory:minimatch:tdaAHfWGUw/nl/W8ALWVH+LvG2E3gvo3P2FI/fVPxm3aZteLxWMOEuk/9iDk5O0/cZN/GRXnabt/mW/bfUoL/g== Completed in 129ms
npm timing metavuln:calculate:security-advisory:minimatch:1113546 Completed in 1741ms
npm timing metavuln:cache:put:security-advisory:nanoid:SvMVdtEUVO5ESues2DL9aEFMy6oMG+saOn/tNitKJcx7q7CvMfC5ZcstpC8dbnZl5KL/q/3pYBvQrAPBFsC+nQ== Completed in 126ms
npm timing metavuln:calculate:security-advisory:nanoid:1109563 Completed in 1738ms
npm timing metavuln:cache:put:security-advisory:nanoid:G4d3k7GgtTq4GBrwzQ8/x7W0iUhlZxJRv8ECCIxQ8EljG7i12UNClh6yRGwC76MzFuAF5klybdArzm40c5m6pg== Completed in 125ms
npm timing metavuln:calculate:security-advisory:nanoid:1138811 Completed in 1738ms
npm timing metavuln:cache:put:security-advisory:nanoid:r+z+JMwVfhGHAr/0YAy6/3RrDzRoIYQ2AZVHMg9UDR0NJ2m9fi3DGObNE6EPq2ciL/QAojxEu2QsJ0Zzdynclg== Completed in 124ms
npm timing metavuln:calculate:security-advisory:nanoid:1139427 Completed in 1738ms
npm timing metavuln:cache:put:security-advisory:nanoid:0yzfm74h2ISPme4XQDESd3IOQg79zHFMhy6RZiujZnIoteqQ6dSyiH0qVBqCuUznMPosC/QFvQVHfbUpRCoxjQ== Completed in 124ms
npm timing metavuln:calculate:security-advisory:nanoid:1153189 Completed in 1738ms
npm timing metavuln:cache:put:security-advisory:minimatch:kx7kRjUmjSYmgQBpfsU82Na4xORZqvqpRRSlOyPLadasPBl0YfFJCjIETC00BG7Gd2omQLizgz8/GnnE/hk+Jw== Completed in 134ms
npm timing metavuln:calculate:security-advisory:minimatch:1113538 Completed in 1742ms
npm timing reifyNode:node_modules/refractor/node_modules/hastscript Completed in 5976ms
npm timing metavuln:cache:put:security-advisory:minimatch:V/3cIcyAQcG1bwuH0e0PI9Qt5WRtbvb/WOz2mBxAfNzXf+Dvs9G1X05eHjnPq2b0TJY4zXXpqhCAkRAipgk3iQ== Completed in 143ms
npm timing metavuln:calculate:security-advisory:minimatch:1113459 Completed in 1749ms
npm timing metavuln:cache:put:security-advisory:minimatch:tJ9Z2VGWqiQfLaVKxc9K/6Rz1g70Mpl3An4UK+K1lyHdz27vYPzhMIkC4jRGAN2wpssY+8l13Ql259B6zkaX/Q== Completed in 140ms
npm timing metavuln:calculate:security-advisory:minimatch:1113544 Completed in 1749ms
npm timing reifyNode:node_modules/@typescript-eslint/types Completed in 5979ms
npm timing reifyNode:node_modules/csstype Completed in 5985ms
npm timing reifyNode:node_modules/path-scurry Completed in 6002ms
npm timing reifyNode:node_modules/object-inspect Completed in 6008ms
npm timing metavuln:cache:put:security-advisory:@babel/runtime:xDaNmlS3J8LRk7IfDb7e9Gp3gcy/xDr1QZXCKC997SMkqKVemm2guY9vQpRI6omD11L5cfCI+STpoAdxUgnVsA== Completed in 113ms
npm timing metavuln:calculate:security-advisory:@babel/runtime:1104000 Completed in 1787ms
npm timing reifyNode:node_modules/vfile Completed in 6020ms
npm timing reifyNode:node_modules/@nodelib/fs.scandir Completed in 6020ms
npm timing metavuln:cache:put:security-advisory:ajv:u4HOZ0QFYFTDLqnZ5TPSC8VEvP+HMuGcZACJuTqG8bm/gunrgkQwsiiH2pbF9tNIl45RK0sW2ccPzEojb1k0xQ== Completed in 99ms
npm timing metavuln:calculate:security-advisory:ajv:1113714 Completed in 1828ms
npm timing reifyNode:node_modules/styled-jsx Completed in 6064ms
npm timing reifyNode:node_modules/graphemer Completed in 6071ms
npm timing reifyNode:node_modules/esquery Completed in 6071ms
npm timing reifyNode:node_modules/source-map Completed in 6078ms
npm timing reifyNode:node_modules/@vue/runtime-dom Completed in 6091ms
npm timing reifyNode:node_modules/nth-check Completed in 6121ms
npm timing reifyNode:node_modules/mdn-data Completed in 6122ms
npm timing reifyNode:node_modules/@nodelib/fs.walk Completed in 6127ms
npm timing reifyNode:node_modules/@emotion/babel-plugin Completed in 6185ms
npm timing reifyNode:node_modules/node-domexception Completed in 6195ms
npm timing reifyNode:node_modules/react-remove-scroll-bar Completed in 6214ms
npm timing reifyNode:node_modules/jackspeak Completed in 6214ms
npm timing reifyNode:node_modules/react-style-singleton Completed in 6232ms
npm timing reifyNode:node_modules/type-fest Completed in 6238ms
npm timing reifyNode:node_modules/lru-cache Completed in 6253ms
npm timing reifyNode:node_modules/react-transition-group Completed in 6260ms
npm timing reifyNode:node_modules/@next/eslint-plugin-next Completed in 6265ms
npm timing reifyNode:node_modules/cosmiconfig Completed in 6269ms
npm timing reifyNode:node_modules/@babel/parser Completed in 6272ms
npm timing reifyNode:node_modules/signal-exit Completed in 6313ms
npm timing reifyNode:node_modules/@ai-sdk/svelte/node_modules/@ai-sdk/provider-utils Completed in 6323ms
npm timing reifyNode:node_modules/@ai-sdk/ui-utils/node_modules/@ai-sdk/provider-utils Completed in 6323ms
npm timing reifyNode:node_modules/@ai-sdk/vue/node_modules/@ai-sdk/provider-utils Completed in 6324ms
npm timing reifyNode:node_modules/@ai-sdk/react/node_modules/@ai-sdk/provider-utils Completed in 6324ms
npm timing reifyNode:node_modules/ai/node_modules/@ai-sdk/provider-utils Completed in 6325ms
npm timing reifyNode:node_modules/@ai-sdk/solid/node_modules/@ai-sdk/provider-utils Completed in 6324ms
npm timing reifyNode:node_modules/@mui/styled-engine Completed in 6334ms
npm timing reifyNode:node_modules/semver Completed in 6348ms
npm timing reifyNode:node_modules/property-information Completed in 6348ms
npm timing reifyNode:node_modules/js-yaml Completed in 6358ms
npm timing reifyNode:node_modules/@uiw/copy-to-clipboard Completed in 6358ms
npm timing reifyNode:node_modules/@eslint/eslintrc Completed in 6358ms
npm timing metavuln:packument:svelte Completed in 2152ms
npm timing metavuln:load:security-advisory:svelte:1113416 Completed in 8ms
npm timing metavuln:load:security-advisory:svelte:1113418 Completed in 11ms
npm timing metavuln:load:security-advisory:svelte:1113419 Completed in 12ms
npm timing metavuln:load:security-advisory:svelte:1120446 Completed in 18ms
npm timing metavuln:load:security-advisory:svelte:1120449 Completed in 8ms
npm timing metavuln:load:security-advisory:svelte:1114402 Completed in 9ms
npm timing reifyNode:node_modules/@emotion/cache Completed in 6462ms
npm timing reifyNode:node_modules/@mongodb-js/saslprep Completed in 6468ms
npm timing reifyNode:node_modules/jiti Completed in 6480ms
npm timing reifyNode:node_modules/tailwind-merge Completed in 6485ms
npm timing reifyNode:node_modules/@ai-sdk/provider-utils Completed in 6494ms
npm timing reifyNode:node_modules/postcss-selector-parser Completed in 6498ms
npm timing reifyNode:node_modules/enhanced-resolve Completed in 6503ms
npm timing reifyNode:node_modules/language-subtag-registry Completed in 6515ms
npm timing metavuln:cache:put:security-advisory:svelte:3s0Qq5XXXRKbbBb9rHHXE2mVZLnRImYOzivnNNkwm6JPGyEAQFno6PVyyP5BcbmaWI0+NAG78CAzE5IuRmtT+w== Completed in 128ms
npm timing metavuln:calculate:security-advisory:svelte:1113416 Completed in 2289ms
npm timing metavuln:cache:put:security-advisory:svelte:MCHw41aPk2/ogFG8kqFCukDYZ1G1FNwZLHTOQW8DmfvGt9ugO0dmR6+e/S0vO9ZBzXzXw6T9Vi7993ZFOPExJA== Completed in 116ms
npm timing metavuln:calculate:security-advisory:svelte:1113418 Completed in 2288ms
npm timing metavuln:cache:put:security-advisory:svelte:WtGIvGamDFlCkHfATZriimtgHhESOe5Zj+VhlIlT6FxGiw2BeyzisFGtUajqclSLUqhe9mppj+zbP/YX+6RvOw== Completed in 67ms
npm timing metavuln:calculate:security-advisory:svelte:1114402 Completed in 2288ms
npm timing metavuln:cache:put:security-advisory:svelte:rIl0JqhEKi+XVrSnd7O67KEppWTvFu5xPkW1wznRQYPG1tBwWVx7w0fyyVgCILrqU3Nwrf7get1uteGiNlnzcw== Completed in 77ms
npm timing metavuln:calculate:security-advisory:svelte:1120449 Completed in 2289ms
npm timing metavuln:cache:put:security-advisory:svelte:SgU8S6OjNnKvMan5E5tqS+jzFOtQA7nI139BtttrGNMxHl6vI1vnsD0Hw5PmljkWmKVPTmF7gAtNjqW66ewZ7Q== Completed in 86ms
npm timing metavuln:calculate:security-advisory:svelte:1120446 Completed in 2289ms
npm timing metavuln:cache:put:security-advisory:svelte:MdOFgwJGjZhlbAZATVNncPAHVdp6q2T7pLpdXLpV+XritW1du25dMvMxVHCU/ssZSy9ZhYrjGL8meVqz2dGe3w== Completed in 108ms
npm timing metavuln:calculate:security-advisory:svelte:1113419 Completed in 2292ms
npm timing reifyNode:node_modules/@vue/compiler-sfc Completed in 6544ms
npm timing reifyNode:node_modules/foreground-child Completed in 6557ms
npm timing metavuln:packument:ai Completed in 2343ms
npm timing metavuln:load:security-advisory:ai:1111095 Completed in 17ms
npm timing reifyNode:node_modules/next/node_modules/postcss Completed in 6593ms
npm timing reifyNode:node_modules/postcss Completed in 6598ms
npm timing reifyNode:node_modules/@mui/private-theming Completed in 6606ms
npm timing reifyNode:node_modules/css-selector-parser Completed in 6613ms
npm timing reifyNode:node_modules/hast-util-to-html Completed in 6621ms
npm timing reifyNode:node_modules/formdata-node Completed in 6649ms
npm timing metavuln:cache:put:security-advisory:ai:jz9D6dnr305Gq8PRPjEsZxzZT1nwMRsqd9CQr9SvCTkpiUazFNFk9Iih3JaSdOlgGDerG6yNIBk+r5Oc0MrwFw== Completed in 64ms
npm timing metavuln:calculate:security-advisory:ai:1111095 Completed in 2424ms
npm timing reifyNode:node_modules/form-data-encoder Completed in 6665ms
npm timing reifyNode:node_modules/yaml Completed in 6675ms
npm timing reifyNode:node_modules/openai/node_modules/@types/node Completed in 6708ms
npm timing reifyNode:node_modules/jsondiffpatch Completed in 6782ms
npm timing reifyNode:node_modules/@babel/generator Completed in 6788ms
npm timing reifyNode:node_modules/swrv Completed in 6853ms
npm timing reifyNode:node_modules/micromark Completed in 6857ms
npm timing reifyNode:node_modules/@types/node Completed in 6865ms
npm timing reifyNode:node_modules/axe-core Completed in 6905ms
npm timing reifyNode:node_modules/vue Completed in 6912ms
npm timing reifyNode:node_modules/zod Completed in 6931ms
npm timing reifyNode:node_modules/swr Completed in 6985ms
npm timing reifyNode:node_modules/use-sidecar Completed in 6993ms
npm timing reifyNode:node_modules/@typescript-eslint/typescript-estree/node_modules/minimatch Completed in 7007ms
npm timing reifyNode:node_modules/fast-glob Completed in 7011ms
npm timing reifyNode:node_modules/mdast-util-to-hast Completed in 7015ms
npm timing reifyNode:node_modules/glob/node_modules/minimatch Completed in 7016ms
npm timing reifyNode:node_modules/uri-js Completed in 7024ms
npm timing reifyNode:node_modules/use-callback-ref Completed in 7062ms
npm timing reifyNode:node_modules/tsconfig-paths Completed in 7096ms
npm timing reifyNode:node_modules/react-remove-scroll Completed in 7102ms
npm timing reifyNode:node_modules/es-iterator-helpers Completed in 7108ms
npm timing reifyNode:node_modules/@ai-sdk/ui-utils Completed in 7123ms
npm timing reifyNode:node_modules/@emotion/styled Completed in 7134ms
npm timing reifyNode:node_modules/entities Completed in 7160ms
npm timing reifyNode:node_modules/react-dom Completed in 7180ms
npm timing reifyNode:node_modules/glob Completed in 7184ms
npm timing reifyNode:node_modules/bson Completed in 7188ms
npm timing reifyNode:node_modules/@babel/traverse Completed in 7195ms
npm timing reifyNode:node_modules/parse5 Completed in 7280ms
npm timing reifyNode:node_modules/uuid Completed in 7318ms
npm timing reifyNode:node_modules/ai Completed in 7355ms
npm timing reifyNode:node_modules/mdast-util-to-markdown Completed in 7400ms
npm timing reifyNode:node_modules/@uiw/react-markdown-preview Completed in 7400ms
npm timing reifyNode:node_modules/jsonrepair Completed in 7442ms
npm timing reifyNode:node_modules/ajv Completed in 7450ms
npm timing reifyNode:node_modules/@rushstack/eslint-patch Completed in 7482ms
npm timing reifyNode:node_modules/resolve Completed in 7489ms
npm timing reifyNode:node_modules/parse-json/node_modules/type-fest Completed in 7571ms
npm timing reifyNode:node_modules/eslint-plugin-react/node_modules/resolve Completed in 7575ms
npm timing reifyNode:node_modules/jsx-ast-utils Completed in 7580ms
npm timing reifyNode:node_modules/micromark-core-commonmark Completed in 7687ms
npm timing reifyNode:node_modules/@typescript-eslint/typescript-estree Completed in 7891ms
npm timing reifyNode:node_modules/eslint-plugin-import Completed in 7941ms
npm timing reifyNode:node_modules/@emotion/react Completed in 7950ms
npm timing reifyNode:node_modules/zod-to-json-schema Completed in 8029ms
npm timing reifyNode:node_modules/eslint-plugin-react Completed in 8056ms
npm timing reifyNode:node_modules/dom-helpers Completed in 8101ms
npm timing reifyNode:node_modules/axobject-query Completed in 8275ms
npm timing reifyNode:node_modules/@babel/runtime Completed in 8342ms
npm timing reifyNode:node_modules/@babel/types Completed in 8557ms
npm timing reifyNode:node_modules/sucrase Completed in 8874ms
npm timing reifyNode:node_modules/aria-query Completed in 8898ms
npm timing reifyNode:node_modules/@swc/helpers Completed in 8899ms
npm timing reifyNode:node_modules/svelte/node_modules/aria-query Completed in 8938ms
npm timing reifyNode:node_modules/postcss-load-config/node_modules/yaml Completed in 8965ms
npm timing reifyNode:node_modules/eslint-plugin-jsx-a11y Completed in 8981ms
npm timing reifyNode:node_modules/tailwindcss Completed in 9120ms
npm timing reifyNode:node_modules/@uiw/react-md-editor Completed in 9145ms
npm timing reifyNode:node_modules/@mui/system Completed in 9147ms
npm timing reifyNode:node_modules/@popperjs/core Completed in 9170ms
npm timing reifyNode:node_modules/css-tree Completed in 9224ms
npm timing metavuln:packument:next Completed in 5371ms
npm timing metavuln:load:security-advisory:next:1099638 Completed in 59ms
npm timing metavuln:load:security-advisory:next:1100421 Completed in 61ms
npm timing metavuln:load:security-advisory:next:1117931 Completed in 94ms
npm timing metavuln:load:security-advisory:next:1101438 Completed in 53ms
npm timing metavuln:load:security-advisory:next:1105461 Completed in 71ms
npm timing metavuln:load:security-advisory:next:1111391 Completed in 69ms
npm timing metavuln:load:security-advisory:next:1107226 Completed in 83ms
npm timing metavuln:load:security-advisory:next:1107420 Completed in 86ms
npm timing metavuln:load:security-advisory:next:1107512 Completed in 62ms
npm timing metavuln:load:security-advisory:next:1107513 Completed in 99ms
npm timing metavuln:load:security-advisory:next:1112182 Completed in 63ms
npm timing metavuln:load:security-advisory:next:1108291 Completed in 96ms
npm timing metavuln:load:security-advisory:next:1118942 Completed in 81ms
npm timing metavuln:load:security-advisory:next:1118944 Completed in 76ms
npm timing metavuln:load:security-advisory:next:1118946 Completed in 62ms
npm timing metavuln:load:security-advisory:next:1118948 Completed in 76ms
npm timing metavuln:load:security-advisory:next:1118952 Completed in 100ms
npm timing metavuln:load:security-advisory:next:1118954 Completed in 70ms
npm timing metavuln:load:security-advisory:next:1118958 Completed in 58ms
npm timing metavuln:load:security-advisory:next:1118962 Completed in 83ms
npm timing metavuln:load:security-advisory:next:1112593 Completed in 62ms
npm timing metavuln:load:security-advisory:next:1112653 Completed in 71ms
npm timing metavuln:load:security-advisory:next:1113689 Completed in 59ms
npm timing metavuln:load:security-advisory:next:1114897 Completed in 89ms
npm timing metavuln:load:security-advisory:next:1114940 Completed in 117ms
npm timing metavuln:load:security-advisory:next:1116376 Completed in 51ms
npm timing metavuln:load:security-advisory:next:1124185 Completed in 56ms
npm timing metavuln:load:security-advisory:next:1124172 Completed in 71ms
npm timing metavuln:load:security-advisory:next:1124187 Completed in 48ms
npm timing metavuln:load:security-advisory:next:1124189 Completed in 77ms
npm timing metavuln:load:security-advisory:next:1124191 Completed in 88ms
npm timing metavuln:load:security-advisory:next:1124193 Completed in 92ms
npm timing metavuln:load:security-advisory:next:1124197 Completed in 83ms
npm timing metavuln:load:security-advisory:next:1193677 Completed in 52ms
npm timing metavuln:load:security-advisory:next:1193733 Completed in 102ms
npm timing metavuln:cache:put:security-advisory:next:d2hMvT1neRk1OILN6KsQ2L4sjWpIe19WxzSQJivjdzJVb/hhXgpN5SXMC++Yae4yKIQkpUsP465F2rfLyKo4PA== Completed in 2576ms
npm timing metavuln:calculate:security-advisory:next:1100421 Completed in 8070ms
npm timing metavuln:cache:put:security-advisory:next:NpdQYf+4OaOvlNiZgkhHLNCcOTe84gjeay11sdJQ2HSe2hRovddeIJqZfGwiLh+ns7klO1J2oxhVS+ou+h9gmw== Completed in 2428ms
npm timing metavuln:calculate:security-advisory:next:1101438 Completed in 8070ms
npm timing metavuln:cache:put:security-advisory:next:WrVaG6WkSvpCYPPQKNUv2SLuXz5XL9xKn9KHPtqw/Y+V4JFUbfvGu7iPZR/4d1/dHzlII2csAkP3UXbKSPpZTA== Completed in 2355ms
npm timing metavuln:calculate:security-advisory:next:1105461 Completed in 8070ms
npm timing metavuln:cache:put:security-advisory:next:vuHRAt/BWP+uFUF464Kr/XSRYkeSqfN5BDmhcIb/NC1N1+svfuQ2l2f3I8OAbkQ/mG7ykLMzXkmvGEUPm2u2Qw== Completed in 2482ms
npm timing metavuln:calculate:security-advisory:next:1117931 Completed in 8070ms
npm timing metavuln:cache:put:security-advisory:next:WQCkHVGQkg6zsfYbmLOI+zBNEYhu4v1g6kXs5vVSFeehybhiXOKxuSPsV71Q4mBoY+gct03Ww794KjXwXHvGWA== Completed in 2201ms
npm timing metavuln:calculate:security-advisory:next:1107226 Completed in 8070ms
npm timing metavuln:cache:put:security-advisory:next:1RRZLAEdZ/XleXHoq279ILkZMiKyW77ZwtE5QzPtyre4x1QWgVmP0i9dSfz4gJebeiXjCYB49g8nOIfNiSjcYQ== Completed in 2114ms
npm timing metavuln:calculate:security-advisory:next:1107420 Completed in 8070ms
npm timing metavuln:cache:put:security-advisory:next:+SMXIcdP7mb700j3lAUXRoUbwPUmDwsGMfkqi8EBxAInsFmBr7fDz7ceH3WCcBFoF44s9qJcAZp3YRfZSyk8qw== Completed in 2051ms
npm timing metavuln:calculate:security-advisory:next:1107512 Completed in 8070ms
npm timing metavuln:cache:put:security-advisory:next:kXDE+ksbJYUI4TFImWPb/49o4hwXXT1nqPUeSTV/SE/IB3qFFazOXmXgn5PPbKkz9ewVGi6qMNNgGfrNX4hqIg== Completed in 2285ms
npm timing metavuln:calculate:security-advisory:next:1111391 Completed in 8070ms
npm timing metavuln:cache:put:security-advisory:next:A9m47VBQvL++V9EsVwBseCbPrOK9xk7oLIzrStyVB02IketEwhGsklFuhL1oaYPUn8YGmhlTxpFhF93K/Wfw5Q== Completed in 2639ms
npm timing metavuln:calculate:security-advisory:next:1099638 Completed in 8070ms
npm timing metavuln:cache:put:security-advisory:next:m1juSglhJQv6nr2Qd3fhaBRO3xSWDkIwePr5Y8MKgwiMDtGjVAtSoOHMXp3f9z6nPLepu8CsJK3YosBO7hEskA== Completed in 1887ms
npm timing metavuln:calculate:security-advisory:next:1112182 Completed in 8069ms
npm timing metavuln:cache:put:security-advisory:next:DZYkKghCBsNDjTsBZNBEXyRREeg7p+okX/wID7N5vkHCP0YEApmDVowtEZM/R2oPjVif2+FMpky58BcndZaeVw== Completed in 1707ms
npm timing metavuln:calculate:security-advisory:next:1118942 Completed in 8069ms
npm timing metavuln:cache:put:security-advisory:next:xzdJmsYdvRh0EQkDGL0AyVFiSXnitWj2NAhYTh3IKGb+bmS+UTMQEFlAApq2S61UaSRojDWI97pB3MQWhXaqtQ== Completed in 1490ms
npm timing metavuln:calculate:security-advisory:next:1118948 Completed in 8069ms
npm timing metavuln:cache:put:security-advisory:next:yUMYj8Dn5FtiQukesvIM6nN+0pF7xT4MTvfwNyG8V2sLOtPxPIrVStVUT2pdeSKG5qq/RTa9T+LiB9o7WZhZKA== Completed in 1567ms
npm timing metavuln:calculate:security-advisory:next:1118946 Completed in 8069ms
npm timing metavuln:cache:put:security-advisory:next:VmINk4sjQ5jqxRvJ2axYcaD3FqreNBMC4jAobfjDjUAn5dOOUzgsn/LLTyEYZvi7HDGR/ppGR9Jxp8UWVvHDIw== Completed in 1951ms
npm timing metavuln:calculate:security-advisory:next:1107513 Completed in 8070ms
npm timing metavuln:cache:put:security-advisory:next:DjRros6yRdbdMY1erdbppMnNz8Rmm2kj4blzhPIWdXeKoCHONkBZ5vVD4sP1pYEEvfI65YV96+RIqLpMSsquWw== Completed in 1389ms
npm timing metavuln:calculate:security-advisory:next:1118952 Completed in 8069ms
npm timing metavuln:cache:put:security-advisory:next:ZLUG2HrRQ82YKcCmqQseWvnIlwyr8cZtjKOAKVosnHoYP8HjWF1EuSjurwrvNDBZyCjJrVDZK3B+SIULeNAVPw== Completed in 1257ms
npm timing metavuln:calculate:security-advisory:next:1118958 Completed in 8069ms
npm timing metavuln:cache:put:security-advisory:next:QS567o8JKcXXuwY6XgUM7iN0h1udbMICZ90PR0BPbALyE4LpXJa2pMgZmzYK7JIgCPBOcRocAGRvrI0FNRN1mw== Completed in 1316ms
npm timing metavuln:calculate:security-advisory:next:1118954 Completed in 8069ms
npm timing metavuln:cache:put:security-advisory:next:ItJZ7qy1iUzxbodxayiejQRfV5cCQvX0fnpMwXLDBxbVruEW2O3qtQbmcGQKdCKBR49CjNmJDt46lWVTov1sQA== Completed in 1110ms
npm timing metavuln:calculate:security-advisory:next:1112593 Completed in 8069ms
npm timing metavuln:cache:put:security-advisory:next:unIajp6lhtd8TlnbDyu03O9dAHAdyoPBnRJl7b7wYmHh7QTNefTOT1AH8NOkPJcV47ZUUiH1irG66Xfg+Lfo0g== Completed in 977ms
npm timing metavuln:calculate:security-advisory:next:1113689 Completed in 8069ms
npm timing metavuln:cache:put:security-advisory:next:BPqX8jSKEW35PnDy8r1SGTHQhLIic/IfjienlQq8LFwmauE7Ce5RjzIw5W/PPwSATJecla0O4h/l+qNjjzPUcQ== Completed in 1173ms
npm timing metavuln:calculate:security-advisory:next:1118962 Completed in 8069ms
npm timing metavuln:cache:put:security-advisory:next:cZ6OoV2Yic3pKTVKWM708NyiYbU3eZO1UXbYmn0kthDYcmREJe5mE1zcJHSOZi/YbdCxNy+idGHHRzG5idxOrA== Completed in 657ms
npm timing metavuln:calculate:security-advisory:next:1124185 Completed in 8069ms
npm timing metavuln:cache:put:security-advisory:next:3TA4O3EmeHOziCX4u9l4IBFBAPxWeQGxoijidoX+ldET6YKxjUcLFRhQVFM5X6vREfhCEhSA9T7d5fKHVz2CcA== Completed in 887ms
npm timing metavuln:calculate:security-advisory:next:1114897 Completed in 8069ms
npm timing metavuln:cache:put:security-advisory:next:GCi2VjQ+xIankByzHe4ZXO0Uwx2FJAEb3wwNZc/B4wp4HXVgOhv8Jd02gDZ/z3OGbsWKVMoiRfJ+NReCbZIsqA== Completed in 767ms
npm timing metavuln:calculate:security-advisory:next:1114940 Completed in 8070ms
npm timing metavuln:cache:put:security-advisory:next:3YEnowU0F/efIZFkDoFxQZjNq2qcmakBCRjEbrgPcrnqNOUxoJgvhg+PrXGQZbW/4yvsmMJX4gbpxuAhPD8bvg== Completed in 1791ms
npm timing metavuln:calculate:security-advisory:next:1108291 Completed in 8070ms
npm timing metavuln:cache:put:security-advisory:next:yos6Q/8ldNg4cAnbkKSHOmtu1rp9E1oF5bR0CEDZqA3wIlDCz8yt3pfi32dMl7zQ2lXJzGvCp5zUjdyEnHq0iQ== Completed in 586ms
npm timing metavuln:calculate:security-advisory:next:1124172 Completed in 8070ms
npm timing metavuln:cache:put:security-advisory:next:946AF1QwAU4SXAd5aWKfhcmAGKxGvL49GMSiWwQAiLOdZGEKvKq1QQ8g5sAdE0gZU2B8U3brIPjWf7FHy89HAg== Completed in 459ms
npm timing metavuln:calculate:security-advisory:next:1124189 Completed in 8070ms
npm timing metavuln:cache:put:security-advisory:next:hIOMnj58e6JD7YssvYqqWPbKmGbcOX4279r3BRBdpe6jkiF2DQgG4461MZNJC1Eb6xPZCSPQXC40NqUvq3DOqA== Completed in 276ms
npm timing metavuln:calculate:security-advisory:next:1124193 Completed in 8070ms
npm timing metavuln:cache:put:security-advisory:next:ezdIQZO7Cc28S3fxmDpZW1cK5d5FOHnm/OuO5tdXzgfM3FtFExNbKkQD7IWliLd4erTD3l6mfyiXiGUWmfc42w== Completed in 369ms
npm timing metavuln:calculate:security-advisory:next:1124191 Completed in 8070ms
npm timing metavuln:cache:put:security-advisory:next:owasql2RGfaRn6gCrEIYc1sLXkl1GuxqJbyX4pwqCr7f/tVRvnWuaIoanwkbKZ9RBWsvTnyiF9QrYyjzAdBqCg== Completed in 1038ms
npm timing metavuln:calculate:security-advisory:next:1112653 Completed in 8070ms
npm timing metavuln:cache:put:security-advisory:next:fnio781IRK2W7XoS3G7Up6+M5VUvY4zyA/2G+Eju3xGfgF4bCbMLow1HCd16OUURxF7IqHyz6Yo0X2LxXAbeVQ== Completed in 537ms
npm timing metavuln:calculate:security-advisory:next:1124187 Completed in 8070ms
npm timing metavuln:cache:put:security-advisory:next:usPEHPdWuyjsh+HI2+rwEPUzXWKe09mdbdIIFpG2O1Zd2medsdvkN5wwKHxOzkpfm2FC7E54Nx/sY33UEU3C1Q== Completed in 716ms
npm timing metavuln:calculate:security-advisory:next:1116376 Completed in 8070ms
npm timing metavuln:cache:put:security-advisory:next:0lMSV7d/KDMx7fptosIHMFw8GdGsFcTsiX3MLM9HVoau8oy472GdqZGTwmxXKKglh+IxWYWrNMgIt/FS6dy52w== Completed in 191ms
npm timing metavuln:calculate:security-advisory:next:1124197 Completed in 8070ms
npm timing metavuln:cache:put:security-advisory:next:VRq8TIz+ZjPW6hQ8T0wOUvYSO+eDdwertI1rhHbEx2+MnlsYlHSTbstvXQA6lxcqK9z1/S2wl1LkMaE/zyyBqQ== Completed in 1632ms
npm timing metavuln:calculate:security-advisory:next:1118944 Completed in 8071ms
npm timing metavuln:cache:put:security-advisory:next:7Gm25JCrbDejm3fVWTBiQaOTb5IjvtYhe6UUqrVfnyuSIwLt70Ur6MOdmTGi5ifeqdlXHcopu4tkvtTV7PaE6A== Completed in 35ms
npm timing metavuln:calculate:security-advisory:next:1193733 Completed in 8071ms
npm timing metavuln:cache:put:security-advisory:next:nv2rBRsNyDLLV5ggWzZklWeOI82UHketKRUuE6f7Dw5e+nYBG0c5+UM60D9sYlttfqGH6S1PZck6cr4hM5EG3w== Completed in 139ms
npm timing metavuln:calculate:security-advisory:next:1193677 Completed in 8071ms
npm timing metavuln:cache:get:security-advisory:@ai-sdk/openai:kZPCvgYMNoWQCClAp/2LR4L/ETr5y6ebiZwerYCMbtOIdVXTkjL/RV/QUA7XLC7AT6UvccJ26ju0JdJYwNazFw== Completed in 4ms
npm timing metavuln:cache:get:security-advisory:@ai-sdk/react:Vgliitjn8bPUxWSIIUlyQGGBHf8jgxBBS/6HFmq9MtYFTsCOHMxtatrUx7EaOZux9Z0IU9Vsx0kXwYy81qYcyQ== Completed in 3ms
npm timing metavuln:cache:get:security-advisory:@ai-sdk/solid:zK8QENTfgafMurKsn7iSeOS3GmunlYEM9BUDCLgHNFAgy9thPqR66H8ah2Wpaor5kWRiO0kANNl/AYRX0vCBJA== Completed in 2ms
npm timing metavuln:cache:get:security-advisory:@ai-sdk/svelte:pozyn/Bvdnagv8o5Ybyqv3KvonNPUtiYZ5RrX7SBjt/4Frdt3CsgBEmTnTD97Z1v7vOia5+HZyemiL4HKcAWXA== Completed in 2ms
npm timing metavuln:cache:get:security-advisory:@ai-sdk/ui-utils:rPDVduQTJn9a8Xu2PNgwf4LP5utXoEfJhuA+/QYFPsTn9UzCQo+0E91NwxIublVtLxUj/rzMJjrcpCkwTmyCRQ== Completed in 3ms
npm timing metavuln:cache:get:security-advisory:@ai-sdk/vue:h/cReNv3jSdWVlsQ/prreTqkvOFvbAj2YC/cVGgFyXi1FPTmrnqK5T9YDsmP4gFijH41wNI8zAmaC4HEudOqPg== Completed in 3ms
npm timing metavuln:cache:get:security-advisory:ai:3mJOyQKMD5LTcBMp1vsiwjW2NRuUVGImJKmcXtOMPIu2XJ9KSRiysrPfzukv5nfrIbmx5y/RwexichsFMR2Lkw== Completed in 3ms
npm timing metavuln:load:security-advisory:ai:Ul9KFseB2tOIN1MDrvKXYgswUT8/7E04jrfk1CULo1gm3PxzYce/4sYV2Ljgg4GMg1YdyPCXh5zxOzmwrnQ/vQ== Completed in 159ms
npm timing metavuln:cache:put:security-advisory:ai:3mJOyQKMD5LTcBMp1vsiwjW2NRuUVGImJKmcXtOMPIu2XJ9KSRiysrPfzukv5nfrIbmx5y/RwexichsFMR2Lkw== Completed in 19ms
npm timing metavuln:calculate:security-advisory:ai:Ul9KFseB2tOIN1MDrvKXYgswUT8/7E04jrfk1CULo1gm3PxzYce/4sYV2Ljgg4GMg1YdyPCXh5zxOzmwrnQ/vQ== Completed in 182ms
npm timing metavuln:packument:@ai-sdk/ui-utils Completed in 244ms
npm timing metavuln:load:security-advisory:@ai-sdk/ui-utils:Ul9KFseB2tOIN1MDrvKXYgswUT8/7E04jrfk1CULo1gm3PxzYce/4sYV2Ljgg4GMg1YdyPCXh5zxOzmwrnQ/vQ== Completed in 4ms
npm timing metavuln:cache:put:security-advisory:@ai-sdk/ui-utils:rPDVduQTJn9a8Xu2PNgwf4LP5utXoEfJhuA+/QYFPsTn9UzCQo+0E91NwxIublVtLxUj/rzMJjrcpCkwTmyCRQ== Completed in 23ms
npm timing metavuln:calculate:security-advisory:@ai-sdk/ui-utils:Ul9KFseB2tOIN1MDrvKXYgswUT8/7E04jrfk1CULo1gm3PxzYce/4sYV2Ljgg4GMg1YdyPCXh5zxOzmwrnQ/vQ== Completed in 271ms
npm timing reifyNode:node_modules/typescript Completed in 12588ms
npm timing metavuln:packument:@ai-sdk/solid Completed in 325ms
npm timing metavuln:load:security-advisory:@ai-sdk/solid:Ul9KFseB2tOIN1MDrvKXYgswUT8/7E04jrfk1CULo1gm3PxzYce/4sYV2Ljgg4GMg1YdyPCXh5zxOzmwrnQ/vQ== Completed in 1ms
npm timing metavuln:packument:@ai-sdk/openai Completed in 353ms
npm timing metavuln:load:security-advisory:@ai-sdk/openai:Ul9KFseB2tOIN1MDrvKXYgswUT8/7E04jrfk1CULo1gm3PxzYce/4sYV2Ljgg4GMg1YdyPCXh5zxOzmwrnQ/vQ== Completed in 24ms
npm timing metavuln:cache:put:security-advisory:@ai-sdk/solid:zK8QENTfgafMurKsn7iSeOS3GmunlYEM9BUDCLgHNFAgy9thPqR66H8ah2Wpaor5kWRiO0kANNl/AYRX0vCBJA== Completed in 53ms
npm timing metavuln:calculate:security-advisory:@ai-sdk/solid:Ul9KFseB2tOIN1MDrvKXYgswUT8/7E04jrfk1CULo1gm3PxzYce/4sYV2Ljgg4GMg1YdyPCXh5zxOzmwrnQ/vQ== Completed in 380ms
npm timing metavuln:cache:put:security-advisory:@ai-sdk/openai:kZPCvgYMNoWQCClAp/2LR4L/ETr5y6ebiZwerYCMbtOIdVXTkjL/RV/QUA7XLC7AT6UvccJ26ju0JdJYwNazFw== Completed in 20ms
npm timing metavuln:calculate:security-advisory:@ai-sdk/openai:Ul9KFseB2tOIN1MDrvKXYgswUT8/7E04jrfk1CULo1gm3PxzYce/4sYV2Ljgg4GMg1YdyPCXh5zxOzmwrnQ/vQ== Completed in 399ms
npm timing metavuln:packument:@ai-sdk/vue Completed in 475ms
npm timing metavuln:load:security-advisory:@ai-sdk/vue:Ul9KFseB2tOIN1MDrvKXYgswUT8/7E04jrfk1CULo1gm3PxzYce/4sYV2Ljgg4GMg1YdyPCXh5zxOzmwrnQ/vQ== Completed in 34ms
npm timing metavuln:packument:@ai-sdk/react Completed in 520ms
npm timing metavuln:load:security-advisory:@ai-sdk/react:Ul9KFseB2tOIN1MDrvKXYgswUT8/7E04jrfk1CULo1gm3PxzYce/4sYV2Ljgg4GMg1YdyPCXh5zxOzmwrnQ/vQ== Completed in 22ms
npm timing metavuln:cache:put:security-advisory:@ai-sdk/vue:h/cReNv3jSdWVlsQ/prreTqkvOFvbAj2YC/cVGgFyXi1FPTmrnqK5T9YDsmP4gFijH41wNI8zAmaC4HEudOqPg== Completed in 50ms
npm timing metavuln:calculate:security-advisory:@ai-sdk/vue:Ul9KFseB2tOIN1MDrvKXYgswUT8/7E04jrfk1CULo1gm3PxzYce/4sYV2Ljgg4GMg1YdyPCXh5zxOzmwrnQ/vQ== Completed in 559ms
npm timing metavuln:cache:put:security-advisory:@ai-sdk/react:Vgliitjn8bPUxWSIIUlyQGGBHf8jgxBBS/6HFmq9MtYFTsCOHMxtatrUx7EaOZux9Z0IU9Vsx0kXwYy81qYcyQ== Completed in 21ms
npm timing metavuln:calculate:security-advisory:@ai-sdk/react:Ul9KFseB2tOIN1MDrvKXYgswUT8/7E04jrfk1CULo1gm3PxzYce/4sYV2Ljgg4GMg1YdyPCXh5zxOzmwrnQ/vQ== Completed in 563ms
npm timing reifyNode:node_modules/refractor Completed in 12882ms
npm timing metavuln:packument:@ai-sdk/svelte Completed in 591ms
npm timing metavuln:load:security-advisory:@ai-sdk/svelte:Ul9KFseB2tOIN1MDrvKXYgswUT8/7E04jrfk1CULo1gm3PxzYce/4sYV2Ljgg4GMg1YdyPCXh5zxOzmwrnQ/vQ== Completed in 26ms
npm timing metavuln:cache:put:security-advisory:@ai-sdk/svelte:pozyn/Bvdnagv8o5Ybyqv3KvonNPUtiYZ5RrX7SBjt/4Frdt3CsgBEmTnTD97Z1v7vOia5+HZyemiL4HKcAWXA== Completed in 15ms
npm timing metavuln:calculate:security-advisory:@ai-sdk/svelte:Ul9KFseB2tOIN1MDrvKXYgswUT8/7E04jrfk1CULo1gm3PxzYce/4sYV2Ljgg4GMg1YdyPCXh5zxOzmwrnQ/vQ== Completed in 632ms
npm timing metavuln:cache:get:security-advisory:@emotion/babel-plugin:tNtxtxKix4+DjQX2QQhZ+jMvJtgjv2XSixLuo0yiPnIi91MBuhVvpnszo3l73c5g3SAWCAqh7BC0srJ4VVERPQ== Completed in 7ms
npm timing metavuln:cache:get:security-advisory:@emotion/react:ZdXVddISPlzaJZiWc/GCcz94z2j0XpZ5c9n9cNarzB+UBfir4sH5JhGRmOdIDKEdhXfi/BG5Bok2+ueGvoqwkw== Completed in 6ms
npm timing metavuln:cache:get:security-advisory:@emotion/styled:hq/QGA6Mexnx/cBInoPC8xSYLZGAri9ZWviJfwyCUmWdL8zG8Rt9Kbdi3q6LgZt80nFjYRMODHLMkcezE8WikQ== Completed in 6ms
npm timing metavuln:cache:get:security-advisory:@mui/base:P7ESC9OYntUuPUdLGNZtNWrsEQQTztyNNWJlLLMi+kQr2e7py/7CSNPeWlTrGRPDHtzEjE5dUVAtAqnFSgaJ3w== Completed in 6ms
npm timing metavuln:cache:get:security-advisory:@mui/joy:mQjW1gLc2RnnHjsgmGjtcWNIZGgswtvxXf41vOUeLyJqAAgDEDTYbstgKY2GBXe3w76kceVXm4M2eB/TIm62zQ== Completed in 5ms
npm timing metavuln:cache:get:security-advisory:@mui/lab:1EQq39ARVnP0txHb9cStg+MWiApMldGnpwKrP5rYkcNwLTplUSQ6xzNiioncvr1kln/Hk8aKNGzHeO+EiIOxHA== Completed in 5ms
npm timing metavuln:cache:get:security-advisory:@mui/material:IRTf6NmI7wPA4srhcFeAof8uNuqwOXjOx4c7ISdH8xjLgfErn+VOmAevQQL/IlVo8mAGxZLdmMRaxnphSVaLiw== Completed in 5ms
npm timing metavuln:cache:get:security-advisory:@mui/private-theming:Z5Tq2MJFJczzBa5qsgq1W8hQzP9knw+vGcWWS8/0fgTtjtKfGhH7E+jm2uvmpNt3xn8I/36efVQR38/+ZrxubQ== Completed in 5ms
npm timing metavuln:cache:get:security-advisory:@mui/styled-engine:zJIouMzRYR5SP5UxtC3ZvJ1oe3IfksTWr+uPcfYsbUcH6BzfEqkV2sxGnNk6tonV9KI/y3WPF0Kw+ze5I3ZKgA== Completed in 5ms
npm timing metavuln:cache:get:security-advisory:@mui/system:/AbZq8OHsVuBs8IVLfDL57gqiqOziFVkUrpOxNndq3p4rzV/58reEZds1x0j6lRCs5VFAlWidmSqXfKrBPqVqQ== Completed in 5ms
npm timing metavuln:cache:get:security-advisory:@mui/utils:p92dPHwlgRCvBU4wOeQheEPUyrKkXfEj1uWwn+ZYUYYhfYlU20GiXZv1bwG6S9lMhaIrZdARFnpFHd3CLhmKYg== Completed in 4ms
npm timing metavuln:cache:get:security-advisory:@uiw/react-markdown-preview:8wC0MOw49sfVf+HM53tOTQd1U/DzSYmhPMflecCkvGvfsocOmsfq5SqBBxBXOy8ZzSRHTtNolM3UGzZDQgbvMA== Completed in 4ms
npm timing metavuln:cache:get:security-advisory:@uiw/react-md-editor:Xe4EH4NdIRJdjMr2s56XwYWHPIczGSCrI75UpqrNxBE+IKsP+UshOjNW0xgLJCHNjJBUN9Yl1+ucn1NjxFjK4Q== Completed in 4ms
npm timing metavuln:cache:get:security-advisory:babel-plugin-macros:qMU0jgQ65yCw0xqb1eeXQJqmxfcDQZpCgagbQjMA1rzvHi2SocDwBVraMUaLvxm5ErNpgfcN7RUImhRHd+W8yQ== Completed in 4ms
npm timing metavuln:cache:get:security-advisory:dom-helpers:OalrlRrlGClSGrWLL6bTK59q75ScYANWEs7NWSHvOIukOryJBKq1x3x0qmXJzJUMmuFDKscN+zgSROrbML2Jpw== Completed in 3ms
npm timing metavuln:cache:get:security-advisory:react-transition-group:4xoT4Ph9YulQZSMskaMyyPYsjB6rBemwuXPTvTASffS4/4jrNRbGzxNt5isdR923lM000bpRrKW3rlr6X+mRLA== Completed in 3ms
npm timing metavuln:packument:@emotion/react Completed in 93ms
npm timing metavuln:load:security-advisory:@emotion/react:xDaNmlS3J8LRk7IfDb7e9Gp3gcy/xDr1QZXCKC997SMkqKVemm2guY9vQpRI6omD11L5cfCI+STpoAdxUgnVsA== Completed in 2ms
npm timing metavuln:packument:babel-plugin-macros Completed in 116ms
npm timing metavuln:load:security-advisory:babel-plugin-macros:xDaNmlS3J8LRk7IfDb7e9Gp3gcy/xDr1QZXCKC997SMkqKVemm2guY9vQpRI6omD11L5cfCI+STpoAdxUgnVsA== Completed in 0ms
npm timing metavuln:packument:dom-helpers Completed in 122ms
npm timing metavuln:load:security-advisory:dom-helpers:xDaNmlS3J8LRk7IfDb7e9Gp3gcy/xDr1QZXCKC997SMkqKVemm2guY9vQpRI6omD11L5cfCI+STpoAdxUgnVsA== Completed in 2ms
npm timing metavuln:packument:@emotion/styled Completed in 137ms
npm timing metavuln:load:security-advisory:@emotion/styled:xDaNmlS3J8LRk7IfDb7e9Gp3gcy/xDr1QZXCKC997SMkqKVemm2guY9vQpRI6omD11L5cfCI+STpoAdxUgnVsA== Completed in 1ms
npm timing metavuln:packument:react-transition-group Completed in 138ms
npm timing metavuln:load:security-advisory:react-transition-group:xDaNmlS3J8LRk7IfDb7e9Gp3gcy/xDr1QZXCKC997SMkqKVemm2guY9vQpRI6omD11L5cfCI+STpoAdxUgnVsA== Completed in 0ms
npm timing reifyNode:node_modules/lodash Completed in 13086ms
npm timing metavuln:cache:put:security-advisory:@emotion/react:ZdXVddISPlzaJZiWc/GCcz94z2j0XpZ5c9n9cNarzB+UBfir4sH5JhGRmOdIDKEdhXfi/BG5Bok2+ueGvoqwkw== Completed in 56ms
npm timing metavuln:calculate:security-advisory:@emotion/react:xDaNmlS3J8LRk7IfDb7e9Gp3gcy/xDr1QZXCKC997SMkqKVemm2guY9vQpRI6omD11L5cfCI+STpoAdxUgnVsA== Completed in 151ms
npm timing metavuln:packument:@emotion/babel-plugin Completed in 158ms
npm timing metavuln:load:security-advisory:@emotion/babel-plugin:xDaNmlS3J8LRk7IfDb7e9Gp3gcy/xDr1QZXCKC997SMkqKVemm2guY9vQpRI6omD11L5cfCI+STpoAdxUgnVsA== Completed in 0ms
npm timing metavuln:packument:@uiw/react-markdown-preview Completed in 163ms
npm timing metavuln:load:security-advisory:@uiw/react-markdown-preview:xDaNmlS3J8LRk7IfDb7e9Gp3gcy/xDr1QZXCKC997SMkqKVemm2guY9vQpRI6omD11L5cfCI+STpoAdxUgnVsA== Completed in 3ms
npm timing metavuln:packument:@mui/utils Completed in 169ms
npm timing metavuln:load:security-advisory:@mui/utils:xDaNmlS3J8LRk7IfDb7e9Gp3gcy/xDr1QZXCKC997SMkqKVemm2guY9vQpRI6omD11L5cfCI+STpoAdxUgnVsA== Completed in 14ms
npm timing metavuln:cache:put:security-advisory:babel-plugin-macros:qMU0jgQ65yCw0xqb1eeXQJqmxfcDQZpCgagbQjMA1rzvHi2SocDwBVraMUaLvxm5ErNpgfcN7RUImhRHd+W8yQ== Completed in 68ms
npm timing metavuln:calculate:security-advisory:babel-plugin-macros:xDaNmlS3J8LRk7IfDb7e9Gp3gcy/xDr1QZXCKC997SMkqKVemm2guY9vQpRI6omD11L5cfCI+STpoAdxUgnVsA== Completed in 186ms
npm timing metavuln:packument:@mui/styled-engine Completed in 189ms
npm timing metavuln:load:security-advisory:@mui/styled-engine:xDaNmlS3J8LRk7IfDb7e9Gp3gcy/xDr1QZXCKC997SMkqKVemm2guY9vQpRI6omD11L5cfCI+STpoAdxUgnVsA== Completed in 1ms
npm timing metavuln:cache:put:security-advisory:dom-helpers:OalrlRrlGClSGrWLL6bTK59q75ScYANWEs7NWSHvOIukOryJBKq1x3x0qmXJzJUMmuFDKscN+zgSROrbML2Jpw== Completed in 66ms
npm timing metavuln:calculate:security-advisory:dom-helpers:xDaNmlS3J8LRk7IfDb7e9Gp3gcy/xDr1QZXCKC997SMkqKVemm2guY9vQpRI6omD11L5cfCI+STpoAdxUgnVsA== Completed in 190ms
npm timing metavuln:cache:put:security-advisory:@emotion/styled:hq/QGA6Mexnx/cBInoPC8xSYLZGAri9ZWviJfwyCUmWdL8zG8Rt9Kbdi3q6LgZt80nFjYRMODHLMkcezE8WikQ== Completed in 59ms
npm timing metavuln:calculate:security-advisory:@emotion/styled:xDaNmlS3J8LRk7IfDb7e9Gp3gcy/xDr1QZXCKC997SMkqKVemm2guY9vQpRI6omD11L5cfCI+STpoAdxUgnVsA== Completed in 197ms
npm timing metavuln:cache:put:security-advisory:react-transition-group:4xoT4Ph9YulQZSMskaMyyPYsjB6rBemwuXPTvTASffS4/4jrNRbGzxNt5isdR923lM000bpRrKW3rlr6X+mRLA== Completed in 57ms
npm timing metavuln:calculate:security-advisory:react-transition-group:xDaNmlS3J8LRk7IfDb7e9Gp3gcy/xDr1QZXCKC997SMkqKVemm2guY9vQpRI6omD11L5cfCI+STpoAdxUgnVsA== Completed in 195ms
npm timing metavuln:packument:@mui/private-theming Completed in 200ms
npm timing metavuln:load:security-advisory:@mui/private-theming:xDaNmlS3J8LRk7IfDb7e9Gp3gcy/xDr1QZXCKC997SMkqKVemm2guY9vQpRI6omD11L5cfCI+STpoAdxUgnVsA== Completed in 1ms
npm timing metavuln:packument:@mui/joy Completed in 208ms
npm timing metavuln:load:security-advisory:@mui/joy:xDaNmlS3J8LRk7IfDb7e9Gp3gcy/xDr1QZXCKC997SMkqKVemm2guY9vQpRI6omD11L5cfCI+STpoAdxUgnVsA== Completed in 1ms
npm timing metavuln:cache:put:security-advisory:@emotion/babel-plugin:tNtxtxKix4+DjQX2QQhZ+jMvJtgjv2XSixLuo0yiPnIi91MBuhVvpnszo3l73c5g3SAWCAqh7BC0srJ4VVERPQ== Completed in 56ms
npm timing metavuln:calculate:security-advisory:@emotion/babel-plugin:xDaNmlS3J8LRk7IfDb7e9Gp3gcy/xDr1QZXCKC997SMkqKVemm2guY9vQpRI6omD11L5cfCI+STpoAdxUgnVsA== Completed in 214ms
npm timing metavuln:packument:@mui/system Completed in 213ms
npm timing metavuln:load:security-advisory:@mui/system:xDaNmlS3J8LRk7IfDb7e9Gp3gcy/xDr1QZXCKC997SMkqKVemm2guY9vQpRI6omD11L5cfCI+STpoAdxUgnVsA== Completed in 1ms
npm timing metavuln:packument:@uiw/react-md-editor Completed in 221ms
npm timing metavuln:load:security-advisory:@uiw/react-md-editor:xDaNmlS3J8LRk7IfDb7e9Gp3gcy/xDr1QZXCKC997SMkqKVemm2guY9vQpRI6omD11L5cfCI+STpoAdxUgnVsA== Completed in 2ms
npm timing metavuln:cache:put:security-advisory:@uiw/react-markdown-preview:8wC0MOw49sfVf+HM53tOTQd1U/DzSYmhPMflecCkvGvfsocOmsfq5SqBBxBXOy8ZzSRHTtNolM3UGzZDQgbvMA== Completed in 59ms
npm timing metavuln:calculate:security-advisory:@uiw/react-markdown-preview:xDaNmlS3J8LRk7IfDb7e9Gp3gcy/xDr1QZXCKC997SMkqKVemm2guY9vQpRI6omD11L5cfCI+STpoAdxUgnVsA== Completed in 225ms
npm timing metavuln:cache:put:security-advisory:@mui/utils:p92dPHwlgRCvBU4wOeQheEPUyrKkXfEj1uWwn+ZYUYYhfYlU20GiXZv1bwG6S9lMhaIrZdARFnpFHd3CLhmKYg== Completed in 43ms
npm timing metavuln:calculate:security-advisory:@mui/utils:xDaNmlS3J8LRk7IfDb7e9Gp3gcy/xDr1QZXCKC997SMkqKVemm2guY9vQpRI6omD11L5cfCI+STpoAdxUgnVsA== Completed in 226ms
npm timing metavuln:packument:@mui/lab Completed in 230ms
npm timing metavuln:load:security-advisory:@mui/lab:xDaNmlS3J8LRk7IfDb7e9Gp3gcy/xDr1QZXCKC997SMkqKVemm2guY9vQpRI6omD11L5cfCI+STpoAdxUgnVsA== Completed in 3ms
npm timing metavuln:cache:put:security-advisory:@mui/styled-engine:zJIouMzRYR5SP5UxtC3ZvJ1oe3IfksTWr+uPcfYsbUcH6BzfEqkV2sxGnNk6tonV9KI/y3WPF0Kw+ze5I3ZKgA== Completed in 43ms
npm timing metavuln:calculate:security-advisory:@mui/styled-engine:xDaNmlS3J8LRk7IfDb7e9Gp3gcy/xDr1QZXCKC997SMkqKVemm2guY9vQpRI6omD11L5cfCI+STpoAdxUgnVsA== Completed in 234ms
npm timing metavuln:packument:@mui/base Completed in 240ms
npm timing metavuln:load:security-advisory:@mui/base:xDaNmlS3J8LRk7IfDb7e9Gp3gcy/xDr1QZXCKC997SMkqKVemm2guY9vQpRI6omD11L5cfCI+STpoAdxUgnVsA== Completed in 1ms
npm timing metavuln:cache:put:security-advisory:@mui/private-theming:Z5Tq2MJFJczzBa5qsgq1W8hQzP9knw+vGcWWS8/0fgTtjtKfGhH7E+jm2uvmpNt3xn8I/36efVQR38/+ZrxubQ== Completed in 42ms
npm timing metavuln:calculate:security-advisory:@mui/private-theming:xDaNmlS3J8LRk7IfDb7e9Gp3gcy/xDr1QZXCKC997SMkqKVemm2guY9vQpRI6omD11L5cfCI+STpoAdxUgnVsA== Completed in 243ms
npm timing metavuln:packument:@mui/material Completed in 248ms
npm timing metavuln:load:security-advisory:@mui/material:xDaNmlS3J8LRk7IfDb7e9Gp3gcy/xDr1QZXCKC997SMkqKVemm2guY9vQpRI6omD11L5cfCI+STpoAdxUgnVsA== Completed in 1ms
npm timing metavuln:cache:put:security-advisory:@mui/joy:mQjW1gLc2RnnHjsgmGjtcWNIZGgswtvxXf41vOUeLyJqAAgDEDTYbstgKY2GBXe3w76kceVXm4M2eB/TIm62zQ== Completed in 43ms
npm timing metavuln:calculate:security-advisory:@mui/joy:xDaNmlS3J8LRk7IfDb7e9Gp3gcy/xDr1QZXCKC997SMkqKVemm2guY9vQpRI6omD11L5cfCI+STpoAdxUgnVsA== Completed in 252ms
npm timing metavuln:cache:put:security-advisory:@mui/system:/AbZq8OHsVuBs8IVLfDL57gqiqOziFVkUrpOxNndq3p4rzV/58reEZds1x0j6lRCs5VFAlWidmSqXfKrBPqVqQ== Completed in 39ms
npm timing metavuln:calculate:security-advisory:@mui/system:xDaNmlS3J8LRk7IfDb7e9Gp3gcy/xDr1QZXCKC997SMkqKVemm2guY9vQpRI6omD11L5cfCI+STpoAdxUgnVsA== Completed in 254ms
npm timing metavuln:cache:put:security-advisory:@uiw/react-md-editor:Xe4EH4NdIRJdjMr2s56XwYWHPIczGSCrI75UpqrNxBE+IKsP+UshOjNW0xgLJCHNjJBUN9Yl1+ucn1NjxFjK4Q== Completed in 31ms
npm timing metavuln:calculate:security-advisory:@uiw/react-md-editor:xDaNmlS3J8LRk7IfDb7e9Gp3gcy/xDr1QZXCKC997SMkqKVemm2guY9vQpRI6omD11L5cfCI+STpoAdxUgnVsA== Completed in 254ms
npm timing metavuln:cache:put:security-advisory:@mui/lab:1EQq39ARVnP0txHb9cStg+MWiApMldGnpwKrP5rYkcNwLTplUSQ6xzNiioncvr1kln/Hk8aKNGzHeO+EiIOxHA== Completed in 25ms
npm timing metavuln:calculate:security-advisory:@mui/lab:xDaNmlS3J8LRk7IfDb7e9Gp3gcy/xDr1QZXCKC997SMkqKVemm2guY9vQpRI6omD11L5cfCI+STpoAdxUgnVsA== Completed in 258ms
npm timing metavuln:cache:put:security-advisory:@mui/base:P7ESC9OYntUuPUdLGNZtNWrsEQQTztyNNWJlLLMi+kQr2e7py/7CSNPeWlTrGRPDHtzEjE5dUVAtAqnFSgaJ3w== Completed in 21ms
npm timing metavuln:calculate:security-advisory:@mui/base:xDaNmlS3J8LRk7IfDb7e9Gp3gcy/xDr1QZXCKC997SMkqKVemm2guY9vQpRI6omD11L5cfCI+STpoAdxUgnVsA== Completed in 263ms
npm timing metavuln:cache:put:security-advisory:@mui/material:IRTf6NmI7wPA4srhcFeAof8uNuqwOXjOx4c7ISdH8xjLgfErn+VOmAevQQL/IlVo8mAGxZLdmMRaxnphSVaLiw== Completed in 16ms
npm timing metavuln:calculate:security-advisory:@mui/material:xDaNmlS3J8LRk7IfDb7e9Gp3gcy/xDr1QZXCKC997SMkqKVemm2guY9vQpRI6omD11L5cfCI+STpoAdxUgnVsA== Completed in 265ms
npm timing metavuln:cache:get:security-advisory:minimatch:EdzP79sukXfwnaTxyFO/a1+fXPBBvIH9NlsgWGTGWGSpQkNPxYQxFaMxiKCAwfckwBABbsvD1jCrk+QZ4W56Rw== Completed in 1ms
npm timing metavuln:load:security-advisory:minimatch:7IQMvcVTr+svbh5KCx4Kl6FQKJ1GciM03BnJAve/5WYJjUeRzKAIrStVpfachbl3T6a7o8nYlQEVG6Ih0TNXRg== Completed in 2ms
npm timing metavuln:cache:put:security-advisory:minimatch:EdzP79sukXfwnaTxyFO/a1+fXPBBvIH9NlsgWGTGWGSpQkNPxYQxFaMxiKCAwfckwBABbsvD1jCrk+QZ4W56Rw== Completed in 16ms
npm timing metavuln:calculate:security-advisory:minimatch:7IQMvcVTr+svbh5KCx4Kl6FQKJ1GciM03BnJAve/5WYJjUeRzKAIrStVpfachbl3T6a7o8nYlQEVG6Ih0TNXRg== Completed in 19ms
npm timing metavuln:cache:get:security-advisory:minimatch:47aVejY8/1KnEnFlTo+uF90a7w1XvtOjMP1i7DvyX4+jxy/wlG4RjX1rMW+bmptQMpL8TSkcMyWTMH7gxl9Fpg== Completed in 1ms
npm timing metavuln:load:security-advisory:minimatch:mClmYqWawCNXseeTBHWiIwZH/2CmFUqPCmosJIeOhAgD9z1v3SayhHAwaWVo8wmeKU/JN9VP4zDBeXaqy3Ay2A== Completed in 1ms
npm timing metavuln:cache:put:security-advisory:minimatch:47aVejY8/1KnEnFlTo+uF90a7w1XvtOjMP1i7DvyX4+jxy/wlG4RjX1rMW+bmptQMpL8TSkcMyWTMH7gxl9Fpg== Completed in 13ms
npm timing metavuln:calculate:security-advisory:minimatch:mClmYqWawCNXseeTBHWiIwZH/2CmFUqPCmosJIeOhAgD9z1v3SayhHAwaWVo8wmeKU/JN9VP4zDBeXaqy3Ay2A== Completed in 15ms
npm timing metavuln:cache:get:security-advisory:@eslint/eslintrc:ekjU9xvLMIGZ60VAS3cJiXhpLVygLLVhrX5j5gbU96muSnaowg56B//Z2ieRbqnSyEhXO09OAWrrIfGViIVogQ== Completed in 3ms
npm timing metavuln:cache:get:security-advisory:@humanwhocodes/config-array:Tk7QyZJ/5FJIVNFvkr1kqYAW2HdFmlGmqor9USZiENZhVXh0kmlTve1snlA6YKmRt6Vc/ua7GMSY9wOQLaXfEQ== Completed in 3ms
npm timing metavuln:cache:get:security-advisory:eslint:ev5azc2U50vUYTqLo2/jaU7l8ps6Yvlqzkyp5OLr37QKqPK3+eCnjR+sureWWgBbnj1subBH7GupBmACDEZ2Mw== Completed in 2ms
npm timing metavuln:cache:get:security-advisory:eslint-plugin-import:8kV5Y/kp5eDWHoCxaxP2GpSM+URcZdaiGzBLqLCUL1aFnqNJYOG1MA8HRImPYwbeSnjoD4UdCemYrgpPgqe0nQ== Completed in 2ms
npm timing metavuln:cache:get:security-advisory:eslint-plugin-jsx-a11y:RtgHjCgVzpv029UPVeGeA/VS7k3WzTUYqb/paVAiHY2UEeEu/m77je8ENYSBlIadj27r2b50iAFdfzYLCnL4qw== Completed in 2ms
npm timing metavuln:cache:get:security-advisory:eslint-plugin-react:ASpc1+KToSyZ7evZYtShB6v7xJLg5tKSOSOILhUSqa3j444Rajec2TGD8vjtOZknBlH2V0wlB2kiBJoAUgLxaQ== Completed in 2ms
npm timing metavuln:cache:get:security-advisory:glob:SiaR+x876RZ4PrtFfgITl2I3eRZNkCbXOr2JdOKzsfFOqrFtyoEMmqMabD5D9LbuunJXr2ioG0JXsVQhURvrcw== Completed in 2ms
npm timing metavuln:load:security-advisory:glob:V/3cIcyAQcG1bwuH0e0PI9Qt5WRtbvb/WOz2mBxAfNzXf+Dvs9G1X05eHjnPq2b0TJY4zXXpqhCAkRAipgk3iQ== Completed in 5ms
npm timing metavuln:cache:put:security-advisory:glob:SiaR+x876RZ4PrtFfgITl2I3eRZNkCbXOr2JdOKzsfFOqrFtyoEMmqMabD5D9LbuunJXr2ioG0JXsVQhURvrcw== Completed in 17ms
npm timing metavuln:calculate:security-advisory:glob:V/3cIcyAQcG1bwuH0e0PI9Qt5WRtbvb/WOz2mBxAfNzXf+Dvs9G1X05eHjnPq2b0TJY4zXXpqhCAkRAipgk3iQ== Completed in 25ms
npm timing reifyNode:node_modules/@mui/utils Completed in 13277ms
npm timing metavuln:packument:@humanwhocodes/config-array Completed in 74ms
npm timing metavuln:load:security-advisory:@humanwhocodes/config-array:V/3cIcyAQcG1bwuH0e0PI9Qt5WRtbvb/WOz2mBxAfNzXf+Dvs9G1X05eHjnPq2b0TJY4zXXpqhCAkRAipgk3iQ== Completed in 0ms
npm timing metavuln:packument:eslint-plugin-jsx-a11y Completed in 76ms
npm timing metavuln:load:security-advisory:eslint-plugin-jsx-a11y:V/3cIcyAQcG1bwuH0e0PI9Qt5WRtbvb/WOz2mBxAfNzXf+Dvs9G1X05eHjnPq2b0TJY4zXXpqhCAkRAipgk3iQ== Completed in 1ms
npm timing metavuln:packument:@eslint/eslintrc Completed in 81ms
npm timing metavuln:load:security-advisory:@eslint/eslintrc:V/3cIcyAQcG1bwuH0e0PI9Qt5WRtbvb/WOz2mBxAfNzXf+Dvs9G1X05eHjnPq2b0TJY4zXXpqhCAkRAipgk3iQ== Completed in 1ms
npm timing metavuln:cache:put:security-advisory:@humanwhocodes/config-array:Tk7QyZJ/5FJIVNFvkr1kqYAW2HdFmlGmqor9USZiENZhVXh0kmlTve1snlA6YKmRt6Vc/ua7GMSY9wOQLaXfEQ== Completed in 26ms
npm timing metavuln:calculate:security-advisory:@humanwhocodes/config-array:V/3cIcyAQcG1bwuH0e0PI9Qt5WRtbvb/WOz2mBxAfNzXf+Dvs9G1X05eHjnPq2b0TJY4zXXpqhCAkRAipgk3iQ== Completed in 100ms
npm timing metavuln:cache:put:security-advisory:eslint-plugin-jsx-a11y:RtgHjCgVzpv029UPVeGeA/VS7k3WzTUYqb/paVAiHY2UEeEu/m77je8ENYSBlIadj27r2b50iAFdfzYLCnL4qw== Completed in 23ms
npm timing metavuln:calculate:security-advisory:eslint-plugin-jsx-a11y:V/3cIcyAQcG1bwuH0e0PI9Qt5WRtbvb/WOz2mBxAfNzXf+Dvs9G1X05eHjnPq2b0TJY4zXXpqhCAkRAipgk3iQ== Completed in 100ms
npm timing metavuln:packument:eslint-plugin-react Completed in 103ms
npm timing metavuln:load:security-advisory:eslint-plugin-react:V/3cIcyAQcG1bwuH0e0PI9Qt5WRtbvb/WOz2mBxAfNzXf+Dvs9G1X05eHjnPq2b0TJY4zXXpqhCAkRAipgk3iQ== Completed in 1ms
npm timing metavuln:cache:put:security-advisory:@eslint/eslintrc:ekjU9xvLMIGZ60VAS3cJiXhpLVygLLVhrX5j5gbU96muSnaowg56B//Z2ieRbqnSyEhXO09OAWrrIfGViIVogQ== Completed in 24ms
npm timing metavuln:calculate:security-advisory:@eslint/eslintrc:V/3cIcyAQcG1bwuH0e0PI9Qt5WRtbvb/WOz2mBxAfNzXf+Dvs9G1X05eHjnPq2b0TJY4zXXpqhCAkRAipgk3iQ== Completed in 106ms
npm timing metavuln:packument:eslint-plugin-import Completed in 110ms
npm timing metavuln:load:security-advisory:eslint-plugin-import:V/3cIcyAQcG1bwuH0e0PI9Qt5WRtbvb/WOz2mBxAfNzXf+Dvs9G1X05eHjnPq2b0TJY4zXXpqhCAkRAipgk3iQ== Completed in 1ms
npm timing metavuln:cache:put:security-advisory:eslint-plugin-react:ASpc1+KToSyZ7evZYtShB6v7xJLg5tKSOSOILhUSqa3j444Rajec2TGD8vjtOZknBlH2V0wlB2kiBJoAUgLxaQ== Completed in 16ms
npm timing metavuln:calculate:security-advisory:eslint-plugin-react:V/3cIcyAQcG1bwuH0e0PI9Qt5WRtbvb/WOz2mBxAfNzXf+Dvs9G1X05eHjnPq2b0TJY4zXXpqhCAkRAipgk3iQ== Completed in 120ms
npm timing metavuln:cache:put:security-advisory:eslint-plugin-import:8kV5Y/kp5eDWHoCxaxP2GpSM+URcZdaiGzBLqLCUL1aFnqNJYOG1MA8HRImPYwbeSnjoD4UdCemYrgpPgqe0nQ== Completed in 11ms
npm timing metavuln:calculate:security-advisory:eslint-plugin-import:V/3cIcyAQcG1bwuH0e0PI9Qt5WRtbvb/WOz2mBxAfNzXf+Dvs9G1X05eHjnPq2b0TJY4zXXpqhCAkRAipgk3iQ== Completed in 122ms
npm timing metavuln:packument:eslint Completed in 157ms
npm timing metavuln:load:security-advisory:eslint:V/3cIcyAQcG1bwuH0e0PI9Qt5WRtbvb/WOz2mBxAfNzXf+Dvs9G1X05eHjnPq2b0TJY4zXXpqhCAkRAipgk3iQ== Completed in 4ms
npm timing metavuln:cache:put:security-advisory:eslint:ev5azc2U50vUYTqLo2/jaU7l8ps6Yvlqzkyp5OLr37QKqPK3+eCnjR+sureWWgBbnj1subBH7GupBmACDEZ2Mw== Completed in 9ms
npm timing metavuln:calculate:security-advisory:eslint:V/3cIcyAQcG1bwuH0e0PI9Qt5WRtbvb/WOz2mBxAfNzXf+Dvs9G1X05eHjnPq2b0TJY4zXXpqhCAkRAipgk3iQ== Completed in 170ms
npm timing metavuln:cache:get:security-advisory:@typescript-eslint/typescript-estree:Nhz0xCqWvb+VTRICJQC30ctuIxO4zAgpLCHbzLpRCtzo4N+xQCBfztfMr8ZGv8tb05mMcK6mvwg0cRuca1jQ8Q== Completed in 1ms
npm timing metavuln:cache:get:security-advisory:glob:2gIChGnRwWJwoiDYphyLHqddJdZn+GRoNVbvpZ1vkwu0FmPASo3fUYL/YAIcdH4PhvoZ7didmLmcNsz6RTrveQ== Completed in 1ms
npm timing metavuln:load:security-advisory:glob:B00WbbnnDNaFGA7l9BgrTioYpRMzU4+U8SUF8cn65LwArJAK0O380QwyP/UyxPr7i9XUjX9/AADC41/edu9OrA== Completed in 2ms
npm timing metavuln:cache:put:security-advisory:glob:2gIChGnRwWJwoiDYphyLHqddJdZn+GRoNVbvpZ1vkwu0FmPASo3fUYL/YAIcdH4PhvoZ7didmLmcNsz6RTrveQ== Completed in 13ms
npm timing metavuln:calculate:security-advisory:glob:B00WbbnnDNaFGA7l9BgrTioYpRMzU4+U8SUF8cn65LwArJAK0O380QwyP/UyxPr7i9XUjX9/AADC41/edu9OrA== Completed in 17ms
npm timing reifyNode:node_modules/svelte Completed in 13482ms
npm timing reifyNode:node_modules/mongodb Completed in 13521ms
npm timing reifyNode:node_modules/eslint Completed in 13536ms
npm timing metavuln:packument:@typescript-eslint/typescript-estree Completed in 514ms
npm timing metavuln:load:security-advisory:@typescript-eslint/typescript-estree:B00WbbnnDNaFGA7l9BgrTioYpRMzU4+U8SUF8cn65LwArJAK0O380QwyP/UyxPr7i9XUjX9/AADC41/edu9OrA== Completed in 98ms
npm timing reifyNode:node_modules/@mui/lab Completed in 14026ms
npm timing metavuln:cache:put:security-advisory:@typescript-eslint/typescript-estree:Nhz0xCqWvb+VTRICJQC30ctuIxO4zAgpLCHbzLpRCtzo4N+xQCBfztfMr8ZGv8tb05mMcK6mvwg0cRuca1jQ8Q== Completed in 9ms
npm timing metavuln:calculate:security-advisory:@typescript-eslint/typescript-estree:B00WbbnnDNaFGA7l9BgrTioYpRMzU4+U8SUF8cn65LwArJAK0O380QwyP/UyxPr7i9XUjX9/AADC41/edu9OrA== Completed in 621ms
npm timing metavuln:cache:get:security-advisory:@eslint/eslintrc:aTNWJFSkw5DS4SB2nZgnaAFFdAXCgYakUu7Vnu0VAj0AclpVyjznKIgNeS8Irm+NcHSORmoypttmDbChxemxqA== Completed in 2ms
npm timing metavuln:load:security-advisory:@eslint/eslintrc:u4HOZ0QFYFTDLqnZ5TPSC8VEvP+HMuGcZACJuTqG8bm/gunrgkQwsiiH2pbF9tNIl45RK0sW2ccPzEojb1k0xQ== Completed in 1ms
npm timing metavuln:cache:get:security-advisory:eslint:6kRX7Aokk76Jx6XoOHiMSU8BTR90SQMK5AZjmt7HFdN87a8DFzzjuJwsTWoA1xHp5ATdta4R7ud3Xw2YczLZlA== Completed in 4ms
npm timing metavuln:load:security-advisory:eslint:u4HOZ0QFYFTDLqnZ5TPSC8VEvP+HMuGcZACJuTqG8bm/gunrgkQwsiiH2pbF9tNIl45RK0sW2ccPzEojb1k0xQ== Completed in 7ms
npm timing metavuln:cache:put:security-advisory:@eslint/eslintrc:aTNWJFSkw5DS4SB2nZgnaAFFdAXCgYakUu7Vnu0VAj0AclpVyjznKIgNeS8Irm+NcHSORmoypttmDbChxemxqA== Completed in 16ms
npm timing metavuln:calculate:security-advisory:@eslint/eslintrc:u4HOZ0QFYFTDLqnZ5TPSC8VEvP+HMuGcZACJuTqG8bm/gunrgkQwsiiH2pbF9tNIl45RK0sW2ccPzEojb1k0xQ== Completed in 20ms
npm timing metavuln:cache:put:security-advisory:eslint:6kRX7Aokk76Jx6XoOHiMSU8BTR90SQMK5AZjmt7HFdN87a8DFzzjuJwsTWoA1xHp5ATdta4R7ud3Xw2YczLZlA== Completed in 9ms
npm timing metavuln:calculate:security-advisory:eslint:u4HOZ0QFYFTDLqnZ5TPSC8VEvP+HMuGcZACJuTqG8bm/gunrgkQwsiiH2pbF9tNIl45RK0sW2ccPzEojb1k0xQ== Completed in 20ms
npm timing metavuln:cache:get:security-advisory:eslint:Ne/yNy0L08mqT6jqvFBG8ZHWrqAHuxGdNEOgZtub3Su4R2LUTaqbxpX8S30zZ7tis85Jmwxbqft0hpk4j9A12Q== Completed in 1ms
npm timing metavuln:load:security-advisory:eslint:PBcc/5P1UEO/1Ba/jUNR65wOzs1wU0Y+m+OOSfB57dG5EajzjbqRMRm0l7MWqcJgHDYM5GoZ36Hm7qAYFlIH3A== Completed in 3ms
npm timing metavuln:cache:get:security-advisory:foreground-child:cZpBeVkHEpw8jHC+EKy88Laxrd1ur7RE5Fx7lVjtRJXjrwMFQVN00FKtYlT+IVZhQkq/19Fig8voVSYNZLEz1A== Completed in 4ms
npm timing metavuln:cache:put:security-advisory:eslint:Ne/yNy0L08mqT6jqvFBG8ZHWrqAHuxGdNEOgZtub3Su4R2LUTaqbxpX8S30zZ7tis85Jmwxbqft0hpk4j9A12Q== Completed in 9ms
npm timing metavuln:calculate:security-advisory:eslint:PBcc/5P1UEO/1Ba/jUNR65wOzs1wU0Y+m+OOSfB57dG5EajzjbqRMRm0l7MWqcJgHDYM5GoZ36Hm7qAYFlIH3A== Completed in 13ms
npm timing reifyNode:node_modules/@typescript-eslint/scope-manager Completed in 14108ms
npm timing metavuln:packument:foreground-child Completed in 43ms
npm timing metavuln:load:security-advisory:foreground-child:PBcc/5P1UEO/1Ba/jUNR65wOzs1wU0Y+m+OOSfB57dG5EajzjbqRMRm0l7MWqcJgHDYM5GoZ36Hm7qAYFlIH3A== Completed in 0ms
npm timing metavuln:cache:put:security-advisory:foreground-child:cZpBeVkHEpw8jHC+EKy88Laxrd1ur7RE5Fx7lVjtRJXjrwMFQVN00FKtYlT+IVZhQkq/19Fig8voVSYNZLEz1A== Completed in 8ms
npm timing metavuln:calculate:security-advisory:foreground-child:PBcc/5P1UEO/1Ba/jUNR65wOzs1wU0Y+m+OOSfB57dG5EajzjbqRMRm0l7MWqcJgHDYM5GoZ36Hm7qAYFlIH3A== Completed in 51ms
npm timing metavuln:cache:get:security-advisory:flat-cache:JhiW4rt37xHiozZ7KHa24qUwDKaqeEmfEKkkfEIx/3FvJpogNevZOLgbh2yXpecOg6mIB2Ykrg7bF88g6uOdtQ== Completed in 1ms
npm timing metavuln:packument:flat-cache Completed in 39ms
npm timing metavuln:load:security-advisory:flat-cache:oa7V2KnuHnLCPcrXFvcQLRAa1NASGJm9yZ+B92xpfwxan7PZyVrZjYAHt6LB51PFfA2mM8KGE+VHR+U5X/2uZw== Completed in 1ms
npm timing metavuln:cache:put:security-advisory:flat-cache:JhiW4rt37xHiozZ7KHa24qUwDKaqeEmfEKkkfEIx/3FvJpogNevZOLgbh2yXpecOg6mIB2Ykrg7bF88g6uOdtQ== Completed in 7ms
npm timing metavuln:calculate:security-advisory:flat-cache:oa7V2KnuHnLCPcrXFvcQLRAa1NASGJm9yZ+B92xpfwxan7PZyVrZjYAHt6LB51PFfA2mM8KGE+VHR+U5X/2uZw== Completed in 48ms
npm timing metavuln:cache:get:security-advisory:@types/node-fetch:jx+w+9StBIpF8t4cBGTxZbYPJsxyYvumwVA7bXPxtF2ZUyciq2yBofsWpPSIGOuDp2aj3LhI2tJZxqEyMq5lJA== Completed in 2ms
npm timing metavuln:packument:@types/node-fetch Completed in 50ms
npm timing metavuln:load:security-advisory:@types/node-fetch:QHwSQK89tp8y8NaEB/BmWWPJbFRmcqxbWkKungy6gPoWDFe3Fp6pmP2eW7jh8ZiRT8rEqJsege91INZ02VqjRw== Completed in 1ms
npm timing metavuln:cache:put:security-advisory:@types/node-fetch:jx+w+9StBIpF8t4cBGTxZbYPJsxyYvumwVA7bXPxtF2ZUyciq2yBofsWpPSIGOuDp2aj3LhI2tJZxqEyMq5lJA== Completed in 8ms
npm timing metavuln:calculate:security-advisory:@types/node-fetch:QHwSQK89tp8y8NaEB/BmWWPJbFRmcqxbWkKungy6gPoWDFe3Fp6pmP2eW7jh8ZiRT8rEqJsege91INZ02VqjRw== Completed in 59ms
npm timing metavuln:cache:get:security-advisory:@next/eslint-plugin-next:PvOLmaLvBa62/MSwOoeVcFtG41ceA4r3c/+CRslQCFHIqz2IKPEVFqVWr5T0jcFHrN6kR5E5FbNMo23kCF9gdg== Completed in 1ms
npm timing metavuln:cache:get:security-advisory:sucrase:/7sxQuO23WkXEtVsXtSVMbfvzTkkKTfrrYBLCV3MgJuJ7pyqGT1H+3flTst/q8V/VqursqMz64HpbA8877Ckow== Completed in 1ms
npm timing metavuln:packument:sucrase Completed in 48ms
npm timing metavuln:load:security-advisory:sucrase:NTB2XjbDOgk4lkd8PZ3tUAm1F3E/ohGF6rl9/3LEO7Z0FDzSR5nWwzd3nUENA3NCNdyeR+35DOC12wPml2IV+g== Completed in 1ms
npm timing metavuln:cache:put:security-advisory:sucrase:/7sxQuO23WkXEtVsXtSVMbfvzTkkKTfrrYBLCV3MgJuJ7pyqGT1H+3flTst/q8V/VqursqMz64HpbA8877Ckow== Completed in 7ms
npm timing metavuln:calculate:security-advisory:sucrase:NTB2XjbDOgk4lkd8PZ3tUAm1F3E/ohGF6rl9/3LEO7Z0FDzSR5nWwzd3nUENA3NCNdyeR+35DOC12wPml2IV+g== Completed in 56ms
npm timing metavuln:packument:@next/eslint-plugin-next Completed in 272ms
npm timing metavuln:load:security-advisory:@next/eslint-plugin-next:NTB2XjbDOgk4lkd8PZ3tUAm1F3E/ohGF6rl9/3LEO7Z0FDzSR5nWwzd3nUENA3NCNdyeR+35DOC12wPml2IV+g== Completed in 77ms
npm timing metavuln:cache:put:security-advisory:@next/eslint-plugin-next:PvOLmaLvBa62/MSwOoeVcFtG41ceA4r3c/+CRslQCFHIqz2IKPEVFqVWr5T0jcFHrN6kR5E5FbNMo23kCF9gdg== Completed in 9ms
npm timing metavuln:calculate:security-advisory:@next/eslint-plugin-next:NTB2XjbDOgk4lkd8PZ3tUAm1F3E/ohGF6rl9/3LEO7Z0FDzSR5nWwzd3nUENA3NCNdyeR+35DOC12wPml2IV+g== Completed in 358ms
npm timing metavuln:cache:get:security-advisory:@eslint/eslintrc:+dj/LqpwTuLnMbBYuGIzIb6b3zspptDh0rakRHhZtIReGOQCQDIXFUqoHFXyUBrXqkKL96IYWa7gOtmMPQ2AIw== Completed in 0ms
npm timing metavuln:load:security-advisory:@eslint/eslintrc:621IdjBdZEeVoUcjWGl1jXN0jFDGaf7dIQMeaPVKf5MxqYprJztiOC0OHOUPVoayh7Cq/fTC8L5CqEb98qlE7w== Completed in 1ms
npm timing metavuln:cache:get:security-advisory:eslint:tWpS8shwtPvlnKrr0IDTnNgdZsEAPzEyjXys9cT2vEpfBr9XWHwJtpN5VN/tlasnmObTFIj3QrfKiIX5Y5+g2Q== Completed in 2ms
npm timing metavuln:load:security-advisory:eslint:621IdjBdZEeVoUcjWGl1jXN0jFDGaf7dIQMeaPVKf5MxqYprJztiOC0OHOUPVoayh7Cq/fTC8L5CqEb98qlE7w== Completed in 4ms
npm timing metavuln:cache:put:security-advisory:@eslint/eslintrc:+dj/LqpwTuLnMbBYuGIzIb6b3zspptDh0rakRHhZtIReGOQCQDIXFUqoHFXyUBrXqkKL96IYWa7gOtmMPQ2AIw== Completed in 13ms
npm timing metavuln:calculate:security-advisory:@eslint/eslintrc:621IdjBdZEeVoUcjWGl1jXN0jFDGaf7dIQMeaPVKf5MxqYprJztiOC0OHOUPVoayh7Cq/fTC8L5CqEb98qlE7w== Completed in 14ms
npm timing metavuln:cache:put:security-advisory:eslint:tWpS8shwtPvlnKrr0IDTnNgdZsEAPzEyjXys9cT2vEpfBr9XWHwJtpN5VN/tlasnmObTFIj3QrfKiIX5Y5+g2Q== Completed in 8ms
npm timing metavuln:calculate:security-advisory:eslint:621IdjBdZEeVoUcjWGl1jXN0jFDGaf7dIQMeaPVKf5MxqYprJztiOC0OHOUPVoayh7Cq/fTC8L5CqEb98qlE7w== Completed in 14ms
npm timing metavuln:cache:get:security-advisory:ai:yRQdz9feT4zmZMSZGy0sEzpJ61TFJ6bmTjrNoYaFNQpjuTlSekqp7AZMi/NOtIJjRtZ+VcybsaI1OkBRkFH78A== Completed in 1ms
npm timing metavuln:load:security-advisory:ai:LFjo4GNBRNIX4PT/pqJo5ITTc40tAW/GAXqzv6qwd4q3vcu9WjWeGGfhLCIPuyhHAiAArphcD2/Uxai3An3++g== Completed in 28ms
npm timing metavuln:cache:put:security-advisory:ai:yRQdz9feT4zmZMSZGy0sEzpJ61TFJ6bmTjrNoYaFNQpjuTlSekqp7AZMi/NOtIJjRtZ+VcybsaI1OkBRkFH78A== Completed in 9ms
npm timing metavuln:calculate:security-advisory:ai:LFjo4GNBRNIX4PT/pqJo5ITTc40tAW/GAXqzv6qwd4q3vcu9WjWeGGfhLCIPuyhHAiAArphcD2/Uxai3An3++g== Completed in 38ms
npm timing metavuln:cache:get:security-advisory:hast-util-raw:wfV1xcF3MYxfdhvC8pKp4mV2pZ8xXhXFzIBrjy+Pm13nSBFoYUTDmKpDKkEOnNdwdYPlNHcHmF+rEXTsLrIAzw== Completed in 2ms
npm timing metavuln:cache:get:security-advisory:hast-util-to-html:rrpkMBsMgBrik6n46Pf/ZKYQADRkHMNwvK3fv0Y1+w4wGYbcIWMSWRDScRjEydHZ8T4CdS4gQ2gNyygVz1DfXg== Completed in 2ms
npm timing metavuln:cache:get:security-advisory:react-markdown:PEb7MlrHLpjCrDdIEQYyOSnzV1rPkOa+jBMQDFSPN9GLtUey4MQt3whpQwdnh3o6Tb3bXrufFyJdf7VPRRtYNQ== Completed in 2ms
npm timing metavuln:cache:get:security-advisory:remark-rehype:g/2i8VR8fruaOa8EGZd/aYYdK3bF+pEbopxIaVLD43uN8Fx86EUdRisg7cgDsy3+NC12A29YMDZ9/T0cmiW/VA== Completed in 2ms
npm timing metavuln:packument:hast-util-to-html Completed in 36ms
npm timing metavuln:load:security-advisory:hast-util-to-html:GIzvc/ZasYkRVEEbP+nel5QG7Bh1H6gjgE9G3sLNMkSxkyp1vfJGAZTCHzFMiWLA3QejKhYl6hbOeaYbIostpg== Completed in 0ms
npm timing metavuln:packument:remark-rehype Completed in 38ms
npm timing metavuln:load:security-advisory:remark-rehype:GIzvc/ZasYkRVEEbP+nel5QG7Bh1H6gjgE9G3sLNMkSxkyp1vfJGAZTCHzFMiWLA3QejKhYl6hbOeaYbIostpg== Completed in 0ms
npm timing metavuln:cache:put:security-advisory:hast-util-to-html:rrpkMBsMgBrik6n46Pf/ZKYQADRkHMNwvK3fv0Y1+w4wGYbcIWMSWRDScRjEydHZ8T4CdS4gQ2gNyygVz1DfXg== Completed in 16ms
npm timing metavuln:calculate:security-advisory:hast-util-to-html:GIzvc/ZasYkRVEEbP+nel5QG7Bh1H6gjgE9G3sLNMkSxkyp1vfJGAZTCHzFMiWLA3QejKhYl6hbOeaYbIostpg== Completed in 52ms
npm timing metavuln:cache:put:security-advisory:remark-rehype:g/2i8VR8fruaOa8EGZd/aYYdK3bF+pEbopxIaVLD43uN8Fx86EUdRisg7cgDsy3+NC12A29YMDZ9/T0cmiW/VA== Completed in 15ms
npm timing metavuln:calculate:security-advisory:remark-rehype:GIzvc/ZasYkRVEEbP+nel5QG7Bh1H6gjgE9G3sLNMkSxkyp1vfJGAZTCHzFMiWLA3QejKhYl6hbOeaYbIostpg== Completed in 53ms
npm timing metavuln:packument:hast-util-raw Completed in 56ms
npm timing metavuln:load:security-advisory:hast-util-raw:GIzvc/ZasYkRVEEbP+nel5QG7Bh1H6gjgE9G3sLNMkSxkyp1vfJGAZTCHzFMiWLA3QejKhYl6hbOeaYbIostpg== Completed in 0ms
npm timing metavuln:packument:react-markdown Completed in 64ms
npm timing metavuln:load:security-advisory:react-markdown:GIzvc/ZasYkRVEEbP+nel5QG7Bh1H6gjgE9G3sLNMkSxkyp1vfJGAZTCHzFMiWLA3QejKhYl6hbOeaYbIostpg== Completed in 0ms
npm timing metavuln:cache:put:security-advisory:hast-util-raw:wfV1xcF3MYxfdhvC8pKp4mV2pZ8xXhXFzIBrjy+Pm13nSBFoYUTDmKpDKkEOnNdwdYPlNHcHmF+rEXTsLrIAzw== Completed in 12ms
npm timing metavuln:calculate:security-advisory:hast-util-raw:GIzvc/ZasYkRVEEbP+nel5QG7Bh1H6gjgE9G3sLNMkSxkyp1vfJGAZTCHzFMiWLA3QejKhYl6hbOeaYbIostpg== Completed in 68ms
npm timing metavuln:cache:put:security-advisory:react-markdown:PEb7MlrHLpjCrDdIEQYyOSnzV1rPkOa+jBMQDFSPN9GLtUey4MQt3whpQwdnh3o6Tb3bXrufFyJdf7VPRRtYNQ== Completed in 8ms
npm timing metavuln:calculate:security-advisory:react-markdown:GIzvc/ZasYkRVEEbP+nel5QG7Bh1H6gjgE9G3sLNMkSxkyp1vfJGAZTCHzFMiWLA3QejKhYl6hbOeaYbIostpg== Completed in 72ms
npm timing metavuln:cache:get:security-advisory:@ai-sdk/provider-utils:0oKe7fArLZE0tXlnIoFYpLQqXFWFGQ0B2gizIpzdXv/G6cGNZQ9b9jeKSaQ204umZ4FDiq1xm5fNpRQS9zbrsQ== Completed in 1ms
npm timing metavuln:load:security-advisory:@ai-sdk/provider-utils:SvMVdtEUVO5ESues2DL9aEFMy6oMG+saOn/tNitKJcx7q7CvMfC5ZcstpC8dbnZl5KL/q/3pYBvQrAPBFsC+nQ== Completed in 6ms
npm timing metavuln:cache:get:security-advisory:ai:hadjO8tJJz9z4dOwAgKqyuE6fUG659XMcTHUmQDKbJvRbGAPbxkHDrD2CdGsStIq/+JMmjdX8gb/aLpOGPYnSg== Completed in 7ms
npm timing metavuln:load:security-advisory:ai:SvMVdtEUVO5ESues2DL9aEFMy6oMG+saOn/tNitKJcx7q7CvMfC5ZcstpC8dbnZl5KL/q/3pYBvQrAPBFsC+nQ== Completed in 28ms
npm timing metavuln:cache:get:security-advisory:postcss:tmHYDPE1UVxPaRKZT9ru10S2PG7HaFVF7Z4GmgB6cUo+mRoTCphDiou0e19GAujSzXwfRWgbN5N8PHmsKOoxPA== Completed in 36ms
npm timing metavuln:load:security-advisory:postcss:SvMVdtEUVO5ESues2DL9aEFMy6oMG+saOn/tNitKJcx7q7CvMfC5ZcstpC8dbnZl5KL/q/3pYBvQrAPBFsC+nQ== Completed in 3ms
npm timing metavuln:cache:put:security-advisory:@ai-sdk/provider-utils:0oKe7fArLZE0tXlnIoFYpLQqXFWFGQ0B2gizIpzdXv/G6cGNZQ9b9jeKSaQ204umZ4FDiq1xm5fNpRQS9zbrsQ== Completed in 43ms
npm timing metavuln:calculate:security-advisory:@ai-sdk/provider-utils:SvMVdtEUVO5ESues2DL9aEFMy6oMG+saOn/tNitKJcx7q7CvMfC5ZcstpC8dbnZl5KL/q/3pYBvQrAPBFsC+nQ== Completed in 50ms
npm timing metavuln:cache:put:security-advisory:ai:hadjO8tJJz9z4dOwAgKqyuE6fUG659XMcTHUmQDKbJvRbGAPbxkHDrD2CdGsStIq/+JMmjdX8gb/aLpOGPYnSg== Completed in 15ms
npm timing metavuln:calculate:security-advisory:ai:SvMVdtEUVO5ESues2DL9aEFMy6oMG+saOn/tNitKJcx7q7CvMfC5ZcstpC8dbnZl5KL/q/3pYBvQrAPBFsC+nQ== Completed in 50ms
npm timing metavuln:cache:put:security-advisory:postcss:tmHYDPE1UVxPaRKZT9ru10S2PG7HaFVF7Z4GmgB6cUo+mRoTCphDiou0e19GAujSzXwfRWgbN5N8PHmsKOoxPA== Completed in 10ms
npm timing metavuln:calculate:security-advisory:postcss:SvMVdtEUVO5ESues2DL9aEFMy6oMG+saOn/tNitKJcx7q7CvMfC5ZcstpC8dbnZl5KL/q/3pYBvQrAPBFsC+nQ== Completed in 50ms
npm timing metavuln:cache:get:security-advisory:next:8RlZE+IBinmJoMk6uVcV95MAfxYTQeaA9Sha1X47EU6Yn2I1DpgEjVbSe9Dat8c1Oy+nk6MRHrCODNvFggnzeg== Completed in 5ms
npm timing metavuln:load:security-advisory:next:AESkqup7C9sLtHL0OzenAvihqmLzSTOW4+0zIkCCeUjI0qvgEu/UCFfVCIlWzUpfDq20KxUSH5Ru8h4LoxJKRA== Completed in 99ms
npm timing metavuln:cache:get:security-advisory:@vue/compiler-sfc:s8AFAa/Ztbm7C52Gbg6/ozt95fDLte1MZunzePfU3cRnY30R/e7zp2d7/ag1IhJWt1Uzh1CGD7NubFkupatNLA== Completed in 104ms
npm timing metavuln:cache:get:security-advisory:postcss-import:oj3M1tBzaqNNuYcHaFxMpDrogPd0AgLcMY8JEofH2tu42Lz8SltdacBGbBnv8a5qi/gHItVWM6rjrSq/3DAmmw== Completed in 103ms
npm timing metavuln:cache:get:security-advisory:postcss-js:wxmI51fbDXuFdIrZyG55aC8jbNq65yUaH9bontSUYQ+OoVA60JcVyzcnGYUH1OA+2ePT4QJ/qKBjhLV+SKFaPw== Completed in 103ms
npm timing metavuln:cache:get:security-advisory:postcss-load-config:ubYuv/Qrh4W+eNMYmKNxYqhf0d/7Bda6Cnspg4NpoTnS8i62TEUlTwF6o9pTZVVjyt+43AS6772/Fj+FoJi2rg== Completed in 103ms
npm timing metavuln:cache:get:security-advisory:postcss-nested:luJ2Xe8b/DCdtVhgPYWyKIuS7ZMjOsWRzlcL8EjfXKDXtgjARJ+fcJZseAxBY/6wNm3M5yqi/3yD9bG42f+0zA== Completed in 103ms
npm timing metavuln:cache:get:security-advisory:tailwindcss:pEKEZp1vkxgHn3m7aVaXHgwNZYByWnF76kln2+kuP1M3VaDRHGv+HJUkOOmT/sMGdcU8TzrDja/0zqlb0FkcJw== Completed in 102ms
npm timing metavuln:cache:put:security-advisory:next:8RlZE+IBinmJoMk6uVcV95MAfxYTQeaA9Sha1X47EU6Yn2I1DpgEjVbSe9Dat8c1Oy+nk6MRHrCODNvFggnzeg== Completed in 12ms
npm timing metavuln:calculate:security-advisory:next:AESkqup7C9sLtHL0OzenAvihqmLzSTOW4+0zIkCCeUjI0qvgEu/UCFfVCIlWzUpfDq20KxUSH5Ru8h4LoxJKRA== Completed in 116ms
npm timing metavuln:packument:postcss-import Completed in 141ms
npm timing metavuln:load:security-advisory:postcss-import:AESkqup7C9sLtHL0OzenAvihqmLzSTOW4+0zIkCCeUjI0qvgEu/UCFfVCIlWzUpfDq20KxUSH5Ru8h4LoxJKRA== Completed in 5ms
npm timing metavuln:packument:postcss-nested Completed in 148ms
npm timing metavuln:load:security-advisory:postcss-nested:AESkqup7C9sLtHL0OzenAvihqmLzSTOW4+0zIkCCeUjI0qvgEu/UCFfVCIlWzUpfDq20KxUSH5Ru8h4LoxJKRA== Completed in 6ms
npm timing metavuln:packument:postcss-js Completed in 161ms
npm timing metavuln:load:security-advisory:postcss-js:AESkqup7C9sLtHL0OzenAvihqmLzSTOW4+0zIkCCeUjI0qvgEu/UCFfVCIlWzUpfDq20KxUSH5Ru8h4LoxJKRA== Completed in 4ms
npm timing metavuln:packument:postcss-load-config Completed in 168ms
npm timing metavuln:load:security-advisory:postcss-load-config:AESkqup7C9sLtHL0OzenAvihqmLzSTOW4+0zIkCCeUjI0qvgEu/UCFfVCIlWzUpfDq20KxUSH5Ru8h4LoxJKRA== Completed in 0ms
npm timing metavuln:cache:put:security-advisory:postcss-import:oj3M1tBzaqNNuYcHaFxMpDrogPd0AgLcMY8JEofH2tu42Lz8SltdacBGbBnv8a5qi/gHItVWM6rjrSq/3DAmmw== Completed in 29ms
npm timing metavuln:calculate:security-advisory:postcss-import:AESkqup7C9sLtHL0OzenAvihqmLzSTOW4+0zIkCCeUjI0qvgEu/UCFfVCIlWzUpfDq20KxUSH5Ru8h4LoxJKRA== Completed in 175ms
npm timing metavuln:cache:put:security-advisory:postcss-nested:luJ2Xe8b/DCdtVhgPYWyKIuS7ZMjOsWRzlcL8EjfXKDXtgjARJ+fcJZseAxBY/6wNm3M5yqi/3yD9bG42f+0zA== Completed in 32ms
npm timing metavuln:calculate:security-advisory:postcss-nested:AESkqup7C9sLtHL0OzenAvihqmLzSTOW4+0zIkCCeUjI0qvgEu/UCFfVCIlWzUpfDq20KxUSH5Ru8h4LoxJKRA== Completed in 189ms
npm timing metavuln:cache:put:security-advisory:postcss-js:wxmI51fbDXuFdIrZyG55aC8jbNq65yUaH9bontSUYQ+OoVA60JcVyzcnGYUH1OA+2ePT4QJ/qKBjhLV+SKFaPw== Completed in 27ms
npm timing metavuln:calculate:security-advisory:postcss-js:AESkqup7C9sLtHL0OzenAvihqmLzSTOW4+0zIkCCeUjI0qvgEu/UCFfVCIlWzUpfDq20KxUSH5Ru8h4LoxJKRA== Completed in 192ms
npm timing metavuln:cache:put:security-advisory:postcss-load-config:ubYuv/Qrh4W+eNMYmKNxYqhf0d/7Bda6Cnspg4NpoTnS8i62TEUlTwF6o9pTZVVjyt+43AS6772/Fj+FoJi2rg== Completed in 23ms
npm timing metavuln:calculate:security-advisory:postcss-load-config:AESkqup7C9sLtHL0OzenAvihqmLzSTOW4+0zIkCCeUjI0qvgEu/UCFfVCIlWzUpfDq20KxUSH5Ru8h4LoxJKRA== Completed in 193ms
npm timing metavuln:packument:@vue/compiler-sfc Completed in 215ms
npm timing metavuln:load:security-advisory:@vue/compiler-sfc:AESkqup7C9sLtHL0OzenAvihqmLzSTOW4+0zIkCCeUjI0qvgEu/UCFfVCIlWzUpfDq20KxUSH5Ru8h4LoxJKRA== Completed in 12ms
npm timing metavuln:cache:put:security-advisory:@vue/compiler-sfc:s8AFAa/Ztbm7C52Gbg6/ozt95fDLte1MZunzePfU3cRnY30R/e7zp2d7/ag1IhJWt1Uzh1CGD7NubFkupatNLA== Completed in 9ms
npm timing metavuln:calculate:security-advisory:@vue/compiler-sfc:AESkqup7C9sLtHL0OzenAvihqmLzSTOW4+0zIkCCeUjI0qvgEu/UCFfVCIlWzUpfDq20KxUSH5Ru8h4LoxJKRA== Completed in 237ms
npm timing reifyNode:node_modules/caniuse-lite Completed in 15138ms
npm timing metavuln:packument:tailwindcss Completed in 380ms
npm timing metavuln:load:security-advisory:tailwindcss:AESkqup7C9sLtHL0OzenAvihqmLzSTOW4+0zIkCCeUjI0qvgEu/UCFfVCIlWzUpfDq20KxUSH5Ru8h4LoxJKRA== Completed in 67ms
npm timing metavuln:cache:put:security-advisory:tailwindcss:pEKEZp1vkxgHn3m7aVaXHgwNZYByWnF76kln2+kuP1M3VaDRHGv+HJUkOOmT/sMGdcU8TzrDja/0zqlb0FkcJw== Completed in 7ms
npm timing metavuln:calculate:security-advisory:tailwindcss:AESkqup7C9sLtHL0OzenAvihqmLzSTOW4+0zIkCCeUjI0qvgEu/UCFfVCIlWzUpfDq20KxUSH5Ru8h4LoxJKRA== Completed in 454ms
npm timing metavuln:cache:get:security-advisory:anymatch:Nfla9E9Lgs+mqMt1dA/8UaXdCl7sXuZQsKzxwmqxeyDZbX+CRdcfKSFFgjhZ/F0BJR9geE1mRVv3h/ODZoo63g== Completed in 1ms
npm timing metavuln:cache:get:security-advisory:micromatch:Gfx2SOQRY3jP5uv6bFlh3nIPxMXsxdnbcyF/xURx+dAnDK2wtpAvWYKdTiFWGD3MlWR/x1stzjO6SjznwiVonw== Completed in 2ms
npm timing metavuln:cache:get:security-advisory:readdirp:O7WXRupQt48LJyZ17mA/uSHYfhYyK7sMYMihjKrTsH3mKxobKArK3CCtifRFqfhAMZFOU4AsOtouYzz86OtBxQ== Completed in 1ms
npm timing reifyNode:node_modules/openai Completed in 15272ms
npm timing metavuln:packument:anymatch Completed in 35ms
npm timing metavuln:load:security-advisory:anymatch:GSQ5ghUF1JWDKMssoydWDVRebjlPePRwktLhrdWzXCq5xeBXdo4Cm9HGHnH2b6P1Nq93YjwPmimVjAx6kge32A== Completed in 0ms
npm timing metavuln:packument:micromatch Completed in 38ms
npm timing metavuln:load:security-advisory:micromatch:GSQ5ghUF1JWDKMssoydWDVRebjlPePRwktLhrdWzXCq5xeBXdo4Cm9HGHnH2b6P1Nq93YjwPmimVjAx6kge32A== Completed in 0ms
npm timing metavuln:packument:readdirp Completed in 42ms
npm timing metavuln:load:security-advisory:readdirp:GSQ5ghUF1JWDKMssoydWDVRebjlPePRwktLhrdWzXCq5xeBXdo4Cm9HGHnH2b6P1Nq93YjwPmimVjAx6kge32A== Completed in 0ms
npm timing metavuln:cache:put:security-advisory:anymatch:Nfla9E9Lgs+mqMt1dA/8UaXdCl7sXuZQsKzxwmqxeyDZbX+CRdcfKSFFgjhZ/F0BJR9geE1mRVv3h/ODZoo63g== Completed in 9ms
npm timing metavuln:calculate:security-advisory:anymatch:GSQ5ghUF1JWDKMssoydWDVRebjlPePRwktLhrdWzXCq5xeBXdo4Cm9HGHnH2b6P1Nq93YjwPmimVjAx6kge32A== Completed in 44ms
npm timing metavuln:cache:put:security-advisory:micromatch:Gfx2SOQRY3jP5uv6bFlh3nIPxMXsxdnbcyF/xURx+dAnDK2wtpAvWYKdTiFWGD3MlWR/x1stzjO6SjznwiVonw== Completed in 8ms
npm timing metavuln:calculate:security-advisory:micromatch:GSQ5ghUF1JWDKMssoydWDVRebjlPePRwktLhrdWzXCq5xeBXdo4Cm9HGHnH2b6P1Nq93YjwPmimVjAx6kge32A== Completed in 46ms
npm timing metavuln:cache:put:security-advisory:readdirp:O7WXRupQt48LJyZ17mA/uSHYfhYyK7sMYMihjKrTsH3mKxobKArK3CCtifRFqfhAMZFOU4AsOtouYzz86OtBxQ== Completed in 5ms
npm timing metavuln:calculate:security-advisory:readdirp:GSQ5ghUF1JWDKMssoydWDVRebjlPePRwktLhrdWzXCq5xeBXdo4Cm9HGHnH2b6P1Nq93YjwPmimVjAx6kge32A== Completed in 48ms
npm timing metavuln:cache:get:security-advisory:cosmiconfig:ZvIWteQ796/BgjsXeBwnpY0UlwY+M0jRkgNj5nVphOxv65fNOs7olWBctH9D4KJrcua3xImx2wvc2Yt82iaKyA== Completed in 1ms
npm timing reifyNode:node_modules/@opentelemetry/api Completed in 15319ms
npm timing metavuln:packument:cosmiconfig Completed in 36ms
npm timing metavuln:load:security-advisory:cosmiconfig:O6zOK1Cn9/3FZISL60o6/SOMQkiOfzmZ3FIQSh8ciqQQ3pt7Wl9H9Q/gRJuFGa9hM9N+9vhsYsf7hziTGiJueg== Completed in 1ms
npm timing metavuln:cache:put:security-advisory:cosmiconfig:ZvIWteQ796/BgjsXeBwnpY0UlwY+M0jRkgNj5nVphOxv65fNOs7olWBctH9D4KJrcua3xImx2wvc2Yt82iaKyA== Completed in 6ms
npm timing metavuln:calculate:security-advisory:cosmiconfig:O6zOK1Cn9/3FZISL60o6/SOMQkiOfzmZ3FIQSh8ciqQQ3pt7Wl9H9Q/gRJuFGa9hM9N+9vhsYsf7hziTGiJueg== Completed in 43ms
npm timing metavuln:cache:get:security-advisory:postcss-load-config:nq911Ldi+k25b3bDUTGGDMAkDcdNK9FmRhlWw/8ExYFNtxJ/HbEq7IfuoOpmvOYQTVVUFR9jGsPNJlVEpS2wvQ== Completed in 0ms
npm timing metavuln:load:security-advisory:postcss-load-config:3AQn1Aj8kwFHIquLochLADJtKOJ++bvPtGJHT6dWct73zyp4H3E792uuAF7M2BJRI4DEvXF3aOujF4vdnIDz2g== Completed in 1ms
npm timing metavuln:cache:put:security-advisory:postcss-load-config:nq911Ldi+k25b3bDUTGGDMAkDcdNK9FmRhlWw/8ExYFNtxJ/HbEq7IfuoOpmvOYQTVVUFR9jGsPNJlVEpS2wvQ== Completed in 5ms
npm timing metavuln:calculate:security-advisory:postcss-load-config:3AQn1Aj8kwFHIquLochLADJtKOJ++bvPtGJHT6dWct73zyp4H3E792uuAF7M2BJRI4DEvXF3aOujF4vdnIDz2g== Completed in 6ms
npm timing metavuln:cache:get:security-advisory:postcss-nested:ENEkdeJ8CvpmFsO9n+B506005zeV/FHFk5ZLE4UsRsDoA6JjrYyRtHJUMEoVAx28BziJnI+FhyuAVbQPW5qa/Q== Completed in 0ms
npm timing metavuln:load:security-advisory:postcss-nested:covT+MWoMY27HNo8VBw80yY9txe9EcZ0OTaXxzPnTvlgv/pmVZ5EoTwL+VQRgBrpLVxAWtUxZrw6bhMqh9EoHA== Completed in 1ms
npm timing metavuln:cache:get:security-advisory:tailwindcss:2TlKnNc3Qm1rMcjZEOsugh1IGGaq7QLflLgNrhsLvnfUM0FUkU4wqQPZHeMyN9lOYCpHoIvZ+R67VPqt+9uREg== Completed in 1ms
npm timing metavuln:load:security-advisory:tailwindcss:covT+MWoMY27HNo8VBw80yY9txe9EcZ0OTaXxzPnTvlgv/pmVZ5EoTwL+VQRgBrpLVxAWtUxZrw6bhMqh9EoHA== Completed in 46ms
npm timing metavuln:cache:put:security-advisory:postcss-nested:ENEkdeJ8CvpmFsO9n+B506005zeV/FHFk5ZLE4UsRsDoA6JjrYyRtHJUMEoVAx28BziJnI+FhyuAVbQPW5qa/Q== Completed in 51ms
npm timing metavuln:calculate:security-advisory:postcss-nested:covT+MWoMY27HNo8VBw80yY9txe9EcZ0OTaXxzPnTvlgv/pmVZ5EoTwL+VQRgBrpLVxAWtUxZrw6bhMqh9EoHA== Completed in 52ms
npm timing metavuln:cache:put:security-advisory:tailwindcss:2TlKnNc3Qm1rMcjZEOsugh1IGGaq7QLflLgNrhsLvnfUM0FUkU4wqQPZHeMyN9lOYCpHoIvZ+R67VPqt+9uREg== Completed in 5ms
npm timing metavuln:calculate:security-advisory:tailwindcss:covT+MWoMY27HNo8VBw80yY9txe9EcZ0OTaXxzPnTvlgv/pmVZ5EoTwL+VQRgBrpLVxAWtUxZrw6bhMqh9EoHA== Completed in 52ms
npm timing metavuln:cache:get:security-advisory:openai:mbmigfXgH7+Ozg8v4dxzurjf6iOR1a34Z/87hBpLTo6kZ3jIfZLLbG8iAzlMHe8lSBnppIYKfUGKVZvq8Mmx4A== Completed in 1ms
npm timing metavuln:packument:openai Completed in 55ms
npm timing metavuln:load:security-advisory:openai:d8aA3MRUHa+nR6p36dDWdh9BwhbY3Ab8gcBS2sP0Jimkk/dzqKymXgU6A8cPdzE765SO0b2GGEOl3D6hJIniZQ== Completed in 1ms
npm timing metavuln:cache:put:security-advisory:openai:mbmigfXgH7+Ozg8v4dxzurjf6iOR1a34Z/87hBpLTo6kZ3jIfZLLbG8iAzlMHe8lSBnppIYKfUGKVZvq8Mmx4A== Completed in 5ms
npm timing metavuln:calculate:security-advisory:openai:d8aA3MRUHa+nR6p36dDWdh9BwhbY3Ab8gcBS2sP0Jimkk/dzqKymXgU6A8cPdzE765SO0b2GGEOl3D6hJIniZQ== Completed in 61ms
npm timing metavuln:cache:get:security-advisory:@ai-sdk/svelte:vrGSngFzkN73WPoTQumKSTx3Ke/0OvPG/9I1uct423rim7t1cwRyrdxY6Sw4a8W8ejz8zkLAyUsu1szj6LTbOA== Completed in 1ms
npm timing metavuln:load:security-advisory:@ai-sdk/svelte:3s0Qq5XXXRKbbBb9rHHXE2mVZLnRImYOzivnNNkwm6JPGyEAQFno6PVyyP5BcbmaWI0+NAG78CAzE5IuRmtT+w== Completed in 26ms
npm timing metavuln:cache:get:security-advisory:ai:NTywoxQRGliLcK6xCCRPuzC5WWRRAVjGdYrFirk3yxOUOn760RQJCSouaqOdMkfBeebOt3vqin2gXLnu2mJ9Eg== Completed in 28ms
npm timing metavuln:load:security-advisory:ai:3s0Qq5XXXRKbbBb9rHHXE2mVZLnRImYOzivnNNkwm6JPGyEAQFno6PVyyP5BcbmaWI0+NAG78CAzE5IuRmtT+w== Completed in 22ms
npm timing metavuln:cache:get:security-advisory:sswr:EX7tf8gF4ZdCPMGym3Wv4BfjIFBcFXm/00+MdcxRhRDI6YMgJP878p5vxXWwira3gofwusyEfDczuxtuYmLdpw== Completed in 51ms
npm timing metavuln:cache:put:security-advisory:@ai-sdk/svelte:vrGSngFzkN73WPoTQumKSTx3Ke/0OvPG/9I1uct423rim7t1cwRyrdxY6Sw4a8W8ejz8zkLAyUsu1szj6LTbOA== Completed in 30ms
npm timing metavuln:calculate:security-advisory:@ai-sdk/svelte:3s0Qq5XXXRKbbBb9rHHXE2mVZLnRImYOzivnNNkwm6JPGyEAQFno6PVyyP5BcbmaWI0+NAG78CAzE5IuRmtT+w== Completed in 57ms
npm timing metavuln:cache:put:security-advisory:ai:NTywoxQRGliLcK6xCCRPuzC5WWRRAVjGdYrFirk3yxOUOn760RQJCSouaqOdMkfBeebOt3vqin2gXLnu2mJ9Eg== Completed in 6ms
npm timing metavuln:calculate:security-advisory:ai:3s0Qq5XXXRKbbBb9rHHXE2mVZLnRImYOzivnNNkwm6JPGyEAQFno6PVyyP5BcbmaWI0+NAG78CAzE5IuRmtT+w== Completed in 57ms
npm timing reifyNode:node_modules/@mui/base Completed in 15529ms
npm timing metavuln:packument:sswr Completed in 78ms
npm timing metavuln:load:security-advisory:sswr:3s0Qq5XXXRKbbBb9rHHXE2mVZLnRImYOzivnNNkwm6JPGyEAQFno6PVyyP5BcbmaWI0+NAG78CAzE5IuRmtT+w== Completed in 12ms
npm timing metavuln:cache:put:security-advisory:sswr:EX7tf8gF4ZdCPMGym3Wv4BfjIFBcFXm/00+MdcxRhRDI6YMgJP878p5vxXWwira3gofwusyEfDczuxtuYmLdpw== Completed in 4ms
npm timing metavuln:calculate:security-advisory:sswr:3s0Qq5XXXRKbbBb9rHHXE2mVZLnRImYOzivnNNkwm6JPGyEAQFno6PVyyP5BcbmaWI0+NAG78CAzE5IuRmtT+w== Completed in 94ms
npm timing metavuln:cache:get:security-advisory:@ai-sdk/react:VodZQ0QO2SiWf08KZGELTlzQTKswZQoAbSnutS6zx5s0P39JuHgMv8LSTGCAxOQhINw0zP0l3xYdy0uEsOuy+Q== Completed in 0ms
npm timing metavuln:load:security-advisory:@ai-sdk/react:rPDVduQTJn9a8Xu2PNgwf4LP5utXoEfJhuA+/QYFPsTn9UzCQo+0E91NwxIublVtLxUj/rzMJjrcpCkwTmyCRQ== Completed in 16ms
npm timing metavuln:cache:get:security-advisory:@ai-sdk/solid:RJJctfS2hHcgMVODkqLaXFYd8HcpgfZt6jRy8iP6Am7rl8I9sxzrR41ZcC/6QNVAZgIloz5hBXqRBaywh/3qDA== Completed in 16ms
npm timing metavuln:load:security-advisory:@ai-sdk/solid:rPDVduQTJn9a8Xu2PNgwf4LP5utXoEfJhuA+/QYFPsTn9UzCQo+0E91NwxIublVtLxUj/rzMJjrcpCkwTmyCRQ== Completed in 1ms
npm timing metavuln:cache:get:security-advisory:@ai-sdk/svelte:9xR1rdg2s/VSngV18rZYYa2TSIOLUlm/pztPvwC8c/Xe6rPrWSJKlsOKooIU8vcnmrQzkHRax5XW/QgCCiSNuQ== Completed in 17ms
npm timing metavuln:load:security-advisory:@ai-sdk/svelte:rPDVduQTJn9a8Xu2PNgwf4LP5utXoEfJhuA+/QYFPsTn9UzCQo+0E91NwxIublVtLxUj/rzMJjrcpCkwTmyCRQ== Completed in 14ms
npm timing metavuln:cache:get:security-advisory:@ai-sdk/vue:6En3v/oDkUjTgs6lZxM3+oy1U+h8tFSyQeCgBid4f1RsJpVG/t2VARRW6FKiedpHpMq22cRMr+O8dri9JwBjHw== Completed in 31ms
npm timing metavuln:load:security-advisory:@ai-sdk/vue:rPDVduQTJn9a8Xu2PNgwf4LP5utXoEfJhuA+/QYFPsTn9UzCQo+0E91NwxIublVtLxUj/rzMJjrcpCkwTmyCRQ== Completed in 13ms
npm timing metavuln:cache:get:security-advisory:ai:m8qylURgi0v/MKA0HVYSkMwqRPuWsuToftR3J9nfKHXzGE8w4o8tgUez57/ruOjVANzLrpO4OtRAgL7eicRLVA== Completed in 45ms
npm timing metavuln:load:security-advisory:ai:rPDVduQTJn9a8Xu2PNgwf4LP5utXoEfJhuA+/QYFPsTn9UzCQo+0E91NwxIublVtLxUj/rzMJjrcpCkwTmyCRQ== Completed in 21ms
npm timing metavuln:cache:put:security-advisory:@ai-sdk/svelte:9xR1rdg2s/VSngV18rZYYa2TSIOLUlm/pztPvwC8c/Xe6rPrWSJKlsOKooIU8vcnmrQzkHRax5XW/QgCCiSNuQ== Completed in 41ms
npm timing metavuln:calculate:security-advisory:@ai-sdk/svelte:rPDVduQTJn9a8Xu2PNgwf4LP5utXoEfJhuA+/QYFPsTn9UzCQo+0E91NwxIublVtLxUj/rzMJjrcpCkwTmyCRQ== Completed in 72ms
npm timing metavuln:cache:put:security-advisory:@ai-sdk/vue:6En3v/oDkUjTgs6lZxM3+oy1U+h8tFSyQeCgBid4f1RsJpVG/t2VARRW6FKiedpHpMq22cRMr+O8dri9JwBjHw== Completed in 28ms
npm timing metavuln:calculate:security-advisory:@ai-sdk/vue:rPDVduQTJn9a8Xu2PNgwf4LP5utXoEfJhuA+/QYFPsTn9UzCQo+0E91NwxIublVtLxUj/rzMJjrcpCkwTmyCRQ== Completed in 72ms
npm timing metavuln:cache:put:security-advisory:@ai-sdk/solid:RJJctfS2hHcgMVODkqLaXFYd8HcpgfZt6jRy8iP6Am7rl8I9sxzrR41ZcC/6QNVAZgIloz5hBXqRBaywh/3qDA== Completed in 55ms
npm timing metavuln:calculate:security-advisory:@ai-sdk/solid:rPDVduQTJn9a8Xu2PNgwf4LP5utXoEfJhuA+/QYFPsTn9UzCQo+0E91NwxIublVtLxUj/rzMJjrcpCkwTmyCRQ== Completed in 72ms
npm timing metavuln:cache:put:security-advisory:@ai-sdk/react:VodZQ0QO2SiWf08KZGELTlzQTKswZQoAbSnutS6zx5s0P39JuHgMv8LSTGCAxOQhINw0zP0l3xYdy0uEsOuy+Q== Completed in 56ms
npm timing metavuln:calculate:security-advisory:@ai-sdk/react:rPDVduQTJn9a8Xu2PNgwf4LP5utXoEfJhuA+/QYFPsTn9UzCQo+0E91NwxIublVtLxUj/rzMJjrcpCkwTmyCRQ== Completed in 72ms
npm timing metavuln:cache:put:security-advisory:ai:m8qylURgi0v/MKA0HVYSkMwqRPuWsuToftR3J9nfKHXzGE8w4o8tgUez57/ruOjVANzLrpO4OtRAgL7eicRLVA== Completed in 6ms
npm timing metavuln:calculate:security-advisory:ai:rPDVduQTJn9a8Xu2PNgwf4LP5utXoEfJhuA+/QYFPsTn9UzCQo+0E91NwxIublVtLxUj/rzMJjrcpCkwTmyCRQ== Completed in 72ms
npm timing metavuln:cache:get:security-advisory:ai:LgtwUGzj22QCUr6m9A/aNmsrJ1uFmR8WtDkXMrQvA2sTZkmwhH3YU2788a4YphDKzJCynVEb7pIz3v6o3o6oCA== Completed in 0ms
npm timing metavuln:load:security-advisory:ai:zK8QENTfgafMurKsn7iSeOS3GmunlYEM9BUDCLgHNFAgy9thPqR66H8ah2Wpaor5kWRiO0kANNl/AYRX0vCBJA== Completed in 17ms
npm timing metavuln:cache:put:security-advisory:ai:LgtwUGzj22QCUr6m9A/aNmsrJ1uFmR8WtDkXMrQvA2sTZkmwhH3YU2788a4YphDKzJCynVEb7pIz3v6o3o6oCA== Completed in 4ms
npm timing metavuln:calculate:security-advisory:ai:zK8QENTfgafMurKsn7iSeOS3GmunlYEM9BUDCLgHNFAgy9thPqR66H8ah2Wpaor5kWRiO0kANNl/AYRX0vCBJA== Completed in 23ms
npm timing metavuln:cache:get:security-advisory:ai:WzlotkAb1YHPhQCKBbkzw9FWnpYkke5NYNd974AjCyzGVjt3Y44vGjre+Hq02JlmEh8KsxGVP3cOaevd91eifg== Completed in 2ms
npm timing metavuln:load:security-advisory:ai:h/cReNv3jSdWVlsQ/prreTqkvOFvbAj2YC/cVGgFyXi1FPTmrnqK5T9YDsmP4gFijH41wNI8zAmaC4HEudOqPg== Completed in 29ms
npm timing metavuln:cache:put:security-advisory:ai:WzlotkAb1YHPhQCKBbkzw9FWnpYkke5NYNd974AjCyzGVjt3Y44vGjre+Hq02JlmEh8KsxGVP3cOaevd91eifg== Completed in 5ms
npm timing metavuln:calculate:security-advisory:ai:h/cReNv3jSdWVlsQ/prreTqkvOFvbAj2YC/cVGgFyXi1FPTmrnqK5T9YDsmP4gFijH41wNI8zAmaC4HEudOqPg== Completed in 36ms
npm timing metavuln:cache:get:security-advisory:ai:vPUo5EyEZEZiCXySJ/KiryZUc89mDNcT4lxeg0ujsylEVFcr8RpqBwaCA5PMqq+idrNBmo+ojhwiZEs68ljRTw== Completed in 1ms
npm timing metavuln:load:security-advisory:ai:Vgliitjn8bPUxWSIIUlyQGGBHf8jgxBBS/6HFmq9MtYFTsCOHMxtatrUx7EaOZux9Z0IU9Vsx0kXwYy81qYcyQ== Completed in 54ms
npm timing metavuln:cache:put:security-advisory:ai:vPUo5EyEZEZiCXySJ/KiryZUc89mDNcT4lxeg0ujsylEVFcr8RpqBwaCA5PMqq+idrNBmo+ojhwiZEs68ljRTw== Completed in 4ms
npm timing metavuln:calculate:security-advisory:ai:Vgliitjn8bPUxWSIIUlyQGGBHf8jgxBBS/6HFmq9MtYFTsCOHMxtatrUx7EaOZux9Z0IU9Vsx0kXwYy81qYcyQ== Completed in 59ms
npm timing metavuln:cache:get:security-advisory:ai:U/Ns72IhS5vN+Ld5lk7X5JHYyUvVwNq99T47B3tJYmXtIoGnIAbLzSjD/u5ce4Yxpcy97d7A2JBzKPHacIak2A== Completed in 1ms
npm timing metavuln:load:security-advisory:ai:pozyn/Bvdnagv8o5Ybyqv3KvonNPUtiYZ5RrX7SBjt/4Frdt3CsgBEmTnTD97Z1v7vOia5+HZyemiL4HKcAWXA== Completed in 35ms
npm timing metavuln:cache:put:security-advisory:ai:U/Ns72IhS5vN+Ld5lk7X5JHYyUvVwNq99T47B3tJYmXtIoGnIAbLzSjD/u5ce4Yxpcy97d7A2JBzKPHacIak2A== Completed in 6ms
npm timing metavuln:calculate:security-advisory:ai:pozyn/Bvdnagv8o5Ybyqv3KvonNPUtiYZ5RrX7SBjt/4Frdt3CsgBEmTnTD97Z1v7vOia5+HZyemiL4HKcAWXA== Completed in 42ms
npm timing metavuln:cache:get:security-advisory:@typescript-eslint/parser:l8FoURi1vPdjcWzIpL7CN/UvdeIYUSGuS8fsFkUqBAqKUTagbcgg6Xz8Rre3gn17pM8SPgOMx8cT+hS24/U4Lg== Completed in 1ms
npm timing metavuln:packument:@typescript-eslint/parser Completed in 385ms
npm timing metavuln:load:security-advisory:@typescript-eslint/parser:Nhz0xCqWvb+VTRICJQC30ctuIxO4zAgpLCHbzLpRCtzo4N+xQCBfztfMr8ZGv8tb05mMcK6mvwg0cRuca1jQ8Q== Completed in 21791ms
npm timing metavuln:cache:put:security-advisory:@typescript-eslint/parser:l8FoURi1vPdjcWzIpL7CN/UvdeIYUSGuS8fsFkUqBAqKUTagbcgg6Xz8Rre3gn17pM8SPgOMx8cT+hS24/U4Lg== Completed in 8ms
npm timing metavuln:calculate:security-advisory:@typescript-eslint/parser:Nhz0xCqWvb+VTRICJQC30ctuIxO4zAgpLCHbzLpRCtzo4N+xQCBfztfMr8ZGv8tb05mMcK6mvwg0cRuca1jQ8Q== Completed in 22184ms
npm timing metavuln:cache:get:security-advisory:eslint-config-next:volOrje9bMc3dFnnsdrvpxPiUdLeCov80INEmkNw6JaX2GvepJi9bsm+RGK6makQSL3N/126SYrBcGcbXdAW0g== Completed in 2ms
npm timing metavuln:packument:eslint-config-next Completed in 223ms
npm timing metavuln:load:security-advisory:eslint-config-next:PvOLmaLvBa62/MSwOoeVcFtG41ceA4r3c/+CRslQCFHIqz2IKPEVFqVWr5T0jcFHrN6kR5E5FbNMo23kCF9gdg== Completed in 6688ms
npm timing metavuln:cache:put:security-advisory:eslint-config-next:volOrje9bMc3dFnnsdrvpxPiUdLeCov80INEmkNw6JaX2GvepJi9bsm+RGK6makQSL3N/126SYrBcGcbXdAW0g== Completed in 6ms
npm timing metavuln:calculate:security-advisory:eslint-config-next:PvOLmaLvBa62/MSwOoeVcFtG41ceA4r3c/+CRslQCFHIqz2IKPEVFqVWr5T0jcFHrN6kR5E5FbNMo23kCF9gdg== Completed in 6917ms
npm timing metavuln:cache:get:security-advisory:eslint-config-next:9WmOIvxMSJamhcuzDdwuNGjqAh6iAfYgQLA962knzBQgL5BpJFw0E7LB3nMHBtEgFpMm3sj9h8iGcqFAZsEoGg== Completed in 0ms
npm timing metavuln:load:security-advisory:eslint-config-next:l8FoURi1vPdjcWzIpL7CN/UvdeIYUSGuS8fsFkUqBAqKUTagbcgg6Xz8Rre3gn17pM8SPgOMx8cT+hS24/U4Lg== Completed in 100ms
npm timing metavuln:cache:put:security-advisory:eslint-config-next:9WmOIvxMSJamhcuzDdwuNGjqAh6iAfYgQLA962knzBQgL5BpJFw0E7LB3nMHBtEgFpMm3sj9h8iGcqFAZsEoGg== Completed in 6ms
npm timing metavuln:calculate:security-advisory:eslint-config-next:l8FoURi1vPdjcWzIpL7CN/UvdeIYUSGuS8fsFkUqBAqKUTagbcgg6Xz8Rre3gn17pM8SPgOMx8cT+hS24/U4Lg== Completed in 106ms
npm timing auditReport:init Completed in 40792ms
npm timing reify:audit Completed in 45028ms
npm timing reifyNode:node_modules/@mui/joy Completed in 45027ms
npm timing reifyNode:node_modules/es-abstract Completed in 45084ms
npm timing reifyNode:node_modules/@next/swc-linux-x64-gnu Completed in 45335ms
npm timing reifyNode:node_modules/@next/swc-linux-x64-musl Completed in 45577ms
npm timing reifyNode:node_modules/@mui/material Completed in 45946ms
npm timing reifyNode:node_modules/@iconify/json Completed in 46975ms
npm timing reifyNode:node_modules/lucide-react Completed in 47029ms
npm timing reifyNode:node_modules/next Completed in 49276ms
npm timing reify:unpack Completed in 49278ms
npm timing reify:unretire Completed in 1ms
npm timing build:queue Completed in 30ms
npm timing build:link:node_modules/@babel/parser Completed in 9ms
npm timing build:link:node_modules/eslint-plugin-import/node_modules/semver Completed in 10ms
npm timing build:link:node_modules/eslint-plugin-react/node_modules/resolve Completed in 10ms
npm timing build:link:node_modules/postcss-load-config/node_modules/yaml Completed in 10ms
npm timing build:link:node_modules/postcss/node_modules/nanoid Completed in 10ms
npm timing build:link:node_modules/acorn Completed in 10ms
npm timing build:link:node_modules/cssesc Completed in 10ms
npm timing build:link:node_modules/direction Completed in 10ms
npm timing build:link:node_modules/glob Completed in 10ms
npm timing build:link:node_modules/jiti Completed in 10ms
npm timing build:link:node_modules/js-yaml Completed in 10ms
npm timing build:link:node_modules/jsesc Completed in 10ms
npm timing build:link:node_modules/json5 Completed in 10ms
npm timing build:link:node_modules/jsondiffpatch Completed in 10ms
npm timing build:link:node_modules/jsonrepair Completed in 10ms
npm timing build:link:node_modules/loose-envify Completed in 10ms
npm timing build:link:node_modules/nanoid Completed in 10ms
npm timing build:link:node_modules/resolve Completed in 10ms
npm timing build:link:node_modules/next Completed in 10ms
npm timing build:link:node_modules/rimraf Completed in 10ms
npm timing build:link:node_modules/openai Completed in 10ms
npm timing build:link:node_modules/semver Completed in 10ms
npm timing build:link:node_modules/eslint Completed in 10ms
npm timing build:link:node_modules/sucrase Completed in 10ms
npm timing build:link:node_modules/tailwindcss Completed in 10ms
npm timing build:link:node_modules/uuid Completed in 10ms
npm timing build:link:node_modules/eslint-plugin-react/node_modules/semver Completed in 10ms
npm timing build:link:node_modules/which Completed in 10ms
npm timing build:link:node_modules/typescript Completed in 10ms
npm timing build:link Completed in 10ms
npm timing build:deps Completed in 40ms
npm timing build Completed in 41ms
npm timing reify:build Completed in 41ms
npm timing reify:trash Completed in 1ms
npm timing reify Completed in 49497ms
npm timing command:ci Completed in 50033ms
npm timing npm Completed in 50603ms
