npm timing npm:load:whichnode Completed in 1ms
npm timing npm:load:configload Completed in 7ms
npm timing config:load:flatten Completed in 2ms
npm timing npm:load:mkdirpcache Completed in 0ms
npm timing npm:load:mkdirplogs Completed in 1ms
npm timing npm:load:setTitle Completed in 0ms
npm timing npm:load Completed in 22ms
npm timing arborist:ctor Completed in 0ms
npm timing idealTree:init Completed in 118ms
npm timing idealTree:userRequests Completed in 0ms
npm timing idealTree:#root Completed in 0ms
npm timing idealTree:client Completed in 1ms
npm timing idealTree:server Completed in 0ms
npm timing idealTree:buildDeps Completed in 3ms
npm timing idealTree:fixDepFlags Completed in 0ms
npm timing idealTree Completed in 141ms
npm timing reify:loadTrees Completed in 141ms
npm timing reify:diffTrees Completed in 7ms
npm timing reify:retireShallow Completed in 0ms
npm timing reify:createSparse Completed in 78ms
npm timing reify:loadBundles Completed in 0ms
npm timing reifyNode:node_modules/vite/node_modules/@esbuild/win32-x64 Completed in 63ms
npm timing reifyNode:node_modules/vite/node_modules/@esbuild/win32-ia32 Completed in 63ms
npm timing reifyNode:node_modules/vite/node_modules/@esbuild/win32-arm64 Completed in 63ms
npm timing reifyNode:node_modules/vite/node_modules/@esbuild/sunos-x64 Completed in 63ms
npm timing reifyNode:node_modules/vite/node_modules/@esbuild/openbsd-x64 Completed in 63ms
npm timing reifyNode:node_modules/vite/node_modules/@esbuild/netbsd-x64 Completed in 63ms
npm timing reifyNode:node_modules/vite/node_modules/@esbuild/linux-s390x Completed in 63ms
npm timing reifyNode:node_modules/vite/node_modules/@esbuild/linux-riscv64 Completed in 63ms
npm timing reifyNode:node_modules/vite/node_modules/@esbuild/linux-ppc64 Completed in 63ms
npm timing reifyNode:node_modules/vite/node_modules/@esbuild/linux-mips64el Completed in 63ms
npm timing reifyNode:node_modules/vite/node_modules/@esbuild/linux-loong64 Completed in 63ms
npm timing reifyNode:node_modules/vite/node_modules/@esbuild/linux-ia32 Completed in 63ms
npm timing reifyNode:node_modules/vite/node_modules/@esbuild/linux-arm64 Completed in 63ms
npm timing reifyNode:node_modules/vite/node_modules/@esbuild/linux-arm Completed in 63ms
npm timing reifyNode:node_modules/vite/node_modules/@esbuild/freebsd-x64 Completed in 63ms
npm timing reifyNode:node_modules/vite/node_modules/@esbuild/freebsd-arm64 Completed in 63ms
npm timing reifyNode:node_modules/vite/node_modules/@esbuild/darwin-x64 Completed in 63ms
npm timing reifyNode:node_modules/vite/node_modules/@esbuild/darwin-arm64 Completed in 63ms
npm timing reifyNode:node_modules/vite/node_modules/@esbuild/android-x64 Completed in 63ms
npm timing reifyNode:node_modules/vite/node_modules/@esbuild/android-arm64 Completed in 63ms
npm timing reifyNode:node_modules/vite/node_modules/@esbuild/android-arm Completed in 63ms
npm timing reifyNode:node_modules/vite/node_modules/@esbuild/aix-ppc64 Completed in 63ms
npm timing reifyNode:node_modules/fsevents Completed in 61ms
npm timing reifyNode:node_modules/@rollup/rollup-win32-x64-msvc Completed in 59ms
npm timing reifyNode:node_modules/@rollup/rollup-win32-x64-gnu Completed in 59ms
npm timing reifyNode:node_modules/@rollup/rollup-win32-ia32-msvc Completed in 59ms
npm timing reifyNode:node_modules/@rollup/rollup-win32-arm64-msvc Completed in 59ms
npm timing reifyNode:node_modules/@rollup/rollup-openharmony-arm64 Completed in 59ms
npm timing reifyNode:node_modules/@rollup/rollup-openbsd-x64 Completed in 59ms
npm timing reifyNode:node_modules/@rollup/rollup-linux-s390x-gnu Completed in 59ms
npm timing reifyNode:node_modules/@rollup/rollup-linux-riscv64-musl Completed in 59ms
npm timing reifyNode:node_modules/@rollup/rollup-linux-riscv64-gnu Completed in 59ms
npm timing reifyNode:node_modules/@rollup/rollup-linux-ppc64-musl Completed in 59ms
npm timing reifyNode:node_modules/@rollup/rollup-linux-ppc64-gnu Completed in 59ms
npm timing reifyNode:node_modules/@rollup/rollup-linux-loong64-musl Completed in 59ms
npm timing reifyNode:node_modules/@rollup/rollup-linux-loong64-gnu Completed in 59ms
npm timing reifyNode:node_modules/@rollup/rollup-linux-arm64-musl Completed in 59ms
npm timing reifyNode:node_modules/@rollup/rollup-linux-arm64-gnu Completed in 59ms
npm timing reifyNode:node_modules/@rollup/rollup-linux-arm-musleabihf Completed in 59ms
npm timing reifyNode:node_modules/@rollup/rollup-linux-arm-gnueabihf Completed in 59ms
npm timing reifyNode:node_modules/@rollup/rollup-freebsd-x64 Completed in 59ms
npm timing reifyNode:node_modules/@rollup/rollup-freebsd-arm64 Completed in 59ms
npm timing reifyNode:node_modules/@rollup/rollup-darwin-x64 Completed in 59ms
npm timing reifyNode:node_modules/@rollup/rollup-darwin-arm64 Completed in 59ms
npm timing reifyNode:node_modules/@rollup/rollup-android-arm64 Completed in 59ms
npm timing reifyNode:node_modules/@rollup/rollup-android-arm-eabi Completed in 59ms
npm timing reifyNode:node_modules/@esbuild/win32-x64 Completed in 59ms
npm timing reifyNode:node_modules/@esbuild/win32-ia32 Completed in 59ms
npm timing reifyNode:node_modules/@esbuild/win32-arm64 Completed in 59ms
npm timing reifyNode:node_modules/@esbuild/sunos-x64 Completed in 59ms
npm timing reifyNode:node_modules/@esbuild/openharmony-arm64 Completed in 59ms
npm timing reifyNode:node_modules/@esbuild/openbsd-x64 Completed in 59ms
npm timing reifyNode:node_modules/@esbuild/openbsd-arm64 Completed in 59ms
npm timing reifyNode:node_modules/@esbuild/netbsd-x64 Completed in 59ms
npm timing reifyNode:node_modules/@esbuild/netbsd-arm64 Completed in 59ms
npm timing reifyNode:node_modules/@esbuild/linux-s390x Completed in 59ms
npm timing reifyNode:node_modules/@esbuild/linux-riscv64 Completed in 59ms
npm timing reifyNode:node_modules/@esbuild/linux-ppc64 Completed in 60ms
npm timing reifyNode:node_modules/@esbuild/linux-mips64el Completed in 60ms
npm timing reifyNode:node_modules/@esbuild/linux-loong64 Completed in 60ms
npm timing reifyNode:node_modules/@esbuild/linux-ia32 Completed in 60ms
npm timing reifyNode:node_modules/@esbuild/linux-arm64 Completed in 60ms
npm timing reifyNode:node_modules/@esbuild/linux-arm Completed in 60ms
npm timing reifyNode:node_modules/@esbuild/freebsd-x64 Completed in 60ms
npm timing reifyNode:node_modules/@esbuild/freebsd-arm64 Completed in 60ms
npm timing reifyNode:node_modules/@esbuild/darwin-x64 Completed in 60ms
npm timing reifyNode:node_modules/@esbuild/darwin-arm64 Completed in 60ms
npm timing reifyNode:node_modules/@esbuild/android-x64 Completed in 60ms
npm timing reifyNode:node_modules/@esbuild/android-arm64 Completed in 60ms
npm timing reifyNode:node_modules/@esbuild/android-arm Completed in 60ms
npm timing reifyNode:node_modules/@esbuild/aix-ppc64 Completed in 60ms
npm timing reifyNode:node_modules/cocoa-canvas-server Completed in 171ms
npm timing reifyNode:node_modules/cocoa-canvas-client Completed in 171ms
npm timing auditReport:getReport Completed in 539ms
npm timing metavuln:cache:get:security-advisory:@babel/core:BK5WvESYy/vgjcUft4JcSTLQxxgL/mf1Et8Scy27+RzP2WzIEH3zb0giRIc4oLAbTysjD9NgXInGBTuJPnQacg== Completed in 7ms
npm timing metavuln:cache:get:security-advisory:baseline-browser-mapping:19CNVb4Xa9j8tskjmac2L3l7Ab8xNBmfPNTfjbdzQA2Q1D6ZL2kqioPmLUNIiNnwlnmMHjIIXRjGBqxQig7fxQ== Completed in 6ms
npm timing metavuln:cache:get:security-advisory:body-parser:pig1SyrSKsjwjwwwj/jcD4mcNcfTO4pdo3Rc4tPJdqhmmrNQQn7BKDC6fAaFHDO30oyQ3Itoq6p8rLy4sFuQDg== Completed in 5ms
npm timing metavuln:cache:get:security-advisory:browserslist:M5C0SQI8ImNTQ1x5wnqTejDuc5aQLxTnbhFCGXJJW24JwYKY/Yt2adlRTIavYXbIxeerGyxs4Gr2zVYpp5FW+Q== Completed in 5ms
npm timing metavuln:cache:get:security-advisory:browserslist:ULAud1QMToHkbNQC0AcNQyJjZkY2Vo+/0FVgNKWTDgdtaQD7Tu2AheO2PsVOVgTIV4gTPDHQ0KFy1SKwKqS0KQ== Completed in 5ms
npm timing metavuln:cache:get:security-advisory:esbuild:jKdCIzePj7J1488qgRXvF8Srh9wutSuR1exB8YooNX62hT+qhtrUXYbArLNoIhgwbaCqKpmduh18syZU7BR9SA== Completed in 5ms
npm timing metavuln:cache:get:security-advisory:esbuild:mmDbmXeify80UdRagFfITBhG3xHP4llbx8MchwTjBL3g0WFb/cK8N40wL0tjqR9NE2gMLzj7SHOX2g2NoW8+ew== Completed in 5ms
npm timing metavuln:cache:get:security-advisory:fast-xml-parser:2izhh1Ae8dnxRZsjetPRnYS2MvYb/vopDuV6ItThlYoLAzHh41me6d+Vbp+DBrngDnNrbFyET8ZLnhZg9YUyKQ== Completed in 5ms
npm timing metavuln:cache:get:security-advisory:fast-xml-parser:KrzNg8kV6+FTprlXCVxrxwkcPF1lrRozY2eYlgtGNvSM7VdZyQa/TFrSXMdhXlEcdSzcGjccIukuu5hxHzTtUg== Completed in 5ms
npm timing metavuln:cache:get:security-advisory:fast-xml-parser:uv4RAkUXlLE7xo8QPhefPrzmfAbbss1iZ+0jd263AvGZ5e5+xW+rqxvkD2Eh4nwE2uKzwzgIXY05u154tm4wtw== Completed in 5ms
npm timing metavuln:cache:get:security-advisory:fast-xml-parser:2KtE7vcqq3hGU1APrD4rNRzXUf0zCsJyJoD8XxMz5l7S3M2DYMuJpYMQVj5QDXZBmG9AEDZT1vwlAaw6NALpFg== Completed in 5ms
npm timing metavuln:cache:get:security-advisory:lodash:DNnxUw8Ep7p1YCAJl4A30HMQmsK3uaHxA5fhfuTpXJUBgCvmZbKGD7OWAcfQ2u+fc9lY6ap1BhHpARF9oEarxQ== Completed in 5ms
npm timing metavuln:cache:get:security-advisory:lodash:thshZSsl03tivWaq68PzU+tj1Rdgd6ZGN992B7QB+2oylByv6bvG8a/FXYANJwK5kybQ7+c0hg18JSj4gYikrg== Completed in 5ms
npm timing metavuln:cache:get:security-advisory:nanoid:7CuMCQNQDluhgPC1pp+hvzy4+gzi4PyWxYgA87C/ScAzcOr6G3VwnQz/mA5d5vm6mEjCf6uaR71mtl+N7qGgVg== Completed in 5ms
npm timing metavuln:cache:get:security-advisory:nanoid:G4d3k7GgtTq4GBrwzQ8/x7W0iUhlZxJRv8ECCIxQ8EljG7i12UNClh6yRGwC76MzFuAF5klybdArzm40c5m6pg== Completed in 5ms
npm timing metavuln:cache:get:security-advisory:nanoid:r+z+JMwVfhGHAr/0YAy6/3RrDzRoIYQ2AZVHMg9UDR0NJ2m9fi3DGObNE6EPq2ciL/QAojxEu2QsJ0Zzdynclg== Completed in 5ms
npm timing metavuln:cache:get:security-advisory:nanoid:yj9sIlK+XqrJ/M3KiUWlrRltULANl6YBaCrFOOkhifbHZLeR6WWvNcg8TwCYDTU//Kh28X1uO1HTlx/lWbteSg== Completed in 5ms
npm timing metavuln:cache:get:security-advisory:nanoid:0yzfm74h2ISPme4XQDESd3IOQg79zHFMhy6RZiujZnIoteqQ6dSyiH0qVBqCuUznMPosC/QFvQVHfbUpRCoxjQ== Completed in 5ms
npm timing metavuln:cache:get:security-advisory:path-to-regexp:MgjHwCEvzlLz9p6+Yk8DdZLdAuprFRwJM/BcLFKUnsW5C1PzGCjbdvhfzdrEOsmCJB7eOyV5TvQe+zy4C++sJQ== Completed in 5ms
npm timing metavuln:cache:get:security-advisory:picomatch:GSQ5ghUF1JWDKMssoydWDVRebjlPePRwktLhrdWzXCq5xeBXdo4Cm9HGHnH2b6P1Nq93YjwPmimVjAx6kge32A== Completed in 4ms
npm timing metavuln:cache:get:security-advisory:picomatch:2VXNT0aF/Oc+aljqzVZL+y7UYoRsun3f1sCqjauwt4R4X9DizyqvONZbNtH8U58EY1DnyPNR0Ul3cX6UkEWNqw== Completed in 4ms
npm timing metavuln:cache:get:security-advisory:picomatch:H8EHkZXRRUdil3DyUl8tc8lCQUliQzjc5H5D4llqFojH152sBqO1suz3XiNiRQT++wJdWkgXe/zFc/Bbrrz6ng== Completed in 4ms
npm timing metavuln:cache:get:security-advisory:postcss:AESkqup7C9sLtHL0OzenAvihqmLzSTOW4+0zIkCCeUjI0qvgEu/UCFfVCIlWzUpfDq20KxUSH5Ru8h4LoxJKRA== Completed in 4ms
npm timing metavuln:cache:get:security-advisory:picomatch:PpR3fLr2OHopA+LsAWF3etD15aOC+jSmDwUcp4VQCTrR40wKvI/IGhhNd2qAhozxRYiHGwb06lLJm+b8SMoG/w== Completed in 4ms
npm timing metavuln:cache:get:security-advisory:postcss:685RVq5xScaqegAXk2BRJrsMaZmsz1d/volUoA67iVw3AvHhUlX03u+VPRrmo8iuObcSDvuZF+fuiOnLC9L1uA== Completed in 4ms
npm timing metavuln:cache:get:security-advisory:postcss:vffDf5zeMAO2NG2g47VKaOSrYbOxy9RP7hONH+CZvut446KUCIkc3Fp1vXR3T1gMxB3d9F68wTGe2BUQF6ut/w== Completed in 4ms
npm timing metavuln:cache:get:security-advisory:postcss:CYQpgMxvTqXBVaZq1NAr4RIFkWLFCwyobLa0hEv7E4gMg411Yb94I7Uru51Ci3hUITmSGFK7DCDkX4TqzQYsaw== Completed in 4ms
npm timing metavuln:cache:get:security-advisory:postcss-selector-parser:covT+MWoMY27HNo8VBw80yY9txe9EcZ0OTaXxzPnTvlgv/pmVZ5EoTwL+VQRgBrpLVxAWtUxZrw6bhMqh9EoHA== Completed in 4ms
npm timing metavuln:cache:get:security-advisory:qs:yIOmIfyBVmc4/WIMgGjKfeJx3gCbSUYFP0hfNuRbeY9Cg35Qk+brHYCgLhVvSnrwBD4suH+6LO1UW/NiJlUASA== Completed in 3ms
npm timing metavuln:cache:get:security-advisory:qs:d8aA3MRUHa+nR6p36dDWdh9BwhbY3Ab8gcBS2sP0Jimkk/dzqKymXgU6A8cPdzE765SO0b2GGEOl3D6hJIniZQ== Completed in 3ms
npm timing metavuln:cache:get:security-advisory:qs:qvnFu5Nxt6nk4ZnzBM90Jkp6uhl+WmmOIhp+23qQRnTmnSs41hgsdsDx5uj/JdS2OgYbGnp6tGqfy7F4YN2CIQ== Completed in 3ms
npm timing metavuln:cache:get:security-advisory:rollup:j57+QiunRUdD0cUD+SOC+z9ahAKAX/ORqNrS8xn5EMmMoVNjDT6jDQ8+1zJZRvVKgeAjbBSmjAgyimjwq9Hhfg== Completed in 3ms
npm timing metavuln:cache:get:security-advisory:shell-quote:fqAwyzKgzV507YkOCMmZ0MVsW2IyjhfI8EtMNNIlwDgmla1BR3N2YTYTeJUa4txJdmnx9t8pKKW5Gf1vJIY54A== Completed in 3ms
npm timing metavuln:cache:get:security-advisory:shell-quote:gWuMLxJrdB5cYYnXmLuPYjWBh9v3T6mAs/1n90qstizAjUwF6JtEegc7pxpOH6qZDJP592oeHHx4biyk4QlJHg== Completed in 3ms
npm timing metavuln:cache:get:security-advisory:vite:CReXW7o3cJZ0aN4nhg/gRV1E8OPJ2SoGmmUw6lY2bLjCfF70z3PbDKbutfCbWYbBHkeQ6W4F2IxffSmtDjtaNw== Completed in 3ms
npm timing metavuln:cache:get:security-advisory:vite:I1BdsVrQ8+F0Nz5pjiEY7gYSFBzvKNwOR8nQyg9euOprN34SC4VipJH1GMc8WCRl+e0xZWGr2QiYwiNwqO4gag== Completed in 3ms
npm timing metavuln:cache:get:security-advisory:vite:eMMc8JhNvO5glHecr/Tzj6irpQ2XClO6WLy0eMQ1runry3c/+QJOQWsEHiljttVj4U5BjLuVLZPqZyDVgTsriA== Completed in 3ms
npm timing metavuln:cache:get:security-advisory:ws:riCaqXeEj3LGJHsuDUezanD1igwJ1gD5B0Z0jDf8slGSkFNcUxH/yz4/VwuWsi+XAx/SPZKMWI5kAltGWYRGUg== Completed in 3ms
npm timing metavuln:cache:get:security-advisory:ws:FCiq93wPa5YIRoC+osxDM6AqlUQalSrMxM3xxzdzdy9dCvEbzaPVIuWaJi1l/8fX8Bq49JKEKJAZocgF236GuA== Completed in 2ms
npm timing reifyNode:node_modules/update-browserslist-db Completed in 975ms
npm timing reifyNode:node_modules/unist-util-visit Completed in 987ms
npm timing reifyNode:node_modules/unist-util-stringify-position Completed in 989ms
npm timing reifyNode:node_modules/utils-merge Completed in 993ms
npm timing reifyNode:node_modules/vary Completed in 994ms
npm timing reifyNode:node_modules/util-deprecate Completed in 995ms
npm timing reifyNode:node_modules/unpipe Completed in 1010ms
npm timing reifyNode:node_modules/unist-util-find-after Completed in 1011ms
npm timing reifyNode:node_modules/yallist Completed in 1014ms
npm timing reifyNode:node_modules/vfile-message Completed in 1015ms
npm timing reifyNode:node_modules/unist-util-position Completed in 1034ms
npm timing reifyNode:node_modules/trough Completed in 1034ms
npm timing reifyNode:node_modules/wrap-ansi Completed in 1037ms
npm timing reifyNode:node_modules/zwitch Completed in 1038ms
npm timing reifyNode:node_modules/type-is Completed in 1057ms
npm timing reifyNode:node_modules/thenify-all Completed in 1057ms
npm timing reifyNode:node_modules/thenify Completed in 1057ms
npm timing reifyNode:node_modules/toidentifier Completed in 1078ms
npm timing reifyNode:node_modules/tree-kill Completed in 1098ms
npm timing reifyNode:node_modules/trim-lines Completed in 1098ms
npm timing reifyNode:node_modules/strip-ansi Completed in 1099ms
npm timing reifyNode:node_modules/string-width Completed in 1100ms
npm timing reifyNode:node_modules/supports-preserve-symlinks-flag Completed in 1100ms
npm timing reifyNode:node_modules/tinyglobby Completed in 1120ms
npm timing reifyNode:node_modules/supports-color Completed in 1120ms
npm timing reifyNode:node_modules/space-separated-tokens Completed in 1121ms
npm timing reifyNode:node_modules/side-channel-weakmap Completed in 1121ms
npm timing reifyNode:node_modules/side-channel-list Completed in 1122ms
npm timing reifyNode:node_modules/setprototypeof Completed in 1148ms
npm timing reifyNode:node_modules/spawn-command Completed in 1149ms
npm timing reifyNode:node_modules/serve-static Completed in 1173ms
npm timing reifyNode:node_modules/safe-buffer Completed in 1173ms
npm timing reifyNode:node_modules/to-regex-range Completed in 1175ms
npm timing reifyNode:node_modules/side-channel Completed in 1176ms
npm timing reifyNode:node_modules/send Completed in 1199ms
npm timing reifyNode:node_modules/side-channel-map Completed in 1200ms
npm timing reifyNode:node_modules/string_decoder Completed in 1202ms
npm timing reifyNode:node_modules/statuses Completed in 1202ms
npm timing reifyNode:node_modules/run-parallel Completed in 1204ms
npm timing reifyNode:node_modules/remark-parse Completed in 1205ms
npm timing reifyNode:node_modules/y18n Completed in 1241ms
npm timing reifyNode:node_modules/remark-stringify Completed in 1243ms
npm timing reifyNode:node_modules/read-cache Completed in 1244ms
npm timing reifyNode:node_modules/require-directory Completed in 1244ms
npm timing reifyNode:node_modules/raw-body Completed in 1245ms
npm timing reifyNode:node_modules/randombytes Completed in 1278ms
npm timing reifyNode:node_modules/proxy-addr Completed in 1279ms
npm timing reifyNode:node_modules/resolve-pkg-maps Completed in 1305ms
npm timing reifyNode:node_modules/range-parser Completed in 1307ms
npm timing reifyNode:node_modules/queue-microtask Completed in 1308ms
npm timing reifyNode:node_modules/unist-util-is Completed in 1330ms
npm timing reifyNode:node_modules/remark-rehype Completed in 1331ms
npm timing reifyNode:node_modules/rehype-highlight Completed in 1331ms
npm timing reifyNode:node_modules/safer-buffer Completed in 1357ms
npm timing reifyNode:node_modules/react-markdown Completed in 1362ms
npm timing reifyNode:node_modules/react-is Completed in 1362ms
npm timing reifyNode:node_modules/path-to-regexp Completed in 1363ms
npm timing reifyNode:node_modules/picocolors Completed in 1364ms
npm timing reifyNode:node_modules/readdirp Completed in 1388ms
npm timing reifyNode:node_modules/postcss-js Completed in 1389ms
npm timing reifyNode:node_modules/postcss-nested Completed in 1389ms
npm timing reifyNode:node_modules/pirates Completed in 1390ms
npm timing reifyNode:node_modules/path-parse Completed in 1390ms
npm timing reifyNode:node_modules/mz Completed in 1391ms
npm timing reifyNode:node_modules/ts-interface-checker Completed in 1412ms
npm timing reifyNode:node_modules/strnum Completed in 1413ms
npm timing reifyNode:node_modules/react-refresh Completed in 1415ms
npm timing reifyNode:node_modules/pify Completed in 1416ms
npm timing reifyNode:node_modules/parseurl Completed in 1416ms
npm timing reifyNode:node_modules/parse-entities Completed in 1416ms
npm timing reifyNode:node_modules/on-finished Completed in 1416ms
npm timing reifyNode:node_modules/node-releases Completed in 1417ms
npm timing reifyNode:node_modules/normalize-path Completed in 1418ms
npm timing reifyNode:node_modules/semver Completed in 1442ms
npm timing reifyNode:node_modules/object-assign Completed in 1444ms
npm timing reifyNode:node_modules/postcss-load-config Completed in 1472ms
npm timing reifyNode:node_modules/ms Completed in 1474ms
npm timing reifyNode:node_modules/mime-types Completed in 1474ms
npm timing reifyNode:node_modules/micromark-util-types Completed in 1475ms
npm timing reifyNode:node_modules/micromatch Completed in 1475ms
npm timing reifyNode:node_modules/micromark-util-combine-extensions Completed in 1476ms
npm timing reifyNode:node_modules/reusify Completed in 1502ms
npm timing reifyNode:node_modules/micromark-util-encode Completed in 1505ms
npm timing reifyNode:node_modules/use-editable Completed in 1529ms
npm timing reifyNode:node_modules/nanoid Completed in 1532ms
npm timing reifyNode:node_modules/mime Completed in 1532ms
npm timing reifyNode:node_modules/micromark-util-resolve-all Completed in 1533ms
npm timing reifyNode:node_modules/micromark-util-html-tag-name Completed in 1533ms
npm timing reifyNode:node_modules/micromark-util-decode-numeric-character-reference Completed in 1534ms
npm timing reifyNode:node_modules/micromark-extension-gfm Completed in 1536ms
npm timing reifyNode:node_modules/postcss-value-parser Completed in 1572ms
npm timing reifyNode:node_modules/micromark-util-sanitize-uri Completed in 1573ms
npm timing reifyNode:node_modules/micromark-util-classify-character Completed in 1574ms
npm timing reifyNode:node_modules/mdast-util-to-string Completed in 1576ms
npm timing reifyNode:node_modules/mdast-util-phrasing Completed in 1576ms
npm timing reifyNode:node_modules/simple-peer Completed in 1595ms
npm timing reifyNode:node_modules/react-live Completed in 1596ms
npm timing reifyNode:node_modules/micromark-util-chunked Completed in 1597ms
npm timing reifyNode:node_modules/micromark-factory-space Completed in 1598ms
npm timing reifyNode:node_modules/micromark-factory-whitespace Completed in 1598ms
npm timing reifyNode:node_modules/micromark-factory-title Completed in 1598ms
npm timing reifyNode:node_modules/micromark-factory-destination Completed in 1598ms
npm timing reifyNode:node_modules/micromark-extension-gfm-tagfilter Completed in 1598ms
npm timing reifyNode:node_modules/object-hash Completed in 1626ms
npm timing reifyNode:node_modules/negotiator Completed in 1626ms
npm timing reifyNode:node_modules/micromark-util-normalize-identifier Completed in 1627ms
npm timing reifyNode:node_modules/micromark-util-decode-string Completed in 1627ms
npm timing reifyNode:node_modules/methods Completed in 1627ms
npm timing reifyNode:node_modules/mdast-util-gfm-strikethrough Completed in 1627ms
npm timing reifyNode:node_modules/loose-envify Completed in 1628ms
npm timing reifyNode:node_modules/unist-util-visit-parents Completed in 1653ms
npm timing reifyNode:node_modules/remark-gfm Completed in 1655ms
npm timing reifyNode:node_modules/micromark-factory-label Completed in 1656ms
npm timing reifyNode:node_modules/micromark-util-character Completed in 1657ms
npm timing reifyNode:node_modules/merge-descriptors Completed in 1657ms
npm timing reifyNode:node_modules/merge2 Completed in 1657ms
npm timing reifyNode:node_modules/mdast-util-mdxjs-esm Completed in 1657ms
npm timing reifyNode:node_modules/mdast-util-gfm-task-list-item Completed in 1657ms
npm timing reifyNode:node_modules/mdast-util-gfm-table Completed in 1657ms
npm timing reifyNode:node_modules/markdown-table Completed in 1658ms
npm timing reifyNode:node_modules/lines-and-columns Completed in 1659ms
npm timing reifyNode:node_modules/mdast-util-gfm-footnote Completed in 1687ms
npm timing reifyNode:node_modules/isomorphic.js Completed in 1689ms
npm timing reifyNode:node_modules/is-plain-obj Completed in 1689ms
npm timing reifyNode:node_modules/media-typer Completed in 1715ms
npm timing reifyNode:node_modules/mdast-util-mdx-expression Completed in 1715ms
npm timing reifyNode:node_modules/mdast-util-gfm Completed in 1714ms
npm timing reifyNode:node_modules/is-decimal Completed in 1716ms
npm timing reifyNode:node_modules/is-binary-path Completed in 1717ms
npm timing reifyNode:node_modules/prop-types Completed in 1738ms
npm timing reifyNode:node_modules/picomatch Completed in 1738ms
npm timing reifyNode:node_modules/mdast-util-gfm-autolink-literal Completed in 1739ms
npm timing reifyNode:node_modules/lru-cache Completed in 1739ms
npm timing reifyNode:node_modules/jsesc Completed in 1740ms
npm timing reifyNode:node_modules/js-tokens Completed in 1740ms
npm timing reifyNode:node_modules/is-hexadecimal Completed in 1741ms
npm timing reifyNode:node_modules/is-number Completed in 1741ms
npm timing reifyNode:node_modules/is-alphanumerical Completed in 1742ms
npm timing reifyNode:node_modules/is-fullwidth-code-point Completed in 1742ms
npm timing reifyNode:node_modules/shell-quote Completed in 1760ms
npm timing reifyNode:node_modules/mdast-util-mdx-jsx Completed in 1763ms
npm timing reifyNode:node_modules/mdast-util-find-and-replace Completed in 1762ms
npm timing reifyNode:node_modules/longest-streak Completed in 1763ms
npm timing reifyNode:node_modules/is-glob Completed in 1764ms
npm timing reifyNode:node_modules/hasown Completed in 1764ms
npm timing reifyNode:node_modules/tslib Completed in 1791ms
npm timing reifyNode:node_modules/lilconfig Completed in 1794ms
npm timing reifyNode:node_modules/is-core-module Completed in 1795ms
npm timing reifyNode:node_modules/inherits Completed in 1795ms
npm timing reifyNode:node_modules/http-errors Completed in 1795ms
npm timing reifyNode:node_modules/ieee754 Completed in 1796ms
npm timing reifyNode:node_modules/is-extglob Completed in 1822ms
npm timing reifyNode:node_modules/is-alphabetical Completed in 1822ms
npm timing reifyNode:node_modules/html-url-attributes Completed in 1822ms
npm timing reifyNode:node_modules/hast-util-is-element Completed in 1824ms
npm timing reifyNode:node_modules/get-caller-file Completed in 1825ms
npm timing reifyNode:node_modules/fresh Completed in 1825ms
npm timing reifyNode:node_modules/use-sync-external-store Completed in 1848ms
npm timing reifyNode:node_modules/postcss-import Completed in 1849ms
npm timing reifyNode:node_modules/hast-util-to-text Completed in 1850ms
npm timing reifyNode:node_modules/glob-parent Completed in 1851ms
npm timing reifyNode:node_modules/has-flag Completed in 1851ms
npm timing reifyNode:node_modules/extend Completed in 1853ms
npm timing reifyNode:node_modules/ipaddr.js Completed in 1877ms
npm timing reifyNode:node_modules/hast-util-whitespace Completed in 1877ms
npm timing reifyNode:node_modules/get-browser-rtc Completed in 1878ms
npm timing reifyNode:node_modules/gensync Completed in 1879ms
npm timing reifyNode:node_modules/escape-string-regexp Completed in 1880ms
npm timing reifyNode:node_modules/escape-html Completed in 1880ms
npm timing reifyNode:node_modules/fill-range Completed in 1902ms
npm timing reifyNode:node_modules/forwarded Completed in 1902ms
npm timing reifyNode:node_modules/estree-util-is-identifier-name Completed in 1903ms
npm timing reifyNode:node_modules/encodeurl Completed in 1903ms
npm timing reifyNode:node_modules/gopd Completed in 1926ms
npm timing reifyNode:node_modules/finalhandler Completed in 1927ms
npm timing reifyNode:node_modules/ee-first Completed in 1928ms
npm timing reifyNode:node_modules/get-intrinsic Completed in 1941ms
npm timing reifyNode:node_modules/etag Completed in 1941ms
npm timing reifyNode:node_modules/err-code Completed in 1943ms
npm timing reifyNode:node_modules/decode-named-character-reference Completed in 1943ms
npm timing reifyNode:node_modules/emoji-regex Completed in 1963ms
npm timing reifyNode:node_modules/didyoumean Completed in 1963ms
npm timing reifyNode:node_modules/convert-source-map Completed in 1964ms
npm timing reifyNode:node_modules/style-to-object Completed in 1987ms
npm timing reifyNode:node_modules/get-proto Completed in 1989ms
npm timing reifyNode:node_modules/es-define-property Completed in 1990ms
npm timing reifyNode:node_modules/cookie-signature Completed in 1992ms
npm timing reifyNode:node_modules/depd Completed in 1992ms
npm timing reifyNode:node_modules/cssesc Completed in 1992ms
npm timing reifyNode:node_modules/mime-db Completed in 2008ms
npm timing reifyNode:node_modules/fdir Completed in 2008ms
npm timing reifyNode:node_modules/devlop Completed in 2009ms
npm timing reifyNode:node_modules/color-convert Completed in 2010ms
npm timing reifyNode:node_modules/comma-separated-tokens Completed in 2010ms
npm timing reifyNode:node_modules/character-entities-html4 Completed in 2010ms
npm timing reifyNode:node_modules/unified Completed in 2024ms
npm timing reifyNode:node_modules/destroy Completed in 2026ms
npm timing reifyNode:node_modules/cookie Completed in 2027ms
npm timing reifyNode:node_modules/cors Completed in 2027ms
npm timing reifyNode:node_modules/content-disposition Completed in 2027ms
npm timing reifyNode:node_modules/scheduler Completed in 2044ms
npm timing reifyNode:node_modules/hast-util-to-jsx-runtime Completed in 2049ms
npm timing reifyNode:node_modules/es-object-atoms Completed in 2050ms
npm timing reifyNode:node_modules/debug Completed in 2050ms
npm timing reifyNode:node_modules/color-name Completed in 2051ms
npm timing reifyNode:node_modules/content-type Completed in 2051ms
npm timing reifyNode:node_modules/character-entities-legacy Completed in 2051ms
npm timing reifyNode:node_modules/character-reference-invalid Completed in 2052ms
npm timing reifyNode:node_modules/array-flatten Completed in 2053ms
npm timing reifyNode:node_modules/commander Completed in 2074ms
npm timing reifyNode:node_modules/character-entities Completed in 2075ms
npm timing reifyNode:node_modules/bytes Completed in 2075ms
npm timing reifyNode:node_modules/arg Completed in 2076ms
npm timing reifyNode:node_modules/anymatch Completed in 2076ms
npm timing reifyNode:node_modules/yargs-parser Completed in 2098ms
npm timing reifyNode:node_modules/function-bind Completed in 2099ms
npm timing reifyNode:node_modules/esbuild Completed in 2099ms
npm timing reifyNode:node_modules/camelcase-css Completed in 2100ms
npm timing reifyNode:node_modules/buffer Completed in 2101ms
npm timing reifyNode:node_modules/chalk Completed in 2101ms
npm timing reifyNode:node_modules/binary-extensions Completed in 2101ms
npm timing reifyNode:node_modules/base64-js Completed in 2101ms
npm timing reifyNode:node_modules/accepts Completed in 2102ms
npm timing reifyNode:node_modules/ccount Completed in 2102ms
npm timing reifyNode:node_modules/@types/serve-static Completed in 2101ms
npm timing reifyNode:node_modules/escalade Completed in 2118ms
npm timing reifyNode:node_modules/dlv Completed in 2118ms
npm timing reifyNode:node_modules/ansi-styles Completed in 2120ms
npm timing reifyNode:node_modules/dunder-proto Completed in 2144ms
npm timing reifyNode:node_modules/call-bound Completed in 2145ms
npm timing reifyNode:node_modules/bail Completed in 2145ms
npm timing reifyNode:node_modules/@types/unist Completed in 2145ms
npm timing reifyNode:node_modules/@types/mime Completed in 2146ms
npm timing reifyNode:node_modules/@types/hast Completed in 2146ms
npm timing reifyNode:node_modules/micromark-util-subtokenize Completed in 2176ms
npm timing reifyNode:node_modules/get-tsconfig Completed in 2176ms
npm timing reifyNode:node_modules/clsx Completed in 2179ms
npm timing reifyNode:node_modules/browserslist Completed in 2179ms
npm timing reifyNode:node_modules/ansi-regex Completed in 2180ms
npm timing reifyNode:node_modules/@types/send Completed in 2179ms
npm timing reifyNode:node_modules/@types/qs Completed in 2180ms
npm timing reifyNode:node_modules/@types/prismjs Completed in 2180ms
npm timing reifyNode:node_modules/@types/express Completed in 2181ms
npm timing reifyNode:node_modules/@types/express-serve-static-core Completed in 2181ms
npm timing reifyNode:node_modules/@types/react-dom Completed in 2228ms
npm timing reifyNode:node_modules/@types/ms Completed in 2228ms
npm timing reifyNode:node_modules/@types/http-errors Completed in 2228ms
npm timing reifyNode:node_modules/@types/ws Completed in 2230ms
npm timing reifyNode:node_modules/style-to-js Completed in 2249ms
npm timing reifyNode:node_modules/micromark-extension-gfm-task-list-item Completed in 2252ms
npm timing reifyNode:node_modules/lowlight Completed in 2252ms
npm timing reifyNode:node_modules/fastq Completed in 2253ms
npm timing reifyNode:node_modules/@types/mdast Completed in 2254ms
npm timing reifyNode:node_modules/@types/range-parser Completed in 2254ms
npm timing reifyNode:node_modules/@types/cors Completed in 2265ms
npm timing reifyNode:node_modules/@types/babel__generator Completed in 2265ms
npm timing reifyNode:node_modules/@types/debug Completed in 2266ms
npm timing reifyNode:node_modules/es-errors Completed in 2270ms
npm timing reifyNode:node_modules/chokidar Completed in 2271ms
npm timing reifyNode:node_modules/@types/prop-types Completed in 2271ms
npm timing reifyNode:node_modules/@types/estree-jsx Completed in 2291ms
npm timing reifyNode:node_modules/@types/estree Completed in 2291ms
npm timing reifyNode:node_modules/@types/babel__core Completed in 2291ms
npm timing reifyNode:node_modules/@types/connect Completed in 2291ms
npm timing reifyNode:node_modules/micromark-extension-gfm-strikethrough Completed in 2297ms
npm timing reifyNode:node_modules/has-symbols Completed in 2297ms
npm timing reifyNode:node_modules/electron-to-chromium Completed in 2297ms
npm timing reifyNode:node_modules/dequal Completed in 2298ms
npm timing reifyNode:node_modules/cliui Completed in 2298ms
npm timing reifyNode:node_modules/@types/body-parser Completed in 2313ms
npm timing reifyNode:node_modules/source-map-js Completed in 2315ms
npm timing reifyNode:node_modules/dotenv Completed in 2318ms
npm timing reifyNode:node_modules/@smithy/util-hex-encoding Completed in 2318ms
npm timing reifyNode:node_modules/@types/babel__template Completed in 2333ms
npm timing reifyNode:node_modules/@smithy/util-buffer-from Completed in 2358ms
npm timing reifyNode:node_modules/@types/babel__traverse Completed in 2368ms
npm timing reifyNode:node_modules/micromark-extension-gfm-autolink-literal Completed in 2373ms
npm timing reifyNode:node_modules/inline-style-parser Completed in 2372ms
npm timing reifyNode:node_modules/call-bind-apply-helpers Completed in 2373ms
npm timing reifyNode:node_modules/braces Completed in 2373ms
npm timing reifyNode:node_modules/@vitejs/plugin-react Completed in 2407ms
npm timing reifyNode:node_modules/@smithy/querystring-builder Completed in 2407ms
npm timing reifyNode:node_modules/@smithy/url-parser Completed in 2407ms
npm timing reifyNode:node_modules/@smithy/querystring-parser Completed in 2407ms
npm timing reifyNode:node_modules/micromark-util-symbol Completed in 2427ms
npm timing reifyNode:node_modules/@smithy/middleware-content-length Completed in 2428ms
npm timing reifyNode:node_modules/@smithy/hash-node Completed in 2428ms
npm timing reifyNode:node_modules/@smithy/is-array-buffer Completed in 2467ms
npm timing reifyNode:node_modules/@rolldown/pluginutils Completed in 2468ms
npm timing reifyNode:node_modules/@babel/plugin-transform-react-jsx-self Completed in 2469ms
npm timing reifyNode:node_modules/undici-types Completed in 2486ms
npm timing reifyNode:node_modules/@babel/plugin-transform-react-jsx-source Completed in 2489ms
npm timing reifyNode:node_modules/body-parser Completed in 2513ms
npm timing reifyNode:node_modules/micromark-extension-gfm-footnote Completed in 2535ms
npm timing reifyNode:node_modules/@smithy/util-body-length-node Completed in 2535ms
npm timing reifyNode:node_modules/@babel/helper-globals Completed in 2552ms
npm timing reifyNode:node_modules/@babel/code-frame Completed in 2552ms
npm timing reifyNode:node_modules/math-intrinsics Completed in 2571ms
npm timing reifyNode:node_modules/baseline-browser-mapping Completed in 2572ms
npm timing reifyNode:node_modules/@babel/helper-string-parser Completed in 2573ms
npm timing reifyNode:node_modules/ws Completed in 2595ms
npm timing reifyNode:node_modules/@smithy/util-body-length-browser Completed in 2596ms
npm timing reifyNode:node_modules/@babel/helper-plugin-utils Completed in 2598ms
npm timing reifyNode:node_modules/@aws/lambda-invoke-store Completed in 2616ms
npm timing reifyNode:node_modules/@smithy/service-error-classification Completed in 2660ms
npm timing reifyNode:node_modules/@jridgewell/resolve-uri Completed in 2661ms
npm timing reifyNode:node_modules/@aws-sdk/util-format-url Completed in 2661ms
npm timing reifyNode:node_modules/react Completed in 2678ms
npm timing reifyNode:node_modules/mdast-util-from-markdown Completed in 2678ms
npm timing reifyNode:node_modules/@aws-sdk/util-locate-window Completed in 2694ms
npm timing reifyNode:node_modules/@aws-sdk/middleware-host-header Completed in 2695ms
npm timing reifyNode:node_modules/@smithy/eventstream-serde-config-resolver Completed in 2711ms
npm timing reifyNode:node_modules/qs Completed in 2760ms
npm timing reifyNode:node_modules/@babel/helper-validator-option Completed in 2762ms
npm timing reifyNode:node_modules/@babel/helper-validator-identifier Completed in 2762ms
npm timing reifyNode:node_modules/@smithy/util-uri-escape Completed in 2781ms
npm timing reifyNode:node_modules/@smithy/util-middleware Completed in 2782ms
npm timing reifyNode:node_modules/stringify-entities Completed in 2784ms
npm timing reifyNode:node_modules/@ungap/structured-clone Completed in 2786ms
npm timing reifyNode:node_modules/@alloc/quick-lru Completed in 2844ms
npm timing reifyNode:node_modules/chalk/node_modules/supports-color Completed in 2862ms
npm timing reifyNode:node_modules/vfile Completed in 2865ms
npm timing reifyNode:node_modules/send/node_modules/debug/node_modules/ms Completed in 2873ms
npm timing reifyNode:node_modules/@types/serve-static/node_modules/@types/send Completed in 2872ms
npm timing reifyNode:node_modules/fast-glob/node_modules/glob-parent Completed in 2902ms
npm timing reifyNode:node_modules/express/node_modules/ms Completed in 2930ms
npm timing reifyNode:node_modules/body-parser/node_modules/ms Completed in 2931ms
npm timing reifyNode:node_modules/finalhandler/node_modules/ms Completed in 2931ms
npm timing reifyNode:node_modules/parse-entities/node_modules/@types/unist Completed in 2932ms
npm timing reifyNode:node_modules/fraction.js Completed in 2948ms
npm timing reifyNode:node_modules/@smithy/middleware-stack Completed in 2949ms
npm timing reifyNode:node_modules/@aws-sdk/middleware-logger Completed in 2951ms
npm timing reifyNode:node_modules/chokidar/node_modules/glob-parent Completed in 2956ms
npm timing reifyNode:node_modules/prism-react-renderer Completed in 2986ms
npm timing reifyNode:node_modules/bowser Completed in 3015ms
npm timing reifyNode:node_modules/@smithy/abort-controller Completed in 3015ms
npm timing reifyNode:node_modules/@smithy/invalid-dependency Completed in 3015ms
npm timing reifyNode:node_modules/@babel/compat-data Completed in 3016ms
npm timing reifyNode:node_modules/@smithy/util-base64/node_modules/@smithy/util-buffer-from Completed in 3021ms
npm timing reifyNode:node_modules/@babel/helper-module-imports Completed in 3044ms
npm timing reifyNode:node_modules/vite/node_modules/esbuild Completed in 3050ms
npm timing reifyNode:node_modules/@smithy/util-config-provider Completed in 3099ms
npm timing reifyNode:node_modules/@smithy/util-base64/node_modules/@smithy/is-array-buffer Completed in 3105ms
npm timing reifyNode:node_modules/@smithy/util-buffer-from/node_modules/@smithy/is-array-buffer Completed in 3106ms
npm timing reifyNode:node_modules/@smithy/smithy-client/node_modules/@smithy/querystring-parser Completed in 3106ms
npm timing reifyNode:node_modules/@smithy/smithy-client/node_modules/@smithy/querystring-builder Completed in 3106ms
npm timing reifyNode:node_modules/json5 Completed in 3125ms
npm timing reifyNode:node_modules/express Completed in 3125ms
npm timing reifyNode:node_modules/tinyglobby/node_modules/picomatch Completed in 3130ms
npm timing reifyNode:node_modules/@smithy/util-defaults-mode-node Completed in 3160ms
npm timing reifyNode:node_modules/@smithy/smithy-client/node_modules/@smithy/util-hex-encoding Completed in 3166ms
npm timing reifyNode:node_modules/@aws-sdk/credential-provider-env Completed in 3190ms
npm timing reifyNode:node_modules/@smithy/smithy-client/node_modules/@smithy/url-parser Completed in 3194ms
npm timing reifyNode:node_modules/@smithy/smithy-client/node_modules/@smithy/util-buffer-from Completed in 3194ms
npm timing reifyNode:node_modules/@smithy/signature-v4/node_modules/@smithy/util-buffer-from Completed in 3195ms
npm timing reifyNode:node_modules/@smithy/smithy-client/node_modules/@smithy/is-array-buffer Completed in 3226ms
npm timing reifyNode:node_modules/@smithy/middleware-serde Completed in 3274ms
npm timing reifyNode:node_modules/@smithy/signature-v4/node_modules/@smithy/util-hex-encoding Completed in 3312ms
npm timing reifyNode:node_modules/@types/react Completed in 3355ms
npm timing reifyNode:node_modules/@smithy/eventstream-serde-browser Completed in 3355ms
npm timing reifyNode:node_modules/send/node_modules/debug Completed in 3421ms
npm timing reifyNode:node_modules/finalhandler/node_modules/debug Completed in 3420ms
npm timing reifyNode:node_modules/@smithy/eventstream-serde-node/node_modules/@smithy/util-hex-encoding Completed in 3421ms
npm timing reifyNode:node_modules/@aws-sdk/util-utf8-browser Completed in 3442ms
npm timing reifyNode:node_modules/body-parser/node_modules/debug Completed in 3446ms
npm timing reifyNode:node_modules/express/node_modules/debug Completed in 3446ms
npm timing reifyNode:node_modules/@smithy/util-defaults-mode-browser Completed in 3462ms
npm timing reifyNode:node_modules/@aws-sdk/nested-clients/node_modules/@smithy/is-array-buffer Completed in 3509ms
npm timing reifyNode:node_modules/@aws-sdk/nested-clients/node_modules/@aws-crypto/util/node_modules/@smithy/util-buffer-from Completed in 3509ms
npm timing reifyNode:node_modules/@nodelib/fs.stat Completed in 3523ms
npm timing reifyNode:node_modules/@babel/helper-compilation-targets Completed in 3524ms
npm timing reifyNode:node_modules/@smithy/uuid Completed in 3537ms
npm timing reifyNode:node_modules/@smithy/eventstream-serde-node Completed in 3539ms
npm timing reifyNode:node_modules/object-inspect Completed in 3558ms
npm timing reifyNode:node_modules/@aws-sdk/credential-provider-web-identity Completed in 3559ms
npm timing reifyNode:node_modules/@smithy/eventstream-serde-node/node_modules/@aws-crypto/util/node_modules/tslib Completed in 3564ms
npm timing reifyNode:node_modules/@smithy/eventstream-serde-node/node_modules/@aws-crypto/crc32/node_modules/tslib Completed in 3564ms
npm timing reifyNode:node_modules/@aws-sdk/middleware-websocket/node_modules/@smithy/is-array-buffer Completed in 3565ms
npm timing reifyNode:node_modules/readable-stream Completed in 3576ms
npm timing reifyNode:node_modules/@smithy/fetch-http-handler Completed in 3576ms
npm timing reifyNode:node_modules/@smithy/eventstream-serde-universal Completed in 3630ms
npm timing reifyNode:node_modules/@aws-sdk/credential-provider-login Completed in 3632ms
npm timing reifyNode:node_modules/@smithy/util-utf8 Completed in 3646ms
npm timing reifyNode:node_modules/@babel/template Completed in 3647ms
npm timing reifyNode:node_modules/@aws-sdk/eventstream-handler-node Completed in 3648ms
npm timing reifyNode:node_modules/any-promise Completed in 3665ms
npm timing reifyNode:node_modules/@aws-sdk/core/node_modules/@smithy/is-array-buffer Completed in 3672ms
npm timing reifyNode:node_modules/@aws-sdk/client-cognito-identity/node_modules/@smithy/is-array-buffer Completed in 3673ms
npm timing reifyNode:node_modules/@babel/helper-module-transforms Completed in 3685ms
npm timing reifyNode:node_modules/@aws-sdk/client-cognito-identity/node_modules/@aws-crypto/util/node_modules/@smithy/util-buffer-from Completed in 3692ms
npm timing reifyNode:node_modules/@aws-sdk/client-bedrock-runtime/node_modules/@smithy/is-array-buffer Completed in 3692ms
npm timing reifyNode:node_modules/@aws-sdk/client-bedrock-runtime/node_modules/@aws-crypto/util/node_modules/@smithy/util-buffer-from Completed in 3693ms
npm timing reifyNode:node_modules/@aws-crypto/crc32/node_modules/@smithy/util-buffer-from Completed in 3712ms
npm timing reifyNode:node_modules/@aws-crypto/sha256-browser/node_modules/@smithy/util-buffer-from Completed in 3728ms
npm timing reifyNode:node_modules/csstype Completed in 3737ms
npm timing reifyNode:node_modules/@smithy/smithy-client/node_modules/@smithy/util-uri-escape Completed in 3740ms
npm timing reifyNode:node_modules/@aws-crypto/sha256-browser/node_modules/@smithy/is-array-buffer Completed in 3744ms
npm timing reifyNode:node_modules/@aws-crypto/crc32/node_modules/@smithy/is-array-buffer Completed in 3744ms
npm timing metavuln:packument:picomatch Completed in 3212ms
npm timing metavuln:load:security-advisory:picomatch:1115549 Completed in 2ms
npm timing metavuln:load:security-advisory:picomatch:1115551 Completed in 1ms
npm timing metavuln:load:security-advisory:picomatch:1115552 Completed in 1ms
npm timing metavuln:load:security-advisory:picomatch:1115554 Completed in 1ms
npm timing metavuln:packument:shell-quote Completed in 3217ms
npm timing metavuln:load:security-advisory:shell-quote:1120422 Completed in 0ms
npm timing metavuln:load:security-advisory:shell-quote:1123944 Completed in 0ms
npm timing reifyNode:node_modules/@smithy/node-config-provider Completed in 3758ms
npm timing reifyNode:node_modules/@aws-sdk/util-user-agent-browser Completed in 3760ms
npm timing reifyNode:node_modules/@smithy/eventstream-serde-node/node_modules/@aws-crypto/crc32 Completed in 3765ms
npm timing metavuln:packument:lodash Completed in 3237ms
npm timing metavuln:load:security-advisory:lodash:1115806 Completed in 1ms
npm timing metavuln:load:security-advisory:lodash:1115810 Completed in 1ms
npm timing reifyNode:node_modules/@aws-sdk/middleware-eventstream Completed in 3778ms
npm timing metavuln:packument:path-to-regexp Completed in 3258ms
npm timing metavuln:load:security-advisory:path-to-regexp:1115527 Completed in 1ms
npm timing reifyNode:node_modules/@aws-sdk/credential-provider-process Completed in 3797ms
npm timing reifyNode:node_modules/@aws-sdk/credential-provider-node Completed in 3798ms
npm timing reifyNode:node_modules/@smithy/smithy-client/node_modules/@smithy/util-middleware Completed in 3801ms
npm timing reifyNode:node_modules/@smithy/smithy-client/node_modules/@smithy/abort-controller Completed in 3817ms
npm timing metavuln:packument:body-parser Completed in 3290ms
npm timing metavuln:load:security-advisory:body-parser:1123977 Completed in 1ms
npm timing reifyNode:node_modules/@smithy/signature-v4/node_modules/@smithy/util-uri-escape Completed in 3833ms
npm timing reifyNode:node_modules/@aws-crypto/sha256-js/node_modules/tslib Completed in 3836ms
npm timing reifyNode:node_modules/@aws-crypto/util/node_modules/tslib Completed in 3836ms
npm timing metavuln:packument:postcss-selector-parser Completed in 3320ms
npm timing metavuln:load:security-advisory:postcss-selector-parser:1153170 Completed in 1ms
npm timing reifyNode:node_modules/@smithy/smithy-client/node_modules/@smithy/middleware-stack Completed in 3863ms
npm timing reifyNode:node_modules/@smithy/signature-v4/node_modules/@smithy/util-middleware Completed in 3864ms
npm timing reifyNode:node_modules/react-xarrows Completed in 3873ms
npm timing reifyNode:node_modules/postcss/node_modules/nanoid Completed in 3879ms
npm timing reifyNode:node_modules/micromark-extension-gfm-table Completed in 3887ms
npm timing reifyNode:node_modules/@smithy/property-provider Completed in 3887ms
npm timing metavuln:packument:baseline-browser-mapping Completed in 3368ms
npm timing metavuln:load:security-advisory:baseline-browser-mapping:1193686 Completed in 2ms
npm timing metavuln:packument:nanoid Completed in 3370ms
npm timing metavuln:load:security-advisory:nanoid:1138810 Completed in 1ms
npm timing metavuln:load:security-advisory:nanoid:1138811 Completed in 1ms
npm timing metavuln:load:security-advisory:nanoid:1139427 Completed in 6ms
npm timing metavuln:load:security-advisory:nanoid:1153188 Completed in 1ms
npm timing metavuln:load:security-advisory:nanoid:1153189 Completed in 0ms
npm timing metavuln:packument:qs Completed in 3394ms
npm timing metavuln:load:security-advisory:qs:1158506 Completed in 1ms
npm timing metavuln:load:security-advisory:qs:1158507 Completed in 1ms
npm timing metavuln:load:security-advisory:qs:1119502 Completed in 1ms
npm timing reifyNode:node_modules/@aws-crypto/util Completed in 3953ms
npm timing reifyNode:node_modules/@aws-sdk/middleware-user-agent Completed in 3966ms
npm timing metavuln:packument:ws Completed in 3442ms
npm timing metavuln:load:security-advisory:ws:1119108 Completed in 2ms
npm timing metavuln:load:security-advisory:ws:1123259 Completed in 2ms
npm timing reifyNode:node_modules/@aws-sdk/util-user-agent-node Completed in 3987ms
npm timing reifyNode:node_modules/@smithy/util-base64 Completed in 4002ms
npm timing metavuln:packument:fast-xml-parser Completed in 3493ms
npm timing metavuln:load:security-advisory:fast-xml-parser:1117911 Completed in 2ms
npm timing metavuln:load:security-advisory:fast-xml-parser:1114153 Completed in 1ms
npm timing metavuln:load:security-advisory:fast-xml-parser:1115339 Completed in 2ms
npm timing metavuln:load:security-advisory:fast-xml-parser:1116307 Completed in 1ms
npm timing metavuln:cache:put:security-advisory:picomatch:2VXNT0aF/Oc+aljqzVZL+y7UYoRsun3f1sCqjauwt4R4X9DizyqvONZbNtH8U58EY1DnyPNR0Ul3cX6UkEWNqw== Completed in 283ms
npm timing metavuln:calculate:security-advisory:picomatch:1115551 Completed in 3498ms
npm timing metavuln:cache:put:security-advisory:shell-quote:fqAwyzKgzV507YkOCMmZ0MVsW2IyjhfI8EtMNNIlwDgmla1BR3N2YTYTeJUa4txJdmnx9t8pKKW5Gf1vJIY54A== Completed in 279ms
npm timing metavuln:calculate:security-advisory:shell-quote:1120422 Completed in 3497ms
npm timing metavuln:cache:put:security-advisory:picomatch:PpR3fLr2OHopA+LsAWF3etD15aOC+jSmDwUcp4VQCTrR40wKvI/IGhhNd2qAhozxRYiHGwb06lLJm+b8SMoG/w== Completed in 281ms
npm timing metavuln:calculate:security-advisory:picomatch:1115554 Completed in 3498ms
npm timing metavuln:cache:put:security-advisory:shell-quote:gWuMLxJrdB5cYYnXmLuPYjWBh9v3T6mAs/1n90qstizAjUwF6JtEegc7pxpOH6qZDJP592oeHHx4biyk4QlJHg== Completed in 280ms
npm timing metavuln:calculate:security-advisory:shell-quote:1123944 Completed in 3498ms
npm timing metavuln:cache:put:security-advisory:lodash:DNnxUw8Ep7p1YCAJl4A30HMQmsK3uaHxA5fhfuTpXJUBgCvmZbKGD7OWAcfQ2u+fc9lY6ap1BhHpARF9oEarxQ== Completed in 273ms
npm timing metavuln:calculate:security-advisory:lodash:1115806 Completed in 3511ms
npm timing reifyNode:node_modules/@jridgewell/sourcemap-codec Completed in 4049ms
npm timing metavuln:cache:put:security-advisory:path-to-regexp:MgjHwCEvzlLz9p6+Yk8DdZLdAuprFRwJM/BcLFKUnsW5C1PzGCjbdvhfzdrEOsmCJB7eOyV5TvQe+zy4C++sJQ== Completed in 265ms
npm timing metavuln:calculate:security-advisory:path-to-regexp:1115527 Completed in 3524ms
npm timing metavuln:cache:put:security-advisory:picomatch:H8EHkZXRRUdil3DyUl8tc8lCQUliQzjc5H5D4llqFojH152sBqO1suz3XiNiRQT++wJdWkgXe/zFc/Bbrrz6ng== Completed in 308ms
npm timing metavuln:calculate:security-advisory:picomatch:1115552 Completed in 3524ms
npm timing metavuln:cache:put:security-advisory:picomatch:GSQ5ghUF1JWDKMssoydWDVRebjlPePRwktLhrdWzXCq5xeBXdo4Cm9HGHnH2b6P1Nq93YjwPmimVjAx6kge32A== Completed in 310ms
npm timing metavuln:calculate:security-advisory:picomatch:1115549 Completed in 3524ms
npm timing reifyNode:node_modules/@aws-sdk/middleware-recursion-detection Completed in 4060ms
npm timing reifyNode:node_modules/@smithy/smithy-client/node_modules/@smithy/middleware-serde Completed in 4064ms
npm timing metavuln:cache:put:security-advisory:lodash:thshZSsl03tivWaq68PzU+tj1Rdgd6ZGN992B7QB+2oylByv6bvG8a/FXYANJwK5kybQ7+c0hg18JSj4gYikrg== Completed in 295ms
npm timing metavuln:calculate:security-advisory:lodash:1115810 Completed in 3535ms
npm timing metavuln:packument:browserslist Completed in 3538ms
npm timing metavuln:load:security-advisory:browserslist:1153171 Completed in 1ms
npm timing metavuln:load:security-advisory:browserslist:1153172 Completed in 1ms
npm timing reifyNode:node_modules/@aws-crypto/crc32 Completed in 4078ms
npm timing metavuln:cache:put:security-advisory:body-parser:pig1SyrSKsjwjwwwj/jcD4mcNcfTO4pdo3Rc4tPJdqhmmrNQQn7BKDC6fAaFHDO30oyQ3Itoq6p8rLy4sFuQDg== Completed in 265ms
npm timing metavuln:calculate:security-advisory:body-parser:1123977 Completed in 3556ms
npm timing reifyNode:node_modules/@aws-crypto/sha256-js Completed in 4093ms
npm timing reifyNode:node_modules/@aws-crypto/supports-web-crypto Completed in 4105ms
npm timing reifyNode:node_modules/iconv-lite Completed in 4120ms
npm timing reifyNode:node_modules/@nodelib/fs.scandir Completed in 4138ms
npm timing reifyNode:node_modules/@smithy/smithy-client/node_modules/@smithy/fetch-http-handler Completed in 4141ms
npm timing metavuln:cache:put:security-advisory:postcss-selector-parser:covT+MWoMY27HNo8VBw80yY9txe9EcZ0OTaXxzPnTvlgv/pmVZ5EoTwL+VQRgBrpLVxAWtUxZrw6bhMqh9EoHA== Completed in 291ms
npm timing metavuln:calculate:security-advisory:postcss-selector-parser:1153170 Completed in 3612ms
npm timing metavuln:cache:put:security-advisory:nanoid:7CuMCQNQDluhgPC1pp+hvzy4+gzi4PyWxYgA87C/ScAzcOr6G3VwnQz/mA5d5vm6mEjCf6uaR71mtl+N7qGgVg== Completed in 259ms
npm timing metavuln:calculate:security-advisory:nanoid:1138810 Completed in 3630ms
npm timing metavuln:cache:put:security-advisory:nanoid:0yzfm74h2ISPme4XQDESd3IOQg79zHFMhy6RZiujZnIoteqQ6dSyiH0qVBqCuUznMPosC/QFvQVHfbUpRCoxjQ== Completed in 249ms
npm timing metavuln:calculate:security-advisory:nanoid:1153189 Completed in 3630ms
npm timing metavuln:cache:put:security-advisory:nanoid:yj9sIlK+XqrJ/M3KiUWlrRltULANl6YBaCrFOOkhifbHZLeR6WWvNcg8TwCYDTU//Kh28X1uO1HTlx/lWbteSg== Completed in 249ms
npm timing metavuln:calculate:security-advisory:nanoid:1153188 Completed in 3630ms
npm timing metavuln:cache:put:security-advisory:nanoid:G4d3k7GgtTq4GBrwzQ8/x7W0iUhlZxJRv8ECCIxQ8EljG7i12UNClh6yRGwC76MzFuAF5klybdArzm40c5m6pg== Completed in 257ms
npm timing metavuln:calculate:security-advisory:nanoid:1138811 Completed in 3630ms
npm timing metavuln:cache:put:security-advisory:qs:yIOmIfyBVmc4/WIMgGjKfeJx3gCbSUYFP0hfNuRbeY9Cg35Qk+brHYCgLhVvSnrwBD4suH+6LO1UW/NiJlUASA== Completed in 249ms
npm timing metavuln:calculate:security-advisory:qs:1158506 Completed in 3644ms
npm timing metavuln:cache:put:security-advisory:qs:d8aA3MRUHa+nR6p36dDWdh9BwhbY3Ab8gcBS2sP0Jimkk/dzqKymXgU6A8cPdzE765SO0b2GGEOl3D6hJIniZQ== Completed in 248ms
npm timing metavuln:calculate:security-advisory:qs:1158507 Completed in 3644ms
npm timing metavuln:cache:put:security-advisory:qs:qvnFu5Nxt6nk4ZnzBM90Jkp6uhl+WmmOIhp+23qQRnTmnSs41hgsdsDx5uj/JdS2OgYbGnp6tGqfy7F4YN2CIQ== Completed in 248ms
npm timing metavuln:calculate:security-advisory:qs:1119502 Completed in 3645ms
npm timing metavuln:packument:@babel/core Completed in 3668ms
npm timing metavuln:load:security-advisory:@babel/core:1123528 Completed in 3ms
npm timing metavuln:packument:postcss Completed in 3671ms
npm timing metavuln:load:security-advisory:postcss:1130709 Completed in 1ms
npm timing metavuln:load:security-advisory:postcss:1117015 Completed in 1ms
npm timing metavuln:load:security-advisory:postcss:1124252 Completed in 5ms
npm timing metavuln:load:security-advisory:postcss:1139510 Completed in 1ms
npm timing reifyNode:node_modules/@aws-sdk/client-bedrock-runtime/node_modules/@smithy/eventstream-serde-node Completed in 4240ms
npm timing metavuln:cache:put:security-advisory:baseline-browser-mapping:19CNVb4Xa9j8tskjmac2L3l7Ab8xNBmfPNTfjbdzQA2Q1D6ZL2kqioPmLUNIiNnwlnmMHjIIXRjGBqxQig7fxQ== Completed in 340ms
npm timing metavuln:calculate:security-advisory:baseline-browser-mapping:1193686 Completed in 3710ms
npm timing metavuln:cache:put:security-advisory:nanoid:r+z+JMwVfhGHAr/0YAy6/3RrDzRoIYQ2AZVHMg9UDR0NJ2m9fi3DGObNE6EPq2ciL/QAojxEu2QsJ0Zzdynclg== Completed in 329ms
npm timing metavuln:calculate:security-advisory:nanoid:1139427 Completed in 3708ms
npm timing metavuln:cache:put:security-advisory:ws:riCaqXeEj3LGJHsuDUezanD1igwJ1gD5B0Z0jDf8slGSkFNcUxH/yz4/VwuWsi+XAx/SPZKMWI5kAltGWYRGUg== Completed in 264ms
npm timing metavuln:calculate:security-advisory:ws:1119108 Completed in 3708ms
npm timing reifyNode:node_modules/@jridgewell/remapping Completed in 4247ms
npm timing reifyNode:node_modules/@smithy/smithy-client/node_modules/@smithy/node-config-provider Completed in 4264ms
npm timing metavuln:cache:put:security-advisory:ws:FCiq93wPa5YIRoC+osxDM6AqlUQalSrMxM3xxzdzdy9dCvEbzaPVIuWaJi1l/8fX8Bq49JKEKJAZocgF236GuA== Completed in 287ms
npm timing metavuln:calculate:security-advisory:ws:1123259 Completed in 3733ms
npm timing reifyNode:node_modules/y-indexeddb Completed in 4275ms
npm timing reifyNode:node_modules/@smithy/eventstream-serde-node/node_modules/@aws-crypto/util Completed in 4278ms
npm timing metavuln:cache:put:security-advisory:fast-xml-parser:2izhh1Ae8dnxRZsjetPRnYS2MvYb/vopDuV6ItThlYoLAzHh41me6d+Vbp+DBrngDnNrbFyET8ZLnhZg9YUyKQ== Completed in 255ms
npm timing metavuln:calculate:security-advisory:fast-xml-parser:1117911 Completed in 3750ms
npm timing metavuln:cache:put:security-advisory:fast-xml-parser:uv4RAkUXlLE7xo8QPhefPrzmfAbbss1iZ+0jd263AvGZ5e5+xW+rqxvkD2Eh4nwE2uKzwzgIXY05u154tm4wtw== Completed in 252ms
npm timing metavuln:calculate:security-advisory:fast-xml-parser:1115339 Completed in 3749ms
npm timing metavuln:cache:put:security-advisory:fast-xml-parser:2KtE7vcqq3hGU1APrD4rNRzXUf0zCsJyJoD8XxMz5l7S3M2DYMuJpYMQVj5QDXZBmG9AEDZT1vwlAaw6NALpFg== Completed in 251ms
npm timing metavuln:calculate:security-advisory:fast-xml-parser:1116307 Completed in 3749ms
npm timing reifyNode:node_modules/y-protocols Completed in 4300ms
npm timing metavuln:cache:put:security-advisory:fast-xml-parser:KrzNg8kV6+FTprlXCVxrxwkcPF1lrRozY2eYlgtGNvSM7VdZyQa/TFrSXMdhXlEcdSzcGjccIukuu5hxHzTtUg== Completed in 278ms
npm timing metavuln:calculate:security-advisory:fast-xml-parser:1114153 Completed in 3773ms
npm timing metavuln:cache:put:security-advisory:browserslist:ULAud1QMToHkbNQC0AcNQyJjZkY2Vo+/0FVgNKWTDgdtaQD7Tu2AheO2PsVOVgTIV4gTPDHQ0KFy1SKwKqS0KQ== Completed in 244ms
npm timing metavuln:calculate:security-advisory:browserslist:1153172 Completed in 3786ms
npm timing reifyNode:node_modules/@aws-sdk/credential-provider-sso Completed in 4322ms
npm timing metavuln:cache:put:security-advisory:browserslist:M5C0SQI8ImNTQ1x5wnqTejDuc5aQLxTnbhFCGXJJW24JwYKY/Yt2adlRTIavYXbIxeerGyxs4Gr2zVYpp5FW+Q== Completed in 274ms
npm timing metavuln:calculate:security-advisory:browserslist:1153171 Completed in 3813ms
npm timing reifyNode:node_modules/@jridgewell/gen-mapping Completed in 4357ms
npm timing reifyNode:node_modules/@aws-sdk/xml-builder Completed in 4358ms
npm timing reifyNode:node_modules/@nodelib/fs.walk Completed in 4369ms
npm timing reifyNode:node_modules/@smithy/util-base64/node_modules/@smithy/util-utf8 Completed in 4372ms
npm timing reifyNode:node_modules/@smithy/util-stream/node_modules/@smithy/util-base64 Completed in 4383ms
npm timing reifyNode:node_modules/@smithy/smithy-client/node_modules/@smithy/util-utf8 Completed in 4394ms
npm timing metavuln:cache:put:security-advisory:@babel/core:BK5WvESYy/vgjcUft4JcSTLQxxgL/mf1Et8Scy27+RzP2WzIEH3zb0giRIc4oLAbTysjD9NgXInGBTuJPnQacg== Completed in 207ms
npm timing metavuln:calculate:security-advisory:@babel/core:1123528 Completed in 3878ms
npm timing metavuln:cache:put:security-advisory:postcss:CYQpgMxvTqXBVaZq1NAr4RIFkWLFCwyobLa0hEv7E4gMg411Yb94I7Uru51Ci3hUITmSGFK7DCDkX4TqzQYsaw== Completed in 193ms
npm timing metavuln:calculate:security-advisory:postcss:1139510 Completed in 3874ms
npm timing reifyNode:node_modules/postcss-selector-parser Completed in 4421ms
npm timing metavuln:cache:put:security-advisory:postcss:AESkqup7C9sLtHL0OzenAvihqmLzSTOW4+0zIkCCeUjI0qvgEu/UCFfVCIlWzUpfDq20KxUSH5Ru8h4LoxJKRA== Completed in 222ms
npm timing metavuln:calculate:security-advisory:postcss:1130709 Completed in 3894ms
npm timing metavuln:cache:put:security-advisory:postcss:685RVq5xScaqegAXk2BRJrsMaZmsz1d/volUoA67iVw3AvHhUlX03u+VPRrmo8iuObcSDvuZF+fuiOnLC9L1uA== Completed in 220ms
npm timing metavuln:calculate:security-advisory:postcss:1117015 Completed in 3894ms
npm timing metavuln:cache:put:security-advisory:postcss:vffDf5zeMAO2NG2g47VKaOSrYbOxy9RP7hONH+CZvut446KUCIkc3Fp1vXR3T1gMxB3d9F68wTGe2BUQF6ut/w== Completed in 214ms
npm timing metavuln:calculate:security-advisory:postcss:1124252 Completed in 3894ms
npm timing reifyNode:node_modules/@smithy/signature-v4/node_modules/@smithy/util-utf8 Completed in 4434ms
npm timing reifyNode:node_modules/@smithy/util-retry Completed in 4441ms
npm timing reifyNode:node_modules/@aws-sdk/region-config-resolver Completed in 4441ms
npm timing reifyNode:node_modules/@smithy/fetch-http-handler/node_modules/@smithy/util-base64 Completed in 4496ms
npm timing reifyNode:node_modules/@smithy/core/node_modules/@smithy/util-base64 Completed in 4526ms
npm timing metavuln:packument:esbuild Completed in 4020ms
npm timing metavuln:load:security-advisory:esbuild:1102341 Completed in 2ms
npm timing metavuln:load:security-advisory:esbuild:1120680 Completed in 2ms
npm timing reifyNode:node_modules/@smithy/smithy-client/node_modules/@smithy/property-provider Completed in 4565ms
npm timing reifyNode:node_modules/@aws-sdk/nested-clients/node_modules/@smithy/util-base64 Completed in 4565ms
npm timing reifyNode:node_modules/@aws-sdk/nested-clients/node_modules/@aws-crypto/util/node_modules/@smithy/util-utf8 Completed in 4578ms
npm timing reifyNode:node_modules/@aws-sdk/middleware-websocket/node_modules/@smithy/util-base64 Completed in 4587ms
npm timing reifyNode:node_modules/@aws-sdk/core/node_modules/@smithy/util-base64 Completed in 4632ms
npm timing reifyNode:node_modules/@aws-sdk/credential-provider-ini Completed in 4636ms
npm timing reifyNode:node_modules/@aws-sdk/client-cognito-identity/node_modules/@aws-crypto/util/node_modules/@smithy/util-utf8 Completed in 4642ms
npm timing reifyNode:node_modules/@aws-sdk/client-bedrock-runtime/node_modules/@aws-crypto/util/node_modules/@smithy/util-utf8 Completed in 4661ms
npm timing reifyNode:node_modules/@aws-crypto/crc32/node_modules/@smithy/util-utf8 Completed in 4661ms
npm timing reifyNode:node_modules/@aws-sdk/client-cognito-identity/node_modules/@smithy/util-base64 Completed in 4670ms
npm timing reifyNode:node_modules/@aws-sdk/client-bedrock-runtime/node_modules/@smithy/util-base64 Completed in 4670ms
npm timing reifyNode:node_modules/@aws-crypto/sha256-browser/node_modules/@smithy/util-utf8 Completed in 4670ms
npm timing reifyNode:node_modules/postcss Completed in 4685ms
npm timing reifyNode:node_modules/@aws-sdk/token-providers Completed in 4693ms
npm timing reifyNode:node_modules/jiti Completed in 4704ms
npm timing reifyNode:node_modules/@smithy/smithy-client/node_modules/@smithy/util-stream Completed in 4705ms
npm timing metavuln:cache:put:security-advisory:esbuild:jKdCIzePj7J1488qgRXvF8Srh9wutSuR1exB8YooNX62hT+qhtrUXYbArLNoIhgwbaCqKpmduh18syZU7BR9SA== Completed in 164ms
npm timing metavuln:calculate:security-advisory:esbuild:1102341 Completed in 4187ms
npm timing reifyNode:node_modules/@aws-sdk/credential-provider-cognito-identity Completed in 4723ms
npm timing metavuln:cache:put:security-advisory:esbuild:mmDbmXeify80UdRagFfITBhG3xHP4llbx8MchwTjBL3g0WFb/cK8N40wL0tjqR9NE2gMLzj7SHOX2g2NoW8+ew== Completed in 181ms
npm timing metavuln:calculate:security-advisory:esbuild:1120680 Completed in 4207ms
npm timing reifyNode:node_modules/y-webrtc Completed in 4753ms
npm timing reifyNode:node_modules/@smithy/eventstream-codec Completed in 4759ms
npm timing reifyNode:node_modules/@smithy/eventstream-serde-node/node_modules/@smithy/eventstream-serde-universal Completed in 4784ms
npm timing reifyNode:node_modules/@smithy/util-defaults-mode-node/node_modules/@smithy/protocol-http Completed in 4818ms
npm timing reifyNode:node_modules/tsx Completed in 4826ms
npm timing reifyNode:node_modules/@smithy/protocol-http Completed in 4825ms
npm timing reifyNode:node_modules/@smithy/util-defaults-mode-browser/node_modules/@smithy/protocol-http Completed in 4826ms
npm timing reifyNode:node_modules/@babel/parser Completed in 4833ms
npm timing reifyNode:node_modules/@rollup/rollup-linux-x64-gnu Completed in 4840ms
npm timing reifyNode:node_modules/@smithy/node-http-handler/node_modules/@smithy/protocol-http Completed in 4873ms
npm timing reifyNode:node_modules/@rollup/rollup-linux-x64-musl Completed in 4877ms
npm timing reifyNode:node_modules/@smithy/middleware-serde/node_modules/@smithy/protocol-http Completed in 4879ms
npm timing reifyNode:node_modules/@smithy/fetch-http-handler/node_modules/@smithy/protocol-http Completed in 4887ms
npm timing reifyNode:node_modules/@smithy/middleware-retry/node_modules/@smithy/protocol-http Completed in 4887ms
npm timing reifyNode:node_modules/@smithy/middleware-content-length/node_modules/@smithy/protocol-http Completed in 4902ms
npm timing reifyNode:node_modules/@jridgewell/trace-mapping Completed in 4907ms
npm timing reifyNode:node_modules/@smithy/core/node_modules/@smithy/protocol-http Completed in 4909ms
npm timing reifyNode:node_modules/@aws-sdk/middleware-websocket Completed in 4914ms
npm timing reifyNode:node_modules/@aws-sdk/nested-clients/node_modules/@smithy/protocol-http Completed in 4948ms
npm timing reifyNode:node_modules/@aws-sdk/middleware-host-header/node_modules/@smithy/protocol-http Completed in 4956ms
npm timing reifyNode:node_modules/@aws-sdk/middleware-user-agent/node_modules/@smithy/protocol-http Completed in 4963ms
npm timing reifyNode:node_modules/@aws-sdk/middleware-websocket/node_modules/@smithy/protocol-http Completed in 4964ms
npm timing reifyNode:node_modules/@aws-sdk/middleware-recursion-detection/node_modules/@smithy/protocol-http Completed in 4964ms
npm timing reifyNode:node_modules/@aws-sdk/middleware-eventstream/node_modules/@smithy/protocol-http Completed in 4964ms
npm timing reifyNode:node_modules/@aws-sdk/credential-provider-login/node_modules/@smithy/protocol-http Completed in 4964ms
npm timing reifyNode:node_modules/@smithy/middleware-retry Completed in 4968ms
npm timing reifyNode:node_modules/@aws-sdk/credential-provider-http/node_modules/@smithy/protocol-http Completed in 4977ms
npm timing reifyNode:node_modules/@aws-sdk/core/node_modules/@smithy/protocol-http Completed in 4987ms
npm timing reifyNode:node_modules/property-information Completed in 4992ms
npm timing reifyNode:node_modules/@aws-sdk/credential-provider-http Completed in 5007ms
npm timing reifyNode:node_modules/@aws-sdk/client-cognito-identity/node_modules/@smithy/protocol-http Completed in 5010ms
npm timing reifyNode:node_modules/@aws-sdk/client-bedrock-runtime/node_modules/@smithy/protocol-http Completed in 5010ms
npm timing reifyNode:node_modules/@aws-crypto/sha256-browser Completed in 5096ms
npm timing reifyNode:node_modules/@smithy/signature-v4 Completed in 5179ms
npm timing reifyNode:node_modules/@smithy/eventstream-serde-node/node_modules/@smithy/eventstream-codec Completed in 5243ms
npm timing reifyNode:node_modules/yargs Completed in 5250ms
npm timing reifyNode:node_modules/@smithy/shared-ini-file-loader Completed in 5254ms
npm timing reifyNode:node_modules/@aws-sdk/nested-clients/node_modules/@aws-crypto/util Completed in 5254ms
npm timing reifyNode:node_modules/@smithy/node-http-handler Completed in 5301ms
npm timing reifyNode:node_modules/@aws-sdk/client-bedrock-runtime/node_modules/@aws-crypto/util Completed in 5318ms
npm timing reifyNode:node_modules/@aws-sdk/middleware-websocket/node_modules/@smithy/signature-v4 Completed in 5323ms
npm timing reifyNode:node_modules/@aws-sdk/client-cognito-identity/node_modules/@aws-crypto/util Completed in 5324ms
npm timing reifyNode:node_modules/@aws-crypto/sha256-browser/node_modules/@aws-crypto/util Completed in 5324ms
npm timing reifyNode:node_modules/@aws-crypto/crc32/node_modules/@aws-crypto/util Completed in 5327ms
npm timing metavuln:packument:vite Completed in 4808ms
npm timing metavuln:load:security-advisory:vite:1120784 Completed in 10ms
npm timing metavuln:load:security-advisory:vite:1116229 Completed in 6ms
npm timing metavuln:load:security-advisory:vite:1123525 Completed in 10ms
npm timing reifyNode:node_modules/@aws-sdk/core/node_modules/@smithy/signature-v4 Completed in 5375ms
npm timing reifyNode:node_modules/@aws-sdk/nested-clients/node_modules/@aws-crypto/sha256-js Completed in 5386ms
npm timing reifyNode:node_modules/@aws-sdk/client-cognito-identity/node_modules/@aws-crypto/sha256-js Completed in 5420ms
npm timing reifyNode:node_modules/@aws-sdk/client-bedrock-runtime/node_modules/@aws-crypto/sha256-js Completed in 5434ms
npm timing reifyNode:node_modules/@smithy/middleware-endpoint Completed in 5436ms
npm timing reifyNode:node_modules/@aws-crypto/sha256-browser/node_modules/@aws-crypto/sha256-js Completed in 5446ms
npm timing metavuln:cache:put:security-advisory:vite:CReXW7o3cJZ0aN4nhg/gRV1E8OPJ2SoGmmUw6lY2bLjCfF70z3PbDKbutfCbWYbBHkeQ6W4F2IxffSmtDjtaNw== Completed in 117ms
npm timing metavuln:calculate:security-advisory:vite:1120784 Completed in 4935ms
npm timing metavuln:cache:put:security-advisory:vite:I1BdsVrQ8+F0Nz5pjiEY7gYSFBzvKNwOR8nQyg9euOprN34SC4VipJH1GMc8WCRl+e0xZWGr2QiYwiNwqO4gag== Completed in 111ms
npm timing metavuln:calculate:security-advisory:vite:1116229 Completed in 4936ms
npm timing metavuln:cache:put:security-advisory:vite:eMMc8JhNvO5glHecr/Tzj6irpQ2XClO6WLy0eMQ1runry3c/+QJOQWsEHiljttVj4U5BjLuVLZPqZyDVgTsriA== Completed in 115ms
npm timing metavuln:calculate:security-advisory:vite:1123525 Completed in 4951ms
npm timing reifyNode:node_modules/@babel/generator Completed in 5493ms
npm timing metavuln:packument:rollup Completed in 4978ms
npm timing metavuln:load:security-advisory:rollup:1113515 Completed in 6ms
npm timing reifyNode:node_modules/@smithy/smithy-client/node_modules/@smithy/shared-ini-file-loader Completed in 5590ms
npm timing reifyNode:node_modules/rollup Completed in 5606ms
npm timing reifyNode:node_modules/fast-glob Completed in 5607ms
npm timing metavuln:cache:put:security-advisory:rollup:j57+QiunRUdD0cUD+SOC+z9ahAKAX/ORqNrS8xn5EMmMoVNjDT6jDQ8+1zJZRvVKgeAjbBSmjAgyimjwq9Hhfg== Completed in 97ms
npm timing metavuln:calculate:security-advisory:rollup:1113515 Completed in 5081ms
npm timing metavuln:cache:get:security-advisory:@babel/helper-module-transforms:dSDxgM5vnKTPTyAYUsg8y+f+dNHh2uO0+9sbC/LvVCOcaKzxMfxhZQ7uE1YWhbbaNzd7WsiS75udZ9sgkBMwhQ== Completed in 7ms
npm timing metavuln:cache:get:security-advisory:@babel/plugin-transform-react-jsx-self:rzULcCArVWh0vx3RgXa8GatSe29884OyoGIm43/NohKsRa/ilpELfbkfhOF4PvYaIyVPx2t+EPERmiJxMYEHSg== Completed in 6ms
npm timing metavuln:cache:get:security-advisory:@babel/plugin-transform-react-jsx-source:/Z6xGZAksmPDmAj1J+rBQty3buSJxHljxtUtYqdF7Je1PTkFBoIti9KIazutbnopSddyGEG4uskT1PlegCDd+g== Completed in 6ms
npm timing metavuln:cache:get:security-advisory:@vitejs/plugin-react:428YNbkp1UfL+Q9DPzp6XPak2FIl98AgwXCUC2OyzUJX7hKlYAPFxlH/JZ9TfGx4I5yUff+jzNX0hgdqtlIBuw== Completed in 6ms
npm timing reifyNode:node_modules/@smithy/credential-provider-imds Completed in 5644ms
npm timing reifyNode:node_modules/@types/node Completed in 5650ms
npm timing reifyNode:node_modules/fast-xml-parser Completed in 5746ms
npm timing reifyNode:node_modules/@smithy/smithy-client/node_modules/@smithy/node-http-handler Completed in 5747ms
npm timing reifyNode:node_modules/@smithy/util-stream Completed in 5756ms
npm timing reifyNode:node_modules/@aws-sdk/credential-providers Completed in 5799ms
npm timing metavuln:packument:@babel/plugin-transform-react-jsx-source Completed in 187ms
npm timing metavuln:load:security-advisory:@babel/plugin-transform-react-jsx-source:BK5WvESYy/vgjcUft4JcSTLQxxgL/mf1Et8Scy27+RzP2WzIEH3zb0giRIc4oLAbTysjD9NgXInGBTuJPnQacg== Completed in 15ms
npm timing metavuln:packument:@babel/plugin-transform-react-jsx-self Completed in 203ms
npm timing metavuln:load:security-advisory:@babel/plugin-transform-react-jsx-self:BK5WvESYy/vgjcUft4JcSTLQxxgL/mf1Et8Scy27+RzP2WzIEH3zb0giRIc4oLAbTysjD9NgXInGBTuJPnQacg== Completed in 1ms
npm timing reifyNode:node_modules/@smithy/smithy-client/node_modules/@smithy/middleware-endpoint Completed in 5834ms
npm timing reifyNode:node_modules/@aws-sdk/util-endpoints Completed in 5848ms
npm timing metavuln:packument:@vitejs/plugin-react Completed in 242ms
npm timing metavuln:load:security-advisory:@vitejs/plugin-react:BK5WvESYy/vgjcUft4JcSTLQxxgL/mf1Et8Scy27+RzP2WzIEH3zb0giRIc4oLAbTysjD9NgXInGBTuJPnQacg== Completed in 12ms
npm timing metavuln:packument:@babel/helper-module-transforms Completed in 263ms
npm timing metavuln:load:security-advisory:@babel/helper-module-transforms:BK5WvESYy/vgjcUft4JcSTLQxxgL/mf1Et8Scy27+RzP2WzIEH3zb0giRIc4oLAbTysjD9NgXInGBTuJPnQacg== Completed in 2ms
npm timing reifyNode:node_modules/concurrently Completed in 5888ms
npm timing reifyNode:node_modules/micromark Completed in 5894ms
npm timing metavuln:cache:put:security-advisory:@babel/plugin-transform-react-jsx-self:rzULcCArVWh0vx3RgXa8GatSe29884OyoGIm43/NohKsRa/ilpELfbkfhOF4PvYaIyVPx2t+EPERmiJxMYEHSg== Completed in 108ms
npm timing metavuln:calculate:security-advisory:@babel/plugin-transform-react-jsx-self:BK5WvESYy/vgjcUft4JcSTLQxxgL/mf1Et8Scy27+RzP2WzIEH3zb0giRIc4oLAbTysjD9NgXInGBTuJPnQacg== Completed in 312ms
npm timing metavuln:cache:put:security-advisory:@babel/plugin-transform-react-jsx-source:/Z6xGZAksmPDmAj1J+rBQty3buSJxHljxtUtYqdF7Je1PTkFBoIti9KIazutbnopSddyGEG4uskT1PlegCDd+g== Completed in 120ms
npm timing metavuln:calculate:security-advisory:@babel/plugin-transform-react-jsx-source:BK5WvESYy/vgjcUft4JcSTLQxxgL/mf1Et8Scy27+RzP2WzIEH3zb0giRIc4oLAbTysjD9NgXInGBTuJPnQacg== Completed in 322ms
npm timing metavuln:cache:put:security-advisory:@vitejs/plugin-react:428YNbkp1UfL+Q9DPzp6XPak2FIl98AgwXCUC2OyzUJX7hKlYAPFxlH/JZ9TfGx4I5yUff+jzNX0hgdqtlIBuw== Completed in 89ms
npm timing metavuln:calculate:security-advisory:@vitejs/plugin-react:BK5WvESYy/vgjcUft4JcSTLQxxgL/mf1Et8Scy27+RzP2WzIEH3zb0giRIc4oLAbTysjD9NgXInGBTuJPnQacg== Completed in 343ms
npm timing metavuln:cache:put:security-advisory:@babel/helper-module-transforms:dSDxgM5vnKTPTyAYUsg8y+f+dNHh2uO0+9sbC/LvVCOcaKzxMfxhZQ7uE1YWhbbaNzd7WsiS75udZ9sgkBMwhQ== Completed in 83ms
npm timing metavuln:calculate:security-advisory:@babel/helper-module-transforms:BK5WvESYy/vgjcUft4JcSTLQxxgL/mf1Et8Scy27+RzP2WzIEH3zb0giRIc4oLAbTysjD9NgXInGBTuJPnQacg== Completed in 349ms
npm timing metavuln:cache:get:security-advisory:browserslist:0UDOWJTbta7Bapd5uVhs6TdTeVtg7qpg4j+JF/BQR+c0IkJrcq4Pk2PoSqpKzpbgsrxQkZ20RByWsUw/GiD/1A== Completed in 5ms
npm timing metavuln:load:security-advisory:browserslist:19CNVb4Xa9j8tskjmac2L3l7Ab8xNBmfPNTfjbdzQA2Q1D6ZL2kqioPmLUNIiNnwlnmMHjIIXRjGBqxQig7fxQ== Completed in 4ms
npm timing reifyNode:node_modules/vite Completed in 6007ms
npm timing reifyNode:node_modules/@smithy/util-defaults-mode-node/node_modules/@smithy/smithy-client Completed in 6032ms
npm timing reifyNode:node_modules/@smithy/util-defaults-mode-browser/node_modules/@smithy/smithy-client Completed in 6033ms
npm timing metavuln:cache:put:security-advisory:browserslist:0UDOWJTbta7Bapd5uVhs6TdTeVtg7qpg4j+JF/BQR+c0IkJrcq4Pk2PoSqpKzpbgsrxQkZ20RByWsUw/GiD/1A== Completed in 89ms
npm timing metavuln:calculate:security-advisory:browserslist:19CNVb4Xa9j8tskjmac2L3l7Ab8xNBmfPNTfjbdzQA2Q1D6ZL2kqioPmLUNIiNnwlnmMHjIIXRjGBqxQig7fxQ== Completed in 98ms
npm timing metavuln:cache:get:security-advisory:express:uYweQZJrzHqFLWrgN/fzET7ZS/ExJNOtjKfhPRnZqEoPxRdT+XltnvMhZuE8SWSHEjEC9nrk2rtf/sDLZyYP0g== Completed in 6ms
npm timing reifyNode:node_modules/@smithy/middleware-retry/node_modules/@smithy/smithy-client Completed in 6106ms
npm timing reifyNode:node_modules/@aws-sdk/nested-clients/node_modules/@smithy/smithy-client Completed in 6118ms
npm timing reifyNode:node_modules/@aws-sdk/credential-provider-http/node_modules/@smithy/smithy-client Completed in 6137ms
npm timing reifyNode:node_modules/@aws-sdk/core/node_modules/@smithy/smithy-client Completed in 6142ms
npm timing reifyNode:node_modules/@aws-sdk/client-cognito-identity/node_modules/@smithy/smithy-client Completed in 6158ms
npm timing reifyNode:node_modules/@aws-sdk/client-bedrock-runtime/node_modules/@smithy/smithy-client Completed in 6159ms
npm timing reifyNode:node_modules/react-dom Completed in 6226ms
npm timing reifyNode:node_modules/autoprefixer Completed in 6244ms
npm timing reifyNode:node_modules/@babel/traverse Completed in 6301ms
npm timing reifyNode:node_modules/mdast-util-to-hast Completed in 6308ms
npm timing metavuln:packument:express Completed in 249ms
npm timing metavuln:load:security-advisory:express:pig1SyrSKsjwjwwwj/jcD4mcNcfTO4pdo3Rc4tPJdqhmmrNQQn7BKDC6fAaFHDO30oyQ3Itoq6p8rLy4sFuQDg== Completed in 4ms
npm timing reifyNode:node_modules/@smithy/config-resolver Completed in 6351ms
npm timing metavuln:cache:put:security-advisory:express:uYweQZJrzHqFLWrgN/fzET7ZS/ExJNOtjKfhPRnZqEoPxRdT+XltnvMhZuE8SWSHEjEC9nrk2rtf/sDLZyYP0g== Completed in 77ms
npm timing metavuln:calculate:security-advisory:express:pig1SyrSKsjwjwwwj/jcD4mcNcfTO4pdo3Rc4tPJdqhmmrNQQn7BKDC6fAaFHDO30oyQ3Itoq6p8rLy4sFuQDg== Completed in 330ms
npm timing metavuln:cache:get:security-advisory:@babel/helper-compilation-targets:riQhmP+rLvJYaWc5PTIKmy108lLBLFM+RLnhd5t6EnJMxnCXrDJKr6QTzH+Oj9bWnyGof39x3k+00rt7ORIjwQ== Completed in 6ms
npm timing metavuln:cache:get:security-advisory:autoprefixer:YeFB6eGKjvwOysPRI3osIhUo7WyLb16DoA74Fd1OFs02SXE4U2pwap/h7+A4tnfZFnc+UvKdl2XeFJKr4Lg25w== Completed in 5ms
npm timing metavuln:cache:get:security-advisory:update-browserslist-db:J3J93mJPuzzlBa/O0x5UwGh/0gkpQsk2POIW4IhkDizNgWaKRah62CnbqRBytBMp/kXblxCwsCSOZXFwBcX4pQ== Completed in 5ms
npm timing reifyNode:node_modules/@smithy/smithy-client Completed in 6406ms
npm timing metavuln:packument:update-browserslist-db Completed in 126ms
npm timing metavuln:load:security-advisory:update-browserslist-db:M5C0SQI8ImNTQ1x5wnqTejDuc5aQLxTnbhFCGXJJW24JwYKY/Yt2adlRTIavYXbIxeerGyxs4Gr2zVYpp5FW+Q== Completed in 1ms
npm timing metavuln:packument:@babel/helper-compilation-targets Completed in 161ms
npm timing metavuln:load:security-advisory:@babel/helper-compilation-targets:M5C0SQI8ImNTQ1x5wnqTejDuc5aQLxTnbhFCGXJJW24JwYKY/Yt2adlRTIavYXbIxeerGyxs4Gr2zVYpp5FW+Q== Completed in 5ms
npm timing metavuln:cache:put:security-advisory:update-browserslist-db:J3J93mJPuzzlBa/O0x5UwGh/0gkpQsk2POIW4IhkDizNgWaKRah62CnbqRBytBMp/kXblxCwsCSOZXFwBcX4pQ== Completed in 95ms
npm timing metavuln:calculate:security-advisory:update-browserslist-db:M5C0SQI8ImNTQ1x5wnqTejDuc5aQLxTnbhFCGXJJW24JwYKY/Yt2adlRTIavYXbIxeerGyxs4Gr2zVYpp5FW+Q== Completed in 222ms
npm timing metavuln:cache:put:security-advisory:@babel/helper-compilation-targets:riQhmP+rLvJYaWc5PTIKmy108lLBLFM+RLnhd5t6EnJMxnCXrDJKr6QTzH+Oj9bWnyGof39x3k+00rt7ORIjwQ== Completed in 87ms
npm timing metavuln:calculate:security-advisory:@babel/helper-compilation-targets:M5C0SQI8ImNTQ1x5wnqTejDuc5aQLxTnbhFCGXJJW24JwYKY/Yt2adlRTIavYXbIxeerGyxs4Gr2zVYpp5FW+Q== Completed in 254ms
npm timing metavuln:packument:autoprefixer Completed in 256ms
npm timing metavuln:load:security-advisory:autoprefixer:M5C0SQI8ImNTQ1x5wnqTejDuc5aQLxTnbhFCGXJJW24JwYKY/Yt2adlRTIavYXbIxeerGyxs4Gr2zVYpp5FW+Q== Completed in 28ms
npm timing reifyNode:node_modules/resolve Completed in 6726ms
npm timing metavuln:cache:put:security-advisory:autoprefixer:YeFB6eGKjvwOysPRI3osIhUo7WyLb16DoA74Fd1OFs02SXE4U2pwap/h7+A4tnfZFnc+UvKdl2XeFJKr4Lg25w== Completed in 83ms
npm timing metavuln:calculate:security-advisory:autoprefixer:M5C0SQI8ImNTQ1x5wnqTejDuc5aQLxTnbhFCGXJJW24JwYKY/Yt2adlRTIavYXbIxeerGyxs4Gr2zVYpp5FW+Q== Completed in 367ms
npm timing metavuln:cache:get:security-advisory:vite:tMBsdAS7JBTyRORp0YaJR984WAAsOxgmReSLBN0Nd41GhzEakjROICqAJ31iOdYG5Ijo/MlJ01p3ig1iN88+Tw== Completed in 6ms
npm timing metavuln:load:security-advisory:vite:jKdCIzePj7J1488qgRXvF8Srh9wutSuR1exB8YooNX62hT+qhtrUXYbArLNoIhgwbaCqKpmduh18syZU7BR9SA== Completed in 49ms
npm timing metavuln:cache:put:security-advisory:vite:tMBsdAS7JBTyRORp0YaJR984WAAsOxgmReSLBN0Nd41GhzEakjROICqAJ31iOdYG5Ijo/MlJ01p3ig1iN88+Tw== Completed in 82ms
npm timing metavuln:calculate:security-advisory:vite:jKdCIzePj7J1488qgRXvF8Srh9wutSuR1exB8YooNX62hT+qhtrUXYbArLNoIhgwbaCqKpmduh18syZU7BR9SA== Completed in 137ms
npm timing metavuln:cache:get:security-advisory:tsx:ZM+I5Api23XhiK+wfkOz2ZWkzUT9JhigzEwe+x/+qhGb90og/dTL1YZNs+M+vfp8eKMVTWkfN5/rdZwbW83YNg== Completed in 5ms
npm timing reifyNode:node_modules/zustand Completed in 6918ms
npm timing reifyNode:node_modules/@aws-sdk/types Completed in 6950ms
npm timing metavuln:packument:tsx Completed in 156ms
npm timing metavuln:load:security-advisory:tsx:mmDbmXeify80UdRagFfITBhG3xHP4llbx8MchwTjBL3g0WFb/cK8N40wL0tjqR9NE2gMLzj7SHOX2g2NoW8+ew== Completed in 7ms
npm timing reifyNode:node_modules/ts-algebra Completed in 7075ms
npm timing metavuln:cache:put:security-advisory:tsx:ZM+I5Api23XhiK+wfkOz2ZWkzUT9JhigzEwe+x/+qhGb90og/dTL1YZNs+M+vfp8eKMVTWkfN5/rdZwbW83YNg== Completed in 66ms
npm timing metavuln:calculate:security-advisory:tsx:mmDbmXeify80UdRagFfITBhG3xHP4llbx8MchwTjBL3g0WFb/cK8N40wL0tjqR9NE2gMLzj7SHOX2g2NoW8+ew== Completed in 229ms
npm timing metavuln:cache:get:security-advisory:@aws-sdk/xml-builder:Kg1kRIm7D+751sTHjIJpyh+JdbnHCVBvXJWeLP8wVdUH1dLan1bNSyk3EilA9J4xBZtD14cl+/tsXIkqq98j5A== Completed in 5ms
npm timing reifyNode:node_modules/micromark-core-commonmark Completed in 7146ms
npm timing metavuln:packument:@aws-sdk/xml-builder Completed in 163ms
npm timing metavuln:load:security-advisory:@aws-sdk/xml-builder:2izhh1Ae8dnxRZsjetPRnYS2MvYb/vopDuV6ItThlYoLAzHh41me6d+Vbp+DBrngDnNrbFyET8ZLnhZg9YUyKQ== Completed in 3ms
npm timing metavuln:cache:put:security-advisory:@aws-sdk/xml-builder:Kg1kRIm7D+751sTHjIJpyh+JdbnHCVBvXJWeLP8wVdUH1dLan1bNSyk3EilA9J4xBZtD14cl+/tsXIkqq98j5A== Completed in 72ms
npm timing metavuln:calculate:security-advisory:@aws-sdk/xml-builder:2izhh1Ae8dnxRZsjetPRnYS2MvYb/vopDuV6ItThlYoLAzHh41me6d+Vbp+DBrngDnNrbFyET8ZLnhZg9YUyKQ== Completed in 239ms
npm timing metavuln:cache:get:security-advisory:concurrently:InJSBW0mRxX9je/vLlT2pyCmmYIh/x08SFxnI47HCthQSf5Gj14zTJX5XgGmnm2aE7TrE4ZYdSC5+dKXB54MnQ== Completed in 6ms
npm timing metavuln:cache:get:security-advisory:react-xarrows:8NXQKP+uDbwujSoBTplEIGcqxe2pQ84pQaeuTlTPwXbV+UYqvypYhskn/IiX9N6Q71/mfwoItnyZh+WVD7XvYw== Completed in 5ms
npm timing reifyNode:node_modules/@aws-sdk/client-bedrock-runtime Completed in 7493ms
npm timing metavuln:packument:react-xarrows Completed in 144ms
npm timing metavuln:load:security-advisory:react-xarrows:DNnxUw8Ep7p1YCAJl4A30HMQmsK3uaHxA5fhfuTpXJUBgCvmZbKGD7OWAcfQ2u+fc9lY6ap1BhHpARF9oEarxQ== Completed in 0ms
npm timing metavuln:packument:concurrently Completed in 158ms
npm timing metavuln:load:security-advisory:concurrently:DNnxUw8Ep7p1YCAJl4A30HMQmsK3uaHxA5fhfuTpXJUBgCvmZbKGD7OWAcfQ2u+fc9lY6ap1BhHpARF9oEarxQ== Completed in 2ms
npm timing metavuln:cache:put:security-advisory:react-xarrows:8NXQKP+uDbwujSoBTplEIGcqxe2pQ84pQaeuTlTPwXbV+UYqvypYhskn/IiX9N6Q71/mfwoItnyZh+WVD7XvYw== Completed in 97ms
npm timing metavuln:calculate:security-advisory:react-xarrows:DNnxUw8Ep7p1YCAJl4A30HMQmsK3uaHxA5fhfuTpXJUBgCvmZbKGD7OWAcfQ2u+fc9lY6ap1BhHpARF9oEarxQ== Completed in 241ms
npm timing metavuln:cache:put:security-advisory:concurrently:InJSBW0mRxX9je/vLlT2pyCmmYIh/x08SFxnI47HCthQSf5Gj14zTJX5XgGmnm2aE7TrE4ZYdSC5+dKXB54MnQ== Completed in 91ms
npm timing metavuln:calculate:security-advisory:concurrently:DNnxUw8Ep7p1YCAJl4A30HMQmsK3uaHxA5fhfuTpXJUBgCvmZbKGD7OWAcfQ2u+fc9lY6ap1BhHpARF9oEarxQ== Completed in 251ms
npm timing metavuln:cache:get:security-advisory:postcss:YBfeyDPflgmV1VLpFMWwmJOBdknyfVaqmuczQ5eLB+X+h/OZoQIwxgTibSchQjDmj6xXkd8gsRyU6MXOwiCi3g== Completed in 5ms
npm timing metavuln:load:security-advisory:postcss:G4d3k7GgtTq4GBrwzQ8/x7W0iUhlZxJRv8ECCIxQ8EljG7i12UNClh6yRGwC76MzFuAF5klybdArzm40c5m6pg== Completed in 12ms
npm timing metavuln:cache:put:security-advisory:postcss:YBfeyDPflgmV1VLpFMWwmJOBdknyfVaqmuczQ5eLB+X+h/OZoQIwxgTibSchQjDmj6xXkd8gsRyU6MXOwiCi3g== Completed in 67ms
npm timing metavuln:calculate:security-advisory:postcss:G4d3k7GgtTq4GBrwzQ8/x7W0iUhlZxJRv8ECCIxQ8EljG7i12UNClh6yRGwC76MzFuAF5klybdArzm40c5m6pg== Completed in 85ms
npm timing metavuln:cache:get:security-advisory:express:jDqZejHDGpsT112hJSvxQQ1A0teFqovvvxTAeepcEiijEn1yTlMMVXhcCJwTipS1Zn3FowB9Nv2mk4kUNVslIw== Completed in 4ms
npm timing metavuln:load:security-advisory:express:MgjHwCEvzlLz9p6+Yk8DdZLdAuprFRwJM/BcLFKUnsW5C1PzGCjbdvhfzdrEOsmCJB7eOyV5TvQe+zy4C++sJQ== Completed in 5ms
npm timing metavuln:cache:put:security-advisory:express:jDqZejHDGpsT112hJSvxQQ1A0teFqovvvxTAeepcEiijEn1yTlMMVXhcCJwTipS1Zn3FowB9Nv2mk4kUNVslIw== Completed in 69ms
npm timing metavuln:calculate:security-advisory:express:MgjHwCEvzlLz9p6+Yk8DdZLdAuprFRwJM/BcLFKUnsW5C1PzGCjbdvhfzdrEOsmCJB7eOyV5TvQe+zy4C++sJQ== Completed in 78ms
npm timing metavuln:cache:get:security-advisory:anymatch:Nfla9E9Lgs+mqMt1dA/8UaXdCl7sXuZQsKzxwmqxeyDZbX+CRdcfKSFFgjhZ/F0BJR9geE1mRVv3h/ODZoo63g== Completed in 6ms
npm timing metavuln:cache:get:security-advisory:fdir:Vrh9/Y1Ylajnx1sK8fD2e12E08jNbGo/Yj5RJgTG6uANlDcx3aYHjfS7apLkvkuLmgae4gXBTvUCLbs91r8WBA== Completed in 6ms
npm timing metavuln:cache:get:security-advisory:micromatch:Gfx2SOQRY3jP5uv6bFlh3nIPxMXsxdnbcyF/xURx+dAnDK2wtpAvWYKdTiFWGD3MlWR/x1stzjO6SjznwiVonw== Completed in 5ms
npm timing metavuln:cache:get:security-advisory:readdirp:O7WXRupQt48LJyZ17mA/uSHYfhYyK7sMYMihjKrTsH3mKxobKArK3CCtifRFqfhAMZFOU4AsOtouYzz86OtBxQ== Completed in 5ms
npm timing reifyNode:node_modules/mdast-util-to-markdown Completed in 7804ms
npm timing metavuln:packument:anymatch Completed in 113ms
npm timing metavuln:load:security-advisory:anymatch:GSQ5ghUF1JWDKMssoydWDVRebjlPePRwktLhrdWzXCq5xeBXdo4Cm9HGHnH2b6P1Nq93YjwPmimVjAx6kge32A== Completed in 0ms
npm timing metavuln:packument:readdirp Completed in 122ms
npm timing metavuln:load:security-advisory:readdirp:GSQ5ghUF1JWDKMssoydWDVRebjlPePRwktLhrdWzXCq5xeBXdo4Cm9HGHnH2b6P1Nq93YjwPmimVjAx6kge32A== Completed in 0ms
npm timing metavuln:packument:fdir Completed in 134ms
npm timing metavuln:load:security-advisory:fdir:GSQ5ghUF1JWDKMssoydWDVRebjlPePRwktLhrdWzXCq5xeBXdo4Cm9HGHnH2b6P1Nq93YjwPmimVjAx6kge32A== Completed in 1ms
npm timing metavuln:packument:micromatch Completed in 139ms
npm timing metavuln:load:security-advisory:micromatch:GSQ5ghUF1JWDKMssoydWDVRebjlPePRwktLhrdWzXCq5xeBXdo4Cm9HGHnH2b6P1Nq93YjwPmimVjAx6kge32A== Completed in 1ms
npm timing metavuln:cache:put:security-advisory:anymatch:Nfla9E9Lgs+mqMt1dA/8UaXdCl7sXuZQsKzxwmqxeyDZbX+CRdcfKSFFgjhZ/F0BJR9geE1mRVv3h/ODZoo63g== Completed in 65ms
npm timing metavuln:calculate:security-advisory:anymatch:GSQ5ghUF1JWDKMssoydWDVRebjlPePRwktLhrdWzXCq5xeBXdo4Cm9HGHnH2b6P1Nq93YjwPmimVjAx6kge32A== Completed in 178ms
npm timing reifyNode:node_modules/@smithy/util-endpoints Completed in 7965ms
npm timing metavuln:cache:put:security-advisory:readdirp:O7WXRupQt48LJyZ17mA/uSHYfhYyK7sMYMihjKrTsH3mKxobKArK3CCtifRFqfhAMZFOU4AsOtouYzz86OtBxQ== Completed in 71ms
npm timing metavuln:calculate:security-advisory:readdirp:GSQ5ghUF1JWDKMssoydWDVRebjlPePRwktLhrdWzXCq5xeBXdo4Cm9HGHnH2b6P1Nq93YjwPmimVjAx6kge32A== Completed in 193ms
npm timing metavuln:cache:put:security-advisory:fdir:Vrh9/Y1Ylajnx1sK8fD2e12E08jNbGo/Yj5RJgTG6uANlDcx3aYHjfS7apLkvkuLmgae4gXBTvUCLbs91r8WBA== Completed in 62ms
npm timing metavuln:calculate:security-advisory:fdir:GSQ5ghUF1JWDKMssoydWDVRebjlPePRwktLhrdWzXCq5xeBXdo4Cm9HGHnH2b6P1Nq93YjwPmimVjAx6kge32A== Completed in 198ms
npm timing metavuln:cache:put:security-advisory:micromatch:Gfx2SOQRY3jP5uv6bFlh3nIPxMXsxdnbcyF/xURx+dAnDK2wtpAvWYKdTiFWGD3MlWR/x1stzjO6SjznwiVonw== Completed in 61ms
npm timing metavuln:calculate:security-advisory:micromatch:GSQ5ghUF1JWDKMssoydWDVRebjlPePRwktLhrdWzXCq5xeBXdo4Cm9HGHnH2b6P1Nq93YjwPmimVjAx6kge32A== Completed in 201ms
npm timing reifyNode:node_modules/@babel/core Completed in 7989ms
npm timing metavuln:cache:get:security-advisory:tinyglobby:JbTUSH3GuHgnWPTwynmNc2XBjGvJ1kBIVuOXAIcVt2zAN9JAmGoGXkmSGRzahtsyELbqgzBAd3ywFXmJPwH9Ww== Completed in 6ms
npm timing metavuln:packument:tinyglobby Completed in 103ms
npm timing metavuln:load:security-advisory:tinyglobby:2VXNT0aF/Oc+aljqzVZL+y7UYoRsun3f1sCqjauwt4R4X9DizyqvONZbNtH8U58EY1DnyPNR0Ul3cX6UkEWNqw== Completed in 0ms
npm timing metavuln:cache:put:security-advisory:tinyglobby:JbTUSH3GuHgnWPTwynmNc2XBjGvJ1kBIVuOXAIcVt2zAN9JAmGoGXkmSGRzahtsyELbqgzBAd3ywFXmJPwH9Ww== Completed in 82ms
npm timing metavuln:calculate:security-advisory:tinyglobby:2VXNT0aF/Oc+aljqzVZL+y7UYoRsun3f1sCqjauwt4R4X9DizyqvONZbNtH8U58EY1DnyPNR0Ul3cX6UkEWNqw== Completed in 185ms
npm timing metavuln:cache:get:security-advisory:autoprefixer:ydhFVTMUEzmJWrchEAV68Sv+hd41ZnIB4ggMAKnHKJMdQ+1l5+6Vq415uaRbDRRKYfmLiBlujJ9B9ehWIJM1YA== Completed in 7ms
npm timing metavuln:load:security-advisory:autoprefixer:AESkqup7C9sLtHL0OzenAvihqmLzSTOW4+0zIkCCeUjI0qvgEu/UCFfVCIlWzUpfDq20KxUSH5Ru8h4LoxJKRA== Completed in 26ms
npm timing metavuln:cache:get:security-advisory:postcss-import:oj3M1tBzaqNNuYcHaFxMpDrogPd0AgLcMY8JEofH2tu42Lz8SltdacBGbBnv8a5qi/gHItVWM6rjrSq/3DAmmw== Completed in 34ms
npm timing metavuln:cache:get:security-advisory:postcss-js:wxmI51fbDXuFdIrZyG55aC8jbNq65yUaH9bontSUYQ+OoVA60JcVyzcnGYUH1OA+2ePT4QJ/qKBjhLV+SKFaPw== Completed in 34ms
npm timing metavuln:cache:get:security-advisory:postcss-load-config:ubYuv/Qrh4W+eNMYmKNxYqhf0d/7Bda6Cnspg4NpoTnS8i62TEUlTwF6o9pTZVVjyt+43AS6772/Fj+FoJi2rg== Completed in 33ms
npm timing metavuln:cache:get:security-advisory:postcss-nested:luJ2Xe8b/DCdtVhgPYWyKIuS7ZMjOsWRzlcL8EjfXKDXtgjARJ+fcJZseAxBY/6wNm3M5yqi/3yD9bG42f+0zA== Completed in 33ms
npm timing metavuln:cache:get:security-advisory:tailwindcss:pEKEZp1vkxgHn3m7aVaXHgwNZYByWnF76kln2+kuP1M3VaDRHGv+HJUkOOmT/sMGdcU8TzrDja/0zqlb0FkcJw== Completed in 33ms
npm timing metavuln:cache:get:security-advisory:vite:I1mZwXzS5pGLUo1DyVV0p+vYF/RnO4wb1rpf/bbexYPQDTS39Qi8H0UT7OEnBldM5TDMF1sqZGVaAfHAHg/DBg== Completed in 33ms
npm timing metavuln:load:security-advisory:vite:AESkqup7C9sLtHL0OzenAvihqmLzSTOW4+0zIkCCeUjI0qvgEu/UCFfVCIlWzUpfDq20KxUSH5Ru8h4LoxJKRA== Completed in 36ms
npm timing reifyNode:node_modules/vite/node_modules/@esbuild/linux-x64 Completed in 8272ms
npm timing metavuln:cache:put:security-advisory:autoprefixer:ydhFVTMUEzmJWrchEAV68Sv+hd41ZnIB4ggMAKnHKJMdQ+1l5+6Vq415uaRbDRRKYfmLiBlujJ9B9ehWIJM1YA== Completed in 123ms
npm timing metavuln:calculate:security-advisory:autoprefixer:AESkqup7C9sLtHL0OzenAvihqmLzSTOW4+0zIkCCeUjI0qvgEu/UCFfVCIlWzUpfDq20KxUSH5Ru8h4LoxJKRA== Completed in 156ms
npm timing metavuln:cache:put:security-advisory:vite:I1mZwXzS5pGLUo1DyVV0p+vYF/RnO4wb1rpf/bbexYPQDTS39Qi8H0UT7OEnBldM5TDMF1sqZGVaAfHAHg/DBg== Completed in 86ms
npm timing metavuln:calculate:security-advisory:vite:AESkqup7C9sLtHL0OzenAvihqmLzSTOW4+0zIkCCeUjI0qvgEu/UCFfVCIlWzUpfDq20KxUSH5Ru8h4LoxJKRA== Completed in 155ms
npm timing metavuln:packument:postcss-load-config Completed in 183ms
npm timing metavuln:load:security-advisory:postcss-load-config:AESkqup7C9sLtHL0OzenAvihqmLzSTOW4+0zIkCCeUjI0qvgEu/UCFfVCIlWzUpfDq20KxUSH5Ru8h4LoxJKRA== Completed in 1ms
npm timing metavuln:packument:postcss-js Completed in 185ms
npm timing metavuln:load:security-advisory:postcss-js:AESkqup7C9sLtHL0OzenAvihqmLzSTOW4+0zIkCCeUjI0qvgEu/UCFfVCIlWzUpfDq20KxUSH5Ru8h4LoxJKRA== Completed in 3ms
npm timing metavuln:packument:postcss-import Completed in 199ms
npm timing metavuln:load:security-advisory:postcss-import:AESkqup7C9sLtHL0OzenAvihqmLzSTOW4+0zIkCCeUjI0qvgEu/UCFfVCIlWzUpfDq20KxUSH5Ru8h4LoxJKRA== Completed in 4ms
npm timing metavuln:packument:postcss-nested Completed in 207ms
npm timing metavuln:load:security-advisory:postcss-nested:AESkqup7C9sLtHL0OzenAvihqmLzSTOW4+0zIkCCeUjI0qvgEu/UCFfVCIlWzUpfDq20KxUSH5Ru8h4LoxJKRA== Completed in 5ms
npm timing metavuln:cache:put:security-advisory:postcss-load-config:ubYuv/Qrh4W+eNMYmKNxYqhf0d/7Bda6Cnspg4NpoTnS8i62TEUlTwF6o9pTZVVjyt+43AS6772/Fj+FoJi2rg== Completed in 85ms
npm timing metavuln:calculate:security-advisory:postcss-load-config:AESkqup7C9sLtHL0OzenAvihqmLzSTOW4+0zIkCCeUjI0qvgEu/UCFfVCIlWzUpfDq20KxUSH5Ru8h4LoxJKRA== Completed in 269ms
npm timing metavuln:cache:put:security-advisory:postcss-js:wxmI51fbDXuFdIrZyG55aC8jbNq65yUaH9bontSUYQ+OoVA60JcVyzcnGYUH1OA+2ePT4QJ/qKBjhLV+SKFaPw== Completed in 82ms
npm timing metavuln:calculate:security-advisory:postcss-js:AESkqup7C9sLtHL0OzenAvihqmLzSTOW4+0zIkCCeUjI0qvgEu/UCFfVCIlWzUpfDq20KxUSH5Ru8h4LoxJKRA== Completed in 270ms
npm timing metavuln:cache:put:security-advisory:postcss-import:oj3M1tBzaqNNuYcHaFxMpDrogPd0AgLcMY8JEofH2tu42Lz8SltdacBGbBnv8a5qi/gHItVWM6rjrSq/3DAmmw== Completed in 76ms
npm timing metavuln:calculate:security-advisory:postcss-import:AESkqup7C9sLtHL0OzenAvihqmLzSTOW4+0zIkCCeUjI0qvgEu/UCFfVCIlWzUpfDq20KxUSH5Ru8h4LoxJKRA== Completed in 279ms
npm timing metavuln:cache:put:security-advisory:postcss-nested:luJ2Xe8b/DCdtVhgPYWyKIuS7ZMjOsWRzlcL8EjfXKDXtgjARJ+fcJZseAxBY/6wNm3M5yqi/3yD9bG42f+0zA== Completed in 69ms
npm timing metavuln:calculate:security-advisory:postcss-nested:AESkqup7C9sLtHL0OzenAvihqmLzSTOW4+0zIkCCeUjI0qvgEu/UCFfVCIlWzUpfDq20KxUSH5Ru8h4LoxJKRA== Completed in 282ms
npm timing reifyNode:node_modules/@aws-sdk/client-cognito-identity Completed in 8516ms
npm timing reifyNode:node_modules/@esbuild/linux-x64 Completed in 8641ms
npm timing reifyNode:node_modules/yjs Completed in 8961ms
npm timing reifyNode:node_modules/@babel/runtime Completed in 9200ms
npm timing reifyNode:node_modules/@anthropic-ai/bedrock-sdk Completed in 9386ms
npm timing reifyNode:node_modules/@smithy/url-parser/node_modules/@smithy/types Completed in 9406ms
npm timing reifyNode:node_modules/@smithy/util-retry/node_modules/@smithy/types Completed in 9410ms
npm timing reifyNode:node_modules/@smithy/util-defaults-mode-node/node_modules/@smithy/types Completed in 9425ms
npm timing reifyNode:node_modules/@smithy/property-provider/node_modules/@smithy/types Completed in 9425ms
npm timing reifyNode:node_modules/@smithy/service-error-classification/node_modules/@smithy/types Completed in 9426ms
npm timing reifyNode:node_modules/@smithy/util-middleware/node_modules/@smithy/types Completed in 9428ms
npm timing reifyNode:node_modules/@smithy/util-endpoints/node_modules/@smithy/types Completed in 9429ms
npm timing reifyNode:node_modules/@smithy/querystring-parser/node_modules/@smithy/types Completed in 9429ms
npm timing reifyNode:node_modules/@smithy/querystring-builder/node_modules/@smithy/types Completed in 9429ms
npm timing reifyNode:node_modules/@smithy/middleware-serde/node_modules/@smithy/types Completed in 9431ms
npm timing reifyNode:node_modules/@smithy/middleware-stack/node_modules/@smithy/types Completed in 9431ms
npm timing reifyNode:node_modules/@smithy/util-stream/node_modules/@smithy/types Completed in 9435ms
npm timing reifyNode:node_modules/@smithy/middleware-endpoint/node_modules/@smithy/types Completed in 9434ms
npm timing reifyNode:node_modules/@smithy/util-defaults-mode-browser/node_modules/@smithy/types Completed in 9435ms
npm timing reifyNode:node_modules/@smithy/eventstream-codec/node_modules/@smithy/types Completed in 9443ms
npm timing reifyNode:node_modules/@smithy/credential-provider-imds/node_modules/@smithy/types Completed in 9444ms
npm timing reifyNode:node_modules/@smithy/shared-ini-file-loader/node_modules/@smithy/types Completed in 9450ms
npm timing reifyNode:node_modules/@aws-sdk/token-providers/node_modules/@smithy/types Completed in 9448ms
npm timing reifyNode:node_modules/@aws-sdk/util-endpoints/node_modules/@smithy/types Completed in 9448ms
npm timing reifyNode:node_modules/@aws-sdk/xml-builder/node_modules/@smithy/types Completed in 9449ms
npm timing reifyNode:node_modules/@smithy/node-http-handler/node_modules/@smithy/types Completed in 9455ms
npm timing reifyNode:node_modules/@smithy/middleware-retry/node_modules/@smithy/types Completed in 9454ms
npm timing reifyNode:node_modules/@aws-sdk/middleware-user-agent/node_modules/@smithy/types Completed in 9454ms
npm timing reifyNode:node_modules/@smithy/middleware-content-length/node_modules/@smithy/types Completed in 9457ms
npm timing reifyNode:node_modules/@smithy/invalid-dependency/node_modules/@smithy/types Completed in 9457ms
npm timing reifyNode:node_modules/@smithy/node-config-provider/node_modules/@smithy/types Completed in 9458ms
npm timing reifyNode:node_modules/@smithy/eventstream-serde-universal/node_modules/@smithy/types Completed in 9459ms
npm timing reifyNode:node_modules/@aws-sdk/util-format-url/node_modules/@smithy/types Completed in 9458ms
npm timing reifyNode:node_modules/@smithy/core/node_modules/@smithy/types Completed in 9459ms
npm timing reifyNode:node_modules/@smithy/fetch-http-handler/node_modules/@smithy/types Completed in 9459ms
npm timing reifyNode:node_modules/@smithy/hash-node/node_modules/@smithy/types Completed in 9459ms
npm timing reifyNode:node_modules/@smithy/abort-controller/node_modules/@smithy/types Completed in 9459ms
npm timing reifyNode:node_modules/@aws-sdk/middleware-eventstream/node_modules/@smithy/types Completed in 9459ms
npm timing reifyNode:node_modules/@aws-sdk/eventstream-handler-node/node_modules/@smithy/types Completed in 9461ms
npm timing reifyNode:node_modules/@smithy/eventstream-serde-config-resolver/node_modules/@smithy/types Completed in 9464ms
npm timing reifyNode:node_modules/@aws-sdk/util-user-agent-node/node_modules/@smithy/types Completed in 9465ms
npm timing reifyNode:node_modules/@smithy/eventstream-serde-browser/node_modules/@smithy/types Completed in 9472ms
npm timing reifyNode:node_modules/@aws-sdk/util-user-agent-browser/node_modules/@smithy/types Completed in 9471ms
npm timing reifyNode:node_modules/@smithy/config-resolver/node_modules/@smithy/types Completed in 9472ms
npm timing reifyNode:node_modules/@aws-sdk/types/node_modules/@smithy/types Completed in 9473ms
npm timing reifyNode:node_modules/@aws-sdk/region-config-resolver/node_modules/@smithy/types Completed in 9475ms
npm timing reifyNode:node_modules/@aws-sdk/middleware-websocket/node_modules/@smithy/types Completed in 9475ms
npm timing reifyNode:node_modules/@aws-sdk/credential-providers/node_modules/@smithy/types Completed in 9475ms
npm timing reifyNode:node_modules/@aws-sdk/credential-provider-web-identity/node_modules/@smithy/types Completed in 9475ms
npm timing reifyNode:node_modules/@aws-sdk/credential-provider-node/node_modules/@smithy/types Completed in 9475ms
npm timing reifyNode:node_modules/@aws-sdk/credential-provider-login/node_modules/@smithy/types Completed in 9476ms
npm timing reifyNode:node_modules/@aws-sdk/credential-provider-cognito-identity/node_modules/@smithy/types Completed in 9476ms
npm timing reifyNode:node_modules/@aws-sdk/nested-clients/node_modules/@smithy/types Completed in 9477ms
npm timing reifyNode:node_modules/@aws-sdk/middleware-recursion-detection/node_modules/@smithy/types Completed in 9477ms
npm timing reifyNode:node_modules/@aws-sdk/core/node_modules/@smithy/types Completed in 9477ms
npm timing reifyNode:node_modules/@aws-sdk/middleware-logger/node_modules/@smithy/types Completed in 9478ms
npm timing reifyNode:node_modules/@aws-sdk/client-cognito-identity/node_modules/@smithy/types Completed in 9480ms
npm timing reifyNode:node_modules/@aws-sdk/credential-provider-process/node_modules/@smithy/types Completed in 9481ms
npm timing reifyNode:node_modules/@aws-sdk/middleware-host-header/node_modules/@smithy/types Completed in 9481ms
npm timing reifyNode:node_modules/@aws-sdk/credential-provider-env/node_modules/@smithy/types Completed in 9483ms
npm timing reifyNode:node_modules/@aws-sdk/credential-provider-ini/node_modules/@smithy/types Completed in 9484ms
npm timing reifyNode:node_modules/@aws-sdk/credential-provider-http/node_modules/@smithy/types Completed in 9484ms
npm timing reifyNode:node_modules/@aws-sdk/credential-provider-sso/node_modules/@smithy/types Completed in 9484ms
npm timing reifyNode:node_modules/@aws-sdk/client-bedrock-runtime/node_modules/@smithy/types Completed in 9489ms
npm timing reifyNode:node_modules/@babel/types Completed in 9492ms
npm timing metavuln:packument:tailwindcss Completed in 1371ms
npm timing metavuln:load:security-advisory:tailwindcss:AESkqup7C9sLtHL0OzenAvihqmLzSTOW4+0zIkCCeUjI0qvgEu/UCFfVCIlWzUpfDq20KxUSH5Ru8h4LoxJKRA== Completed in 91ms
npm timing metavuln:cache:put:security-advisory:tailwindcss:pEKEZp1vkxgHn3m7aVaXHgwNZYByWnF76kln2+kuP1M3VaDRHGv+HJUkOOmT/sMGdcU8TzrDja/0zqlb0FkcJw== Completed in 19ms
npm timing metavuln:calculate:security-advisory:tailwindcss:AESkqup7C9sLtHL0OzenAvihqmLzSTOW4+0zIkCCeUjI0qvgEu/UCFfVCIlWzUpfDq20KxUSH5Ru8h4LoxJKRA== Completed in 1482ms
npm timing metavuln:cache:get:security-advisory:postcss-nested:ENEkdeJ8CvpmFsO9n+B506005zeV/FHFk5ZLE4UsRsDoA6JjrYyRtHJUMEoVAx28BziJnI+FhyuAVbQPW5qa/Q== Completed in 1ms
npm timing metavuln:load:security-advisory:postcss-nested:covT+MWoMY27HNo8VBw80yY9txe9EcZ0OTaXxzPnTvlgv/pmVZ5EoTwL+VQRgBrpLVxAWtUxZrw6bhMqh9EoHA== Completed in 1ms
npm timing metavuln:cache:get:security-advisory:tailwindcss:2TlKnNc3Qm1rMcjZEOsugh1IGGaq7QLflLgNrhsLvnfUM0FUkU4wqQPZHeMyN9lOYCpHoIvZ+R67VPqt+9uREg== Completed in 2ms
npm timing metavuln:load:security-advisory:tailwindcss:covT+MWoMY27HNo8VBw80yY9txe9EcZ0OTaXxzPnTvlgv/pmVZ5EoTwL+VQRgBrpLVxAWtUxZrw6bhMqh9EoHA== Completed in 58ms
npm timing metavuln:cache:put:security-advisory:postcss-nested:ENEkdeJ8CvpmFsO9n+B506005zeV/FHFk5ZLE4UsRsDoA6JjrYyRtHJUMEoVAx28BziJnI+FhyuAVbQPW5qa/Q== Completed in 73ms
npm timing metavuln:calculate:security-advisory:postcss-nested:covT+MWoMY27HNo8VBw80yY9txe9EcZ0OTaXxzPnTvlgv/pmVZ5EoTwL+VQRgBrpLVxAWtUxZrw6bhMqh9EoHA== Completed in 76ms
npm timing metavuln:cache:put:security-advisory:tailwindcss:2TlKnNc3Qm1rMcjZEOsugh1IGGaq7QLflLgNrhsLvnfUM0FUkU4wqQPZHeMyN9lOYCpHoIvZ+R67VPqt+9uREg== Completed in 16ms
npm timing metavuln:calculate:security-advisory:tailwindcss:covT+MWoMY27HNo8VBw80yY9txe9EcZ0OTaXxzPnTvlgv/pmVZ5EoTwL+VQRgBrpLVxAWtUxZrw6bhMqh9EoHA== Completed in 76ms
npm timing metavuln:cache:get:security-advisory:body-parser:jW/dDpKyHI9jBdNP8uklwgD30kzgnh7l+jNpOBymsfZmoMZ/Onli27Eom6F9T1Cd8c74kJS2WT9itxlthofhJQ== Completed in 1ms
npm timing metavuln:load:security-advisory:body-parser:yIOmIfyBVmc4/WIMgGjKfeJx3gCbSUYFP0hfNuRbeY9Cg35Qk+brHYCgLhVvSnrwBD4suH+6LO1UW/NiJlUASA== Completed in 4ms
npm timing metavuln:cache:get:security-advisory:express:G+1pQQ1VmBq+8VfOzwngixvIyvjjCeEOatCHHbT9G3/XEu/U9M4AL/CyXvikGiAu2o9lj4SNv9UYExrAOEpfrA== Completed in 6ms
npm timing metavuln:load:security-advisory:express:yIOmIfyBVmc4/WIMgGjKfeJx3gCbSUYFP0hfNuRbeY9Cg35Qk+brHYCgLhVvSnrwBD4suH+6LO1UW/NiJlUASA== Completed in 2ms
npm timing reifyNode:node_modules/@smithy/types Completed in 9752ms
npm timing metavuln:cache:put:security-advisory:express:G+1pQQ1VmBq+8VfOzwngixvIyvjjCeEOatCHHbT9G3/XEu/U9M4AL/CyXvikGiAu2o9lj4SNv9UYExrAOEpfrA== Completed in 15ms
npm timing metavuln:calculate:security-advisory:express:yIOmIfyBVmc4/WIMgGjKfeJx3gCbSUYFP0hfNuRbeY9Cg35Qk+brHYCgLhVvSnrwBD4suH+6LO1UW/NiJlUASA== Completed in 24ms
npm timing metavuln:cache:put:security-advisory:body-parser:jW/dDpKyHI9jBdNP8uklwgD30kzgnh7l+jNpOBymsfZmoMZ/Onli27Eom6F9T1Cd8c74kJS2WT9itxlthofhJQ== Completed in 20ms
npm timing metavuln:calculate:security-advisory:body-parser:yIOmIfyBVmc4/WIMgGjKfeJx3gCbSUYFP0hfNuRbeY9Cg35Qk+brHYCgLhVvSnrwBD4suH+6LO1UW/NiJlUASA== Completed in 26ms
npm timing metavuln:cache:get:security-advisory:vite:SaJWDd5gEEZd3lHg31QWzLWgMkCzYHn5RvntQLmOGssdx9DgqFp1CHRkx1q//bJjITqFeBtPANooZCY8TRvk8g== Completed in 1ms
npm timing metavuln:load:security-advisory:vite:j57+QiunRUdD0cUD+SOC+z9ahAKAX/ORqNrS8xn5EMmMoVNjDT6jDQ8+1zJZRvVKgeAjbBSmjAgyimjwq9Hhfg== Completed in 61ms
npm timing metavuln:cache:put:security-advisory:vite:SaJWDd5gEEZd3lHg31QWzLWgMkCzYHn5RvntQLmOGssdx9DgqFp1CHRkx1q//bJjITqFeBtPANooZCY8TRvk8g== Completed in 15ms
npm timing metavuln:calculate:security-advisory:vite:j57+QiunRUdD0cUD+SOC+z9ahAKAX/ORqNrS8xn5EMmMoVNjDT6jDQ8+1zJZRvVKgeAjbBSmjAgyimjwq9Hhfg== Completed in 77ms
npm timing metavuln:cache:get:security-advisory:concurrently:ybOREPedNqnVxus2H916bo4pmuzozCeOX/4FSG5ps1ZMEpLRN94o6TZ9c/Ry7CbwkjOWwtiXQxm3JZ2h8WZ32A== Completed in 1ms
npm timing metavuln:load:security-advisory:concurrently:fqAwyzKgzV507YkOCMmZ0MVsW2IyjhfI8EtMNNIlwDgmla1BR3N2YTYTeJUa4txJdmnx9t8pKKW5Gf1vJIY54A== Completed in 1ms
npm timing metavuln:cache:put:security-advisory:concurrently:ybOREPedNqnVxus2H916bo4pmuzozCeOX/4FSG5ps1ZMEpLRN94o6TZ9c/Ry7CbwkjOWwtiXQxm3JZ2h8WZ32A== Completed in 16ms
npm timing metavuln:calculate:security-advisory:concurrently:fqAwyzKgzV507YkOCMmZ0MVsW2IyjhfI8EtMNNIlwDgmla1BR3N2YTYTeJUa4txJdmnx9t8pKKW5Gf1vJIY54A== Completed in 18ms
npm timing metavuln:cache:get:security-advisory:@vitejs/plugin-react:0wQCaOjcD8j0E7CMKhLqaS736eOSJ1bx2S6fgASRE/T1guYEGWsGCQ7ThaaT9lDO/+W4PkJcRr36iPsISMLuLg== Completed in 10ms
npm timing metavuln:load:security-advisory:@vitejs/plugin-react:CReXW7o3cJZ0aN4nhg/gRV1E8OPJ2SoGmmUw6lY2bLjCfF70z3PbDKbutfCbWYbBHkeQ6W4F2IxffSmtDjtaNw== Completed in 28ms
npm timing metavuln:cache:put:security-advisory:@vitejs/plugin-react:0wQCaOjcD8j0E7CMKhLqaS736eOSJ1bx2S6fgASRE/T1guYEGWsGCQ7ThaaT9lDO/+W4PkJcRr36iPsISMLuLg== Completed in 16ms
npm timing metavuln:calculate:security-advisory:@vitejs/plugin-react:CReXW7o3cJZ0aN4nhg/gRV1E8OPJ2SoGmmUw6lY2bLjCfF70z3PbDKbutfCbWYbBHkeQ6W4F2IxffSmtDjtaNw== Completed in 54ms
npm timing metavuln:cache:get:security-advisory:openai:pgoT9IgCM9V7iwveo091XgjmEVULfhHKSCj+9YA00IQ1YtCqtU1QHl0Hcukim+2/kUYYoqnJ0cthpRHXyASSyQ== Completed in 2ms
npm timing metavuln:cache:get:security-advisory:y-webrtc:7NjSjQ/QLmUTwnC1Qzko+I4pCid56j234NJr6OcZR5No7uUCazGKuo+qMHdMlyIJl1eSWHMPTbuxSiAn4YKXqA== Completed in 2ms
npm timing reifyNode:node_modules/@smithy/signature-v4/node_modules/@smithy/types Completed in 9916ms
npm timing reifyNode:node_modules/sucrase Completed in 9932ms
npm timing metavuln:packument:y-webrtc Completed in 55ms
npm timing metavuln:load:security-advisory:y-webrtc:riCaqXeEj3LGJHsuDUezanD1igwJ1gD5B0Z0jDf8slGSkFNcUxH/yz4/VwuWsi+XAx/SPZKMWI5kAltGWYRGUg== Completed in 1ms
npm timing metavuln:cache:put:security-advisory:y-webrtc:7NjSjQ/QLmUTwnC1Qzko+I4pCid56j234NJr6OcZR5No7uUCazGKuo+qMHdMlyIJl1eSWHMPTbuxSiAn4YKXqA== Completed in 15ms
npm timing metavuln:calculate:security-advisory:y-webrtc:riCaqXeEj3LGJHsuDUezanD1igwJ1gD5B0Z0jDf8slGSkFNcUxH/yz4/VwuWsi+XAx/SPZKMWI5kAltGWYRGUg== Completed in 71ms
npm timing reifyNode:node_modules/@babel/helpers Completed in 9976ms
npm timing metavuln:packument:openai Completed in 80ms
npm timing metavuln:load:security-advisory:openai:riCaqXeEj3LGJHsuDUezanD1igwJ1gD5B0Z0jDf8slGSkFNcUxH/yz4/VwuWsi+XAx/SPZKMWI5kAltGWYRGUg== Completed in 3ms
npm timing metavuln:cache:put:security-advisory:openai:pgoT9IgCM9V7iwveo091XgjmEVULfhHKSCj+9YA00IQ1YtCqtU1QHl0Hcukim+2/kUYYoqnJ0cthpRHXyASSyQ== Completed in 12ms
npm timing metavuln:calculate:security-advisory:openai:riCaqXeEj3LGJHsuDUezanD1igwJ1gD5B0Z0jDf8slGSkFNcUxH/yz4/VwuWsi+XAx/SPZKMWI5kAltGWYRGUg== Completed in 95ms
npm timing metavuln:cache:get:security-advisory:@aws-sdk/core:yKPyp8aPJkyuqg4AiXUx5U97fxBrzm/doEWxynt3HFvppq0JoOY5/Q1Pq37dGVYDKBucfxLTFNoRTNPB23a01A== Completed in 2ms
npm timing metavuln:packument:@aws-sdk/core Completed in 85ms
npm timing metavuln:load:security-advisory:@aws-sdk/core:Kg1kRIm7D+751sTHjIJpyh+JdbnHCVBvXJWeLP8wVdUH1dLan1bNSyk3EilA9J4xBZtD14cl+/tsXIkqq98j5A== Completed in 16ms
npm timing reifyNode:node_modules/tailwindcss Completed in 10113ms
npm timing metavuln:cache:put:security-advisory:@aws-sdk/core:yKPyp8aPJkyuqg4AiXUx5U97fxBrzm/doEWxynt3HFvppq0JoOY5/Q1Pq37dGVYDKBucfxLTFNoRTNPB23a01A== Completed in 14ms
npm timing metavuln:calculate:security-advisory:@aws-sdk/core:Kg1kRIm7D+751sTHjIJpyh+JdbnHCVBvXJWeLP8wVdUH1dLan1bNSyk3EilA9J4xBZtD14cl+/tsXIkqq98j5A== Completed in 115ms
npm timing auditReport:init Completed in 9585ms
npm timing reify:audit Completed in 10126ms
npm timing reifyNode:node_modules/@aws-sdk/core Completed in 10126ms
npm timing reifyNode:node_modules/@smithy/core Completed in 10292ms
npm timing reifyNode:node_modules/json-schema-to-ts Completed in 10353ms
npm timing reifyNode:node_modules/lodash Completed in 10390ms
npm timing reifyNode:node_modules/typescript Completed in 10411ms
npm timing reifyNode:node_modules/lib0 Completed in 10586ms
npm timing reifyNode:node_modules/@anthropic-ai/sdk Completed in 10846ms
npm timing reifyNode:node_modules/@aws-sdk/nested-clients Completed in 10859ms
npm timing reifyNode:node_modules/caniuse-lite Completed in 11138ms
npm timing reifyNode:node_modules/highlight.js Completed in 11810ms
npm timing reifyNode:node_modules/openai Completed in 12280ms
npm timing reifyNode:node_modules/rxjs Completed in 13236ms
npm timing reifyNode:node_modules/lucide-react Completed in 14019ms
npm timing reifyNode:node_modules/date-fns Completed in 14122ms
npm timing reify:unpack Completed in 14124ms
npm timing reify:unretire Completed in 0ms
npm timing build:queue Completed in 25ms
npm timing build:link:node_modules/@anthropic-ai/sdk Completed in 9ms
npm timing build:link:node_modules/postcss/node_modules/nanoid Completed in 9ms
npm timing build:link:node_modules/vite/node_modules/esbuild Completed in 9ms
npm timing build:link:node_modules/@babel/parser Completed in 10ms
npm timing build:link:node_modules/autoprefixer Completed in 10ms
npm timing build:link:node_modules/baseline-browser-mapping Completed in 10ms
npm timing build:link:node_modules/browserslist Completed in 10ms
npm timing build:link:node_modules/esbuild Completed in 10ms
npm timing build:link:node_modules/concurrently Completed in 10ms
npm timing build:link:node_modules/jiti Completed in 9ms
npm timing build:link:node_modules/fast-xml-parser Completed in 10ms
npm timing build:link:node_modules/jsesc Completed in 9ms
npm timing build:link:node_modules/json5 Completed in 9ms
npm timing build:link:node_modules/lib0 Completed in 9ms
npm timing build:link:node_modules/cssesc Completed in 10ms
npm timing build:link:node_modules/loose-envify Completed in 9ms
npm timing build:link:node_modules/mime Completed in 9ms
npm timing build:link:node_modules/nanoid Completed in 9ms
npm timing build:link:node_modules/openai Completed in 9ms
npm timing build:link:node_modules/rollup Completed in 9ms
npm timing build:link:node_modules/resolve Completed in 9ms
npm timing build:link:node_modules/semver Completed in 9ms
npm timing build:link:node_modules/sucrase Completed in 9ms
npm timing build:link:node_modules/tailwindcss Completed in 9ms
npm timing build:link:node_modules/tree-kill Completed in 9ms
npm timing build:link:node_modules/typescript Completed in 9ms
npm timing build:link:node_modules/update-browserslist-db Completed in 9ms
npm timing build:link:node_modules/y-webrtc Completed in 9ms
npm timing build:link:node_modules/tsx Completed in 9ms
npm timing build:link:node_modules/vite Completed in 9ms
npm timing build:link Completed in 10ms
npm timing build:run:postinstall:node_modules/esbuild Completed in 49ms
npm timing build:run:postinstall:node_modules/vite/node_modules/esbuild Completed in 44ms
npm timing build:run:postinstall Completed in 53ms
npm timing build:deps Completed in 88ms
npm timing build:queue Completed in 1ms
npm timing build:links Completed in 1ms
npm timing build Completed in 90ms
npm timing reify:build Completed in 91ms
npm timing reify:trash Completed in 4ms
npm timing reify:save Completed in 163ms
npm timing reify Completed in 14673ms
npm timing command:install Completed in 14704ms
npm timing npm Completed in 14942ms
