npm timing npm:load:whichnode Completed in 1ms
npm timing npm:load:configload Completed in 7ms
npm timing config:load:flatten Completed in 2ms
npm timing npm:load:mkdirpcache Completed in 1ms
npm timing npm:load:mkdirplogs Completed in 0ms
npm timing npm:load:setTitle Completed in 1ms
npm timing npm:load Completed in 23ms
npm timing arborist:ctor Completed in 1ms
npm timing idealTree:init Completed in 154ms
npm timing idealTree:userRequests Completed in 1ms
npm timing idealTree:#root Completed in 0ms
npm timing idealTree:client Completed in 1ms
npm timing idealTree:server Completed in 1ms
npm timing idealTree:buildDeps Completed in 3ms
npm timing idealTree:fixDepFlags Completed in 0ms
npm timing idealTree Completed in 190ms
npm timing reify:loadTrees Completed in 191ms
npm timing reify:diffTrees Completed in 16ms
npm timing reify:retireShallow Completed in 0ms
npm timing reify:createSparse Completed in 104ms
npm timing reify:loadBundles Completed in 0ms
npm timing reifyNode:node_modules/vite/node_modules/@esbuild/win32-x64 Completed in 73ms
npm timing reifyNode:node_modules/vite/node_modules/@esbuild/win32-ia32 Completed in 73ms
npm timing reifyNode:node_modules/vite/node_modules/@esbuild/win32-arm64 Completed in 73ms
npm timing reifyNode:node_modules/vite/node_modules/@esbuild/sunos-x64 Completed in 74ms
npm timing reifyNode:node_modules/vite/node_modules/@esbuild/openbsd-x64 Completed in 74ms
npm timing reifyNode:node_modules/vite/node_modules/@esbuild/netbsd-x64 Completed in 74ms
npm timing reifyNode:node_modules/vite/node_modules/@esbuild/linux-s390x Completed in 74ms
npm timing reifyNode:node_modules/vite/node_modules/@esbuild/linux-riscv64 Completed in 74ms
npm timing reifyNode:node_modules/vite/node_modules/@esbuild/linux-ppc64 Completed in 74ms
npm timing reifyNode:node_modules/vite/node_modules/@esbuild/linux-mips64el Completed in 74ms
npm timing reifyNode:node_modules/vite/node_modules/@esbuild/linux-loong64 Completed in 74ms
npm timing reifyNode:node_modules/vite/node_modules/@esbuild/linux-ia32 Completed in 74ms
npm timing reifyNode:node_modules/vite/node_modules/@esbuild/linux-arm64 Completed in 74ms
npm timing reifyNode:node_modules/vite/node_modules/@esbuild/linux-arm Completed in 74ms
npm timing reifyNode:node_modules/vite/node_modules/@esbuild/freebsd-x64 Completed in 74ms
npm timing reifyNode:node_modules/vite/node_modules/@esbuild/freebsd-arm64 Completed in 74ms
npm timing reifyNode:node_modules/vite/node_modules/@esbuild/darwin-x64 Completed in 74ms
npm timing reifyNode:node_modules/vite/node_modules/@esbuild/darwin-arm64 Completed in 74ms
npm timing reifyNode:node_modules/vite/node_modules/@esbuild/android-x64 Completed in 74ms
npm timing reifyNode:node_modules/vite/node_modules/@esbuild/android-arm64 Completed in 74ms
npm timing reifyNode:node_modules/vite/node_modules/@esbuild/android-arm Completed in 74ms
npm timing reifyNode:node_modules/vite/node_modules/@esbuild/aix-ppc64 Completed in 74ms
npm timing reifyNode:node_modules/fsevents Completed in 72ms
npm timing reifyNode:node_modules/@rollup/rollup-win32-x64-msvc Completed in 70ms
npm timing reifyNode:node_modules/@rollup/rollup-win32-x64-gnu Completed in 70ms
npm timing reifyNode:node_modules/@rollup/rollup-win32-ia32-msvc Completed in 70ms
npm timing reifyNode:node_modules/@rollup/rollup-win32-arm64-msvc Completed in 70ms
npm timing reifyNode:node_modules/@rollup/rollup-openharmony-arm64 Completed in 70ms
npm timing reifyNode:node_modules/@rollup/rollup-openbsd-x64 Completed in 70ms
npm timing reifyNode:node_modules/@rollup/rollup-linux-s390x-gnu Completed in 70ms
npm timing reifyNode:node_modules/@rollup/rollup-linux-riscv64-musl Completed in 70ms
npm timing reifyNode:node_modules/@rollup/rollup-linux-riscv64-gnu Completed in 70ms
npm timing reifyNode:node_modules/@rollup/rollup-linux-ppc64-musl Completed in 70ms
npm timing reifyNode:node_modules/@rollup/rollup-linux-ppc64-gnu Completed in 70ms
npm timing reifyNode:node_modules/@rollup/rollup-linux-loong64-musl Completed in 70ms
npm timing reifyNode:node_modules/@rollup/rollup-linux-loong64-gnu Completed in 70ms
npm timing reifyNode:node_modules/@rollup/rollup-linux-arm64-musl Completed in 70ms
npm timing reifyNode:node_modules/@rollup/rollup-linux-arm64-gnu Completed in 70ms
npm timing reifyNode:node_modules/@rollup/rollup-linux-arm-musleabihf Completed in 70ms
npm timing reifyNode:node_modules/@rollup/rollup-linux-arm-gnueabihf Completed in 70ms
npm timing reifyNode:node_modules/@rollup/rollup-freebsd-x64 Completed in 70ms
npm timing reifyNode:node_modules/@rollup/rollup-freebsd-arm64 Completed in 70ms
npm timing reifyNode:node_modules/@rollup/rollup-darwin-x64 Completed in 70ms
npm timing reifyNode:node_modules/@rollup/rollup-darwin-arm64 Completed in 70ms
npm timing reifyNode:node_modules/@rollup/rollup-android-arm64 Completed in 70ms
npm timing reifyNode:node_modules/@rollup/rollup-android-arm-eabi Completed in 70ms
npm timing reifyNode:node_modules/@esbuild/win32-x64 Completed in 70ms
npm timing reifyNode:node_modules/@esbuild/win32-ia32 Completed in 70ms
npm timing reifyNode:node_modules/@esbuild/win32-arm64 Completed in 70ms
npm timing reifyNode:node_modules/@esbuild/sunos-x64 Completed in 70ms
npm timing reifyNode:node_modules/@esbuild/openharmony-arm64 Completed in 70ms
npm timing reifyNode:node_modules/@esbuild/openbsd-x64 Completed in 70ms
npm timing reifyNode:node_modules/@esbuild/openbsd-arm64 Completed in 70ms
npm timing reifyNode:node_modules/@esbuild/netbsd-x64 Completed in 70ms
npm timing reifyNode:node_modules/@esbuild/netbsd-arm64 Completed in 70ms
npm timing reifyNode:node_modules/@esbuild/linux-s390x Completed in 70ms
npm timing reifyNode:node_modules/@esbuild/linux-riscv64 Completed in 70ms
npm timing reifyNode:node_modules/@esbuild/linux-ppc64 Completed in 70ms
npm timing reifyNode:node_modules/@esbuild/linux-mips64el Completed in 70ms
npm timing reifyNode:node_modules/@esbuild/linux-loong64 Completed in 70ms
npm timing reifyNode:node_modules/@esbuild/linux-ia32 Completed in 70ms
npm timing reifyNode:node_modules/@esbuild/linux-arm64 Completed in 70ms
npm timing reifyNode:node_modules/@esbuild/linux-arm Completed in 70ms
npm timing reifyNode:node_modules/@esbuild/freebsd-x64 Completed in 70ms
npm timing reifyNode:node_modules/@esbuild/freebsd-arm64 Completed in 70ms
npm timing reifyNode:node_modules/@esbuild/darwin-x64 Completed in 70ms
npm timing reifyNode:node_modules/@esbuild/darwin-arm64 Completed in 70ms
npm timing reifyNode:node_modules/@esbuild/android-x64 Completed in 70ms
npm timing reifyNode:node_modules/@esbuild/android-arm64 Completed in 70ms
npm timing reifyNode:node_modules/@esbuild/android-arm Completed in 70ms
npm timing reifyNode:node_modules/@esbuild/aix-ppc64 Completed in 70ms
npm timing reifyNode:node_modules/cocoa-canvas-client Completed in 221ms
npm timing reifyNode:node_modules/cocoa-canvas-server Completed in 226ms
npm timing auditReport:getReport Completed in 736ms
npm timing metavuln:cache:get:security-advisory:@babel/core:BK5WvESYy/vgjcUft4JcSTLQxxgL/mf1Et8Scy27+RzP2WzIEH3zb0giRIc4oLAbTysjD9NgXInGBTuJPnQacg== Completed in 14ms
npm timing metavuln:cache:get:security-advisory:baseline-browser-mapping:19CNVb4Xa9j8tskjmac2L3l7Ab8xNBmfPNTfjbdzQA2Q1D6ZL2kqioPmLUNIiNnwlnmMHjIIXRjGBqxQig7fxQ== Completed in 12ms
npm timing metavuln:cache:get:security-advisory:body-parser:pig1SyrSKsjwjwwwj/jcD4mcNcfTO4pdo3Rc4tPJdqhmmrNQQn7BKDC6fAaFHDO30oyQ3Itoq6p8rLy4sFuQDg== Completed in 12ms
npm timing metavuln:cache:get:security-advisory:browserslist:M5C0SQI8ImNTQ1x5wnqTejDuc5aQLxTnbhFCGXJJW24JwYKY/Yt2adlRTIavYXbIxeerGyxs4Gr2zVYpp5FW+Q== Completed in 12ms
npm timing metavuln:cache:get:security-advisory:browserslist:ULAud1QMToHkbNQC0AcNQyJjZkY2Vo+/0FVgNKWTDgdtaQD7Tu2AheO2PsVOVgTIV4gTPDHQ0KFy1SKwKqS0KQ== Completed in 11ms
npm timing metavuln:cache:get:security-advisory:esbuild:jKdCIzePj7J1488qgRXvF8Srh9wutSuR1exB8YooNX62hT+qhtrUXYbArLNoIhgwbaCqKpmduh18syZU7BR9SA== Completed in 11ms
npm timing metavuln:cache:get:security-advisory:esbuild:mmDbmXeify80UdRagFfITBhG3xHP4llbx8MchwTjBL3g0WFb/cK8N40wL0tjqR9NE2gMLzj7SHOX2g2NoW8+ew== Completed in 11ms
npm timing metavuln:cache:get:security-advisory:fast-xml-parser:2izhh1Ae8dnxRZsjetPRnYS2MvYb/vopDuV6ItThlYoLAzHh41me6d+Vbp+DBrngDnNrbFyET8ZLnhZg9YUyKQ== Completed in 11ms
npm timing metavuln:cache:get:security-advisory:fast-xml-parser:KrzNg8kV6+FTprlXCVxrxwkcPF1lrRozY2eYlgtGNvSM7VdZyQa/TFrSXMdhXlEcdSzcGjccIukuu5hxHzTtUg== Completed in 11ms
npm timing metavuln:cache:get:security-advisory:fast-xml-parser:uv4RAkUXlLE7xo8QPhefPrzmfAbbss1iZ+0jd263AvGZ5e5+xW+rqxvkD2Eh4nwE2uKzwzgIXY05u154tm4wtw== Completed in 10ms
npm timing metavuln:cache:get:security-advisory:fast-xml-parser:2KtE7vcqq3hGU1APrD4rNRzXUf0zCsJyJoD8XxMz5l7S3M2DYMuJpYMQVj5QDXZBmG9AEDZT1vwlAaw6NALpFg== Completed in 10ms
npm timing metavuln:cache:get:security-advisory:lodash:DNnxUw8Ep7p1YCAJl4A30HMQmsK3uaHxA5fhfuTpXJUBgCvmZbKGD7OWAcfQ2u+fc9lY6ap1BhHpARF9oEarxQ== Completed in 11ms
npm timing metavuln:cache:get:security-advisory:lodash:thshZSsl03tivWaq68PzU+tj1Rdgd6ZGN992B7QB+2oylByv6bvG8a/FXYANJwK5kybQ7+c0hg18JSj4gYikrg== Completed in 11ms
npm timing metavuln:cache:get:security-advisory:nanoid:7CuMCQNQDluhgPC1pp+hvzy4+gzi4PyWxYgA87C/ScAzcOr6G3VwnQz/mA5d5vm6mEjCf6uaR71mtl+N7qGgVg== Completed in 11ms
npm timing metavuln:cache:get:security-advisory:nanoid:G4d3k7GgtTq4GBrwzQ8/x7W0iUhlZxJRv8ECCIxQ8EljG7i12UNClh6yRGwC76MzFuAF5klybdArzm40c5m6pg== Completed in 11ms
npm timing metavuln:cache:get:security-advisory:nanoid:r+z+JMwVfhGHAr/0YAy6/3RrDzRoIYQ2AZVHMg9UDR0NJ2m9fi3DGObNE6EPq2ciL/QAojxEu2QsJ0Zzdynclg== Completed in 11ms
npm timing metavuln:cache:get:security-advisory:nanoid:yj9sIlK+XqrJ/M3KiUWlrRltULANl6YBaCrFOOkhifbHZLeR6WWvNcg8TwCYDTU//Kh28X1uO1HTlx/lWbteSg== Completed in 11ms
npm timing metavuln:cache:get:security-advisory:nanoid:0yzfm74h2ISPme4XQDESd3IOQg79zHFMhy6RZiujZnIoteqQ6dSyiH0qVBqCuUznMPosC/QFvQVHfbUpRCoxjQ== Completed in 11ms
npm timing metavuln:cache:get:security-advisory:path-to-regexp:MgjHwCEvzlLz9p6+Yk8DdZLdAuprFRwJM/BcLFKUnsW5C1PzGCjbdvhfzdrEOsmCJB7eOyV5TvQe+zy4C++sJQ== Completed in 10ms
npm timing metavuln:cache:get:security-advisory:picomatch:GSQ5ghUF1JWDKMssoydWDVRebjlPePRwktLhrdWzXCq5xeBXdo4Cm9HGHnH2b6P1Nq93YjwPmimVjAx6kge32A== Completed in 10ms
npm timing metavuln:cache:get:security-advisory:picomatch:2VXNT0aF/Oc+aljqzVZL+y7UYoRsun3f1sCqjauwt4R4X9DizyqvONZbNtH8U58EY1DnyPNR0Ul3cX6UkEWNqw== Completed in 10ms
npm timing metavuln:cache:get:security-advisory:picomatch:H8EHkZXRRUdil3DyUl8tc8lCQUliQzjc5H5D4llqFojH152sBqO1suz3XiNiRQT++wJdWkgXe/zFc/Bbrrz6ng== Completed in 10ms
npm timing metavuln:cache:get:security-advisory:picomatch:PpR3fLr2OHopA+LsAWF3etD15aOC+jSmDwUcp4VQCTrR40wKvI/IGhhNd2qAhozxRYiHGwb06lLJm+b8SMoG/w== Completed in 10ms
npm timing metavuln:cache:get:security-advisory:postcss:AESkqup7C9sLtHL0OzenAvihqmLzSTOW4+0zIkCCeUjI0qvgEu/UCFfVCIlWzUpfDq20KxUSH5Ru8h4LoxJKRA== Completed in 10ms
npm timing metavuln:cache:get:security-advisory:postcss:685RVq5xScaqegAXk2BRJrsMaZmsz1d/volUoA67iVw3AvHhUlX03u+VPRrmo8iuObcSDvuZF+fuiOnLC9L1uA== Completed in 9ms
npm timing metavuln:cache:get:security-advisory:postcss:vffDf5zeMAO2NG2g47VKaOSrYbOxy9RP7hONH+CZvut446KUCIkc3Fp1vXR3T1gMxB3d9F68wTGe2BUQF6ut/w== Completed in 9ms
npm timing metavuln:cache:get:security-advisory:postcss:CYQpgMxvTqXBVaZq1NAr4RIFkWLFCwyobLa0hEv7E4gMg411Yb94I7Uru51Ci3hUITmSGFK7DCDkX4TqzQYsaw== Completed in 9ms
npm timing metavuln:cache:get:security-advisory:postcss-selector-parser:covT+MWoMY27HNo8VBw80yY9txe9EcZ0OTaXxzPnTvlgv/pmVZ5EoTwL+VQRgBrpLVxAWtUxZrw6bhMqh9EoHA== Completed in 9ms
npm timing metavuln:cache:get:security-advisory:qs:yIOmIfyBVmc4/WIMgGjKfeJx3gCbSUYFP0hfNuRbeY9Cg35Qk+brHYCgLhVvSnrwBD4suH+6LO1UW/NiJlUASA== Completed in 9ms
npm timing metavuln:cache:get:security-advisory:qs:d8aA3MRUHa+nR6p36dDWdh9BwhbY3Ab8gcBS2sP0Jimkk/dzqKymXgU6A8cPdzE765SO0b2GGEOl3D6hJIniZQ== Completed in 10ms
npm timing metavuln:cache:get:security-advisory:qs:qvnFu5Nxt6nk4ZnzBM90Jkp6uhl+WmmOIhp+23qQRnTmnSs41hgsdsDx5uj/JdS2OgYbGnp6tGqfy7F4YN2CIQ== Completed in 10ms
npm timing metavuln:cache:get:security-advisory:rollup:j57+QiunRUdD0cUD+SOC+z9ahAKAX/ORqNrS8xn5EMmMoVNjDT6jDQ8+1zJZRvVKgeAjbBSmjAgyimjwq9Hhfg== Completed in 10ms
npm timing metavuln:cache:get:security-advisory:shell-quote:fqAwyzKgzV507YkOCMmZ0MVsW2IyjhfI8EtMNNIlwDgmla1BR3N2YTYTeJUa4txJdmnx9t8pKKW5Gf1vJIY54A== Completed in 9ms
npm timing metavuln:cache:get:security-advisory:shell-quote:gWuMLxJrdB5cYYnXmLuPYjWBh9v3T6mAs/1n90qstizAjUwF6JtEegc7pxpOH6qZDJP592oeHHx4biyk4QlJHg== Completed in 9ms
npm timing metavuln:cache:get:security-advisory:vite:CReXW7o3cJZ0aN4nhg/gRV1E8OPJ2SoGmmUw6lY2bLjCfF70z3PbDKbutfCbWYbBHkeQ6W4F2IxffSmtDjtaNw== Completed in 9ms
npm timing metavuln:cache:get:security-advisory:vite:I1BdsVrQ8+F0Nz5pjiEY7gYSFBzvKNwOR8nQyg9euOprN34SC4VipJH1GMc8WCRl+e0xZWGr2QiYwiNwqO4gag== Completed in 9ms
npm timing metavuln:cache:get:security-advisory:vite:eMMc8JhNvO5glHecr/Tzj6irpQ2XClO6WLy0eMQ1runry3c/+QJOQWsEHiljttVj4U5BjLuVLZPqZyDVgTsriA== Completed in 9ms
npm timing metavuln:cache:get:security-advisory:ws:riCaqXeEj3LGJHsuDUezanD1igwJ1gD5B0Z0jDf8slGSkFNcUxH/yz4/VwuWsi+XAx/SPZKMWI5kAltGWYRGUg== Completed in 9ms
npm timing metavuln:cache:get:security-advisory:ws:FCiq93wPa5YIRoC+osxDM6AqlUQalSrMxM3xxzdzdy9dCvEbzaPVIuWaJi1l/8fX8Bq49JKEKJAZocgF236GuA== Completed in 8ms
npm timing reifyNode:node_modules/util-deprecate Completed in 1240ms
npm timing reifyNode:node_modules/vfile-message Completed in 1263ms
npm timing reifyNode:node_modules/unpipe Completed in 1264ms
npm timing reifyNode:node_modules/unist-util-stringify-position Completed in 1265ms
npm timing reifyNode:node_modules/vary Completed in 1265ms
npm timing reifyNode:node_modules/utils-merge Completed in 1266ms
npm timing reifyNode:node_modules/update-browserslist-db Completed in 1267ms
npm timing reifyNode:node_modules/yallist Completed in 1269ms
npm timing reifyNode:node_modules/toidentifier Completed in 1270ms
npm timing reifyNode:node_modules/thenify-all Completed in 1270ms
npm timing reifyNode:node_modules/type-is Completed in 1270ms
npm timing reifyNode:node_modules/unist-util-position Completed in 1295ms
npm timing reifyNode:node_modules/unist-util-find-after Completed in 1296ms
npm timing reifyNode:node_modules/zwitch Completed in 1299ms
npm timing reifyNode:node_modules/wrap-ansi Completed in 1298ms
npm timing reifyNode:node_modules/to-regex-range Completed in 1300ms
npm timing reifyNode:node_modules/supports-color Completed in 1300ms
npm timing reifyNode:node_modules/strip-ansi Completed in 1301ms
npm timing reifyNode:node_modules/trim-lines Completed in 1335ms
npm timing reifyNode:node_modules/thenify Completed in 1336ms
npm timing reifyNode:node_modules/supports-preserve-symlinks-flag Completed in 1336ms
npm timing reifyNode:node_modules/strnum Completed in 1336ms
npm timing reifyNode:node_modules/string-width Completed in 1337ms
npm timing reifyNode:node_modules/tinyglobby Completed in 1361ms
npm timing reifyNode:node_modules/tree-kill Completed in 1361ms
npm timing reifyNode:node_modules/statuses Completed in 1362ms
npm timing reifyNode:node_modules/string_decoder Completed in 1399ms
npm timing reifyNode:node_modules/send Completed in 1401ms
npm timing reifyNode:node_modules/safer-buffer Completed in 1401ms
npm timing reifyNode:node_modules/side-channel-map Completed in 1435ms
npm timing reifyNode:node_modules/side-channel-weakmap Completed in 1435ms
npm timing reifyNode:node_modules/side-channel-list Completed in 1436ms
npm timing reifyNode:node_modules/space-separated-tokens Completed in 1475ms
npm timing reifyNode:node_modules/spawn-command Completed in 1476ms
npm timing reifyNode:node_modules/run-parallel Completed in 1477ms
npm timing reifyNode:node_modules/safe-buffer Completed in 1478ms
npm timing reifyNode:node_modules/y18n Completed in 1509ms
npm timing reifyNode:node_modules/simple-peer Completed in 1510ms
npm timing reifyNode:node_modules/setprototypeof Completed in 1510ms
npm timing reifyNode:node_modules/side-channel Completed in 1510ms
npm timing reifyNode:node_modules/remark-parse Completed in 1511ms
npm timing reifyNode:node_modules/require-directory Completed in 1545ms
npm timing reifyNode:node_modules/remark-stringify Completed in 1546ms
npm timing reifyNode:node_modules/remark-gfm Completed in 1546ms
npm timing reifyNode:node_modules/unist-util-is Completed in 1571ms
npm timing reifyNode:node_modules/trough Completed in 1572ms
npm timing reifyNode:node_modules/serve-static Completed in 1574ms
npm timing reifyNode:node_modules/resolve-pkg-maps Completed in 1574ms
npm timing reifyNode:node_modules/read-cache Completed in 1575ms
npm timing reifyNode:node_modules/randombytes Completed in 1576ms
npm timing reifyNode:node_modules/unist-util-visit Completed in 1600ms
npm timing reifyNode:node_modules/ts-interface-checker Completed in 1602ms
npm timing reifyNode:node_modules/proxy-addr Completed in 1605ms
npm timing reifyNode:node_modules/queue-microtask Completed in 1605ms
npm timing reifyNode:node_modules/remark-rehype Completed in 1631ms
npm timing reifyNode:node_modules/rehype-highlight Completed in 1632ms
npm timing reifyNode:node_modules/range-parser Completed in 1632ms
npm timing reifyNode:node_modules/raw-body Completed in 1633ms
npm timing reifyNode:node_modules/postcss-js Completed in 1633ms
npm timing reifyNode:node_modules/picocolors Completed in 1633ms
npm timing reifyNode:node_modules/path-to-regexp Completed in 1633ms
npm timing reifyNode:node_modules/semver Completed in 1665ms
npm timing reifyNode:node_modules/react-is Completed in 1665ms
npm timing reifyNode:node_modules/readdirp Completed in 1666ms
npm timing reifyNode:node_modules/path-parse Completed in 1666ms
npm timing reifyNode:node_modules/react-markdown Completed in 1692ms
npm timing reifyNode:node_modules/postcss-nested Completed in 1691ms
npm timing reifyNode:node_modules/pirates Completed in 1692ms
npm timing reifyNode:node_modules/node-releases Completed in 1693ms
npm timing reifyNode:node_modules/normalize-path Completed in 1693ms
npm timing reifyNode:node_modules/mz Completed in 1694ms
npm timing reifyNode:node_modules/micromark-util-types Completed in 1694ms
npm timing reifyNode:node_modules/react-refresh Completed in 1722ms
npm timing reifyNode:node_modules/pify Completed in 1723ms
npm timing reifyNode:node_modules/on-finished Completed in 1723ms
npm timing reifyNode:node_modules/parseurl Completed in 1755ms
npm timing reifyNode:node_modules/parse-entities Completed in 1756ms
npm timing reifyNode:node_modules/object-assign Completed in 1756ms
npm timing reifyNode:node_modules/postcss-load-config Completed in 1792ms
npm timing reifyNode:node_modules/ms Completed in 1793ms
npm timing reifyNode:node_modules/mime-types Completed in 1794ms
npm timing reifyNode:node_modules/micromark-util-encode Completed in 1795ms
npm timing reifyNode:node_modules/micromark-extension-gfm Completed in 1798ms
npm timing reifyNode:node_modules/reusify Completed in 1827ms
npm timing reifyNode:node_modules/micromark-util-html-tag-name Completed in 1828ms
npm timing reifyNode:node_modules/micromark-util-resolve-all Completed in 1828ms
npm timing reifyNode:node_modules/micromark-util-combine-extensions Completed in 1829ms
npm timing reifyNode:node_modules/unist-util-visit-parents Completed in 1860ms
npm timing reifyNode:node_modules/prop-types Completed in 1863ms
npm timing reifyNode:node_modules/nanoid Completed in 1864ms
npm timing reifyNode:node_modules/micromark-util-decode-string Completed in 1865ms
npm timing reifyNode:node_modules/mdast-util-phrasing Completed in 1868ms
npm timing reifyNode:node_modules/mdast-util-to-string Completed in 1869ms
npm timing reifyNode:node_modules/react-live Completed in 1903ms
npm timing reifyNode:node_modules/postcss-value-parser Completed in 1902ms
npm timing reifyNode:node_modules/mime Completed in 1903ms
npm timing reifyNode:node_modules/micromark-util-normalize-identifier Completed in 1903ms
npm timing reifyNode:node_modules/micromark-util-decode-numeric-character-reference Completed in 1903ms
npm timing reifyNode:node_modules/micromark-util-classify-character Completed in 1903ms
npm timing reifyNode:node_modules/micromark-util-sanitize-uri Completed in 1904ms
npm timing reifyNode:node_modules/micromark-extension-gfm-tagfilter Completed in 1905ms
npm timing reifyNode:node_modules/merge-descriptors Completed in 1905ms
npm timing reifyNode:node_modules/use-editable Completed in 1933ms
npm timing reifyNode:node_modules/negotiator Completed in 1936ms
npm timing reifyNode:node_modules/micromark-factory-space Completed in 1937ms
npm timing reifyNode:node_modules/micromark-factory-label Completed in 1937ms
npm timing reifyNode:node_modules/micromark-factory-destination Completed in 1938ms
npm timing reifyNode:node_modules/markdown-table Completed in 1941ms
npm timing reifyNode:node_modules/loose-envify Completed in 1941ms
npm timing reifyNode:node_modules/object-hash Completed in 1969ms
npm timing reifyNode:node_modules/micromark-factory-whitespace Completed in 1970ms
npm timing reifyNode:node_modules/micromark-util-chunked Completed in 1970ms
npm timing reifyNode:node_modules/micromark-factory-title Completed in 1970ms
npm timing reifyNode:node_modules/merge2 Completed in 1971ms
npm timing reifyNode:node_modules/methods Completed in 1972ms
npm timing reifyNode:node_modules/mdast-util-gfm-strikethrough Completed in 1972ms
npm timing reifyNode:node_modules/mdast-util-gfm-task-list-item Completed in 1973ms
npm timing reifyNode:node_modules/lines-and-columns Completed in 1974ms
npm timing reifyNode:node_modules/media-typer Completed in 2004ms
npm timing reifyNode:node_modules/mdast-util-mdxjs-esm Completed in 2005ms
npm timing reifyNode:node_modules/mdast-util-mdx-expression Completed in 2005ms
npm timing reifyNode:node_modules/mdast-util-gfm-footnote Completed in 2005ms
npm timing reifyNode:node_modules/mdast-util-gfm-table Completed in 2005ms
npm timing reifyNode:node_modules/jsesc Completed in 2007ms
npm timing reifyNode:node_modules/isomorphic.js Completed in 2007ms
npm timing reifyNode:node_modules/is-plain-obj Completed in 2007ms
npm timing reifyNode:node_modules/is-fullwidth-code-point Completed in 2008ms
npm timing reifyNode:node_modules/mdast-util-gfm Completed in 2034ms
npm timing reifyNode:node_modules/is-binary-path Completed in 2036ms
npm timing reifyNode:node_modules/is-alphanumerical Completed in 2036ms
npm timing reifyNode:node_modules/micromatch Completed in 2058ms
npm timing reifyNode:node_modules/mdast-util-gfm-autolink-literal Completed in 2059ms
npm timing reifyNode:node_modules/lru-cache Completed in 2060ms
npm timing reifyNode:node_modules/longest-streak Completed in 2060ms
npm timing reifyNode:node_modules/is-hexadecimal Completed in 2061ms
npm timing reifyNode:node_modules/is-glob Completed in 2061ms
npm timing reifyNode:node_modules/is-number Completed in 2061ms
npm timing reifyNode:node_modules/tslib Completed in 2084ms
npm timing reifyNode:node_modules/picomatch Completed in 2085ms
npm timing reifyNode:node_modules/mdast-util-mdx-jsx Completed in 2087ms
npm timing reifyNode:node_modules/mdast-util-find-and-replace Completed in 2087ms
npm timing reifyNode:node_modules/lilconfig Completed in 2088ms
npm timing reifyNode:node_modules/js-tokens Completed in 2088ms
npm timing reifyNode:node_modules/is-decimal Completed in 2090ms
npm timing reifyNode:node_modules/hasown Completed in 2091ms
npm timing reifyNode:node_modules/shell-quote Completed in 2118ms
npm timing reifyNode:node_modules/micromark-util-character Completed in 2120ms
npm timing reifyNode:node_modules/inherits Completed in 2121ms
npm timing reifyNode:node_modules/ieee754 Completed in 2121ms
npm timing reifyNode:node_modules/http-errors Completed in 2121ms
npm timing reifyNode:node_modules/is-extglob Completed in 2147ms
npm timing reifyNode:node_modules/is-alphabetical Completed in 2147ms
npm timing reifyNode:node_modules/ipaddr.js Completed in 2147ms
npm timing reifyNode:node_modules/hast-util-is-element Completed in 2148ms
npm timing reifyNode:node_modules/fresh Completed in 2148ms
npm timing reifyNode:node_modules/get-caller-file Completed in 2149ms
npm timing reifyNode:node_modules/is-core-module Completed in 2173ms
npm timing reifyNode:node_modules/html-url-attributes Completed in 2174ms
npm timing reifyNode:node_modules/hast-util-to-text Completed in 2174ms
npm timing reifyNode:node_modules/has-flag Completed in 2173ms
npm timing reifyNode:node_modules/glob-parent Completed in 2174ms
npm timing reifyNode:node_modules/hast-util-whitespace Completed in 2198ms
npm timing reifyNode:node_modules/gensync Completed in 2198ms
npm timing reifyNode:node_modules/forwarded Completed in 2199ms
npm timing reifyNode:node_modules/finalhandler Completed in 2199ms
npm timing reifyNode:node_modules/get-browser-rtc Completed in 2199ms
npm timing reifyNode:node_modules/etag Completed in 2200ms
npm timing reifyNode:node_modules/escape-string-regexp Completed in 2200ms
npm timing reifyNode:node_modules/escape-html Completed in 2201ms
npm timing reifyNode:node_modules/extend Completed in 2231ms
npm timing reifyNode:node_modules/ee-first Completed in 2231ms
npm timing reifyNode:node_modules/estree-util-is-identifier-name Completed in 2231ms
npm timing reifyNode:node_modules/postcss-import Completed in 2248ms
npm timing reifyNode:node_modules/gopd Completed in 2254ms
npm timing reifyNode:node_modules/fill-range Completed in 2255ms
npm timing reifyNode:node_modules/use-sync-external-store Completed in 2277ms
npm timing reifyNode:node_modules/get-intrinsic Completed in 2280ms
npm timing reifyNode:node_modules/err-code Completed in 2281ms
npm timing reifyNode:node_modules/encodeurl Completed in 2282ms
npm timing reifyNode:node_modules/decode-named-character-reference Completed in 2283ms
npm timing reifyNode:node_modules/didyoumean Completed in 2306ms
npm timing reifyNode:node_modules/devlop Completed in 2306ms
npm timing reifyNode:node_modules/convert-source-map Completed in 2307ms
npm timing reifyNode:node_modules/get-proto Completed in 2330ms
npm timing reifyNode:node_modules/es-define-property Completed in 2332ms
npm timing reifyNode:node_modules/emoji-regex Completed in 2332ms
npm timing reifyNode:node_modules/depd Completed in 2333ms
npm timing reifyNode:node_modules/cssesc Completed in 2333ms
npm timing reifyNode:node_modules/comma-separated-tokens Completed in 2334ms
npm timing reifyNode:node_modules/mime-db Completed in 2356ms
npm timing reifyNode:node_modules/destroy Completed in 2358ms
npm timing reifyNode:node_modules/cookie-signature Completed in 2359ms
npm timing reifyNode:node_modules/cors Completed in 2359ms
npm timing reifyNode:node_modules/content-disposition Completed in 2359ms
npm timing reifyNode:node_modules/color-convert Completed in 2360ms
npm timing reifyNode:node_modules/character-entities-html4 Completed in 2360ms
npm timing reifyNode:node_modules/style-to-object Completed in 2382ms
npm timing reifyNode:node_modules/es-object-atoms Completed in 2385ms
npm timing reifyNode:node_modules/debug Completed in 2386ms
npm timing reifyNode:node_modules/cookie Completed in 2387ms
npm timing reifyNode:node_modules/hast-util-to-jsx-runtime Completed in 2406ms
npm timing reifyNode:node_modules/fdir Completed in 2405ms
npm timing reifyNode:node_modules/content-type Completed in 2406ms
npm timing reifyNode:node_modules/ccount Completed in 2407ms
npm timing reifyNode:node_modules/call-bound Completed in 2408ms
npm timing reifyNode:node_modules/array-flatten Completed in 2409ms
npm timing reifyNode:node_modules/anymatch Completed in 2409ms
npm timing reifyNode:node_modules/arg Completed in 2409ms
npm timing reifyNode:node_modules/yargs-parser Completed in 2432ms
npm timing reifyNode:node_modules/function-bind Completed in 2433ms
npm timing reifyNode:node_modules/commander Completed in 2435ms
npm timing reifyNode:node_modules/color-name Completed in 2435ms
npm timing reifyNode:node_modules/character-entities-legacy Completed in 2435ms
npm timing reifyNode:node_modules/character-entities Completed in 2436ms
npm timing reifyNode:node_modules/bytes Completed in 2436ms
npm timing reifyNode:node_modules/accepts Completed in 2437ms
npm timing reifyNode:node_modules/escalade Completed in 2460ms
npm timing reifyNode:node_modules/esbuild Completed in 2460ms
npm timing reifyNode:node_modules/chalk Completed in 2461ms
npm timing reifyNode:node_modules/camelcase-css Completed in 2461ms
npm timing reifyNode:node_modules/buffer Completed in 2461ms
npm timing reifyNode:node_modules/binary-extensions Completed in 2462ms
npm timing reifyNode:node_modules/base64-js Completed in 2462ms
npm timing reifyNode:node_modules/character-reference-invalid Completed in 2462ms
npm timing reifyNode:node_modules/unified Completed in 2480ms
npm timing reifyNode:node_modules/dlv Completed in 2483ms
npm timing reifyNode:node_modules/ansi-regex Completed in 2484ms
npm timing reifyNode:node_modules/ansi-styles Completed in 2485ms
npm timing reifyNode:node_modules/@types/serve-static Completed in 2485ms
npm timing reifyNode:node_modules/scheduler Completed in 2526ms
npm timing reifyNode:node_modules/dunder-proto Completed in 2529ms
npm timing reifyNode:node_modules/bail Completed in 2531ms
npm timing reifyNode:node_modules/@types/mime Completed in 2531ms
npm timing reifyNode:node_modules/@types/hast Completed in 2531ms
npm timing reifyNode:node_modules/clsx Completed in 2571ms
npm timing reifyNode:node_modules/browserslist Completed in 2572ms
npm timing reifyNode:node_modules/@types/react-dom Completed in 2573ms
npm timing reifyNode:node_modules/@types/send Completed in 2573ms
npm timing reifyNode:node_modules/@types/range-parser Completed in 2573ms
npm timing reifyNode:node_modules/@types/qs Completed in 2574ms
npm timing reifyNode:node_modules/@types/ws Completed in 2574ms
npm timing reifyNode:node_modules/@types/prismjs Completed in 2573ms
npm timing reifyNode:node_modules/@types/express-serve-static-core Completed in 2573ms
npm timing reifyNode:node_modules/@types/babel__generator Completed in 2574ms
npm timing reifyNode:node_modules/micromark-util-subtokenize Completed in 2596ms
npm timing reifyNode:node_modules/get-tsconfig Completed in 2597ms
npm timing reifyNode:node_modules/@types/unist Completed in 2600ms
npm timing reifyNode:node_modules/@types/ms Completed in 2599ms
npm timing reifyNode:node_modules/@types/mdast Completed in 2600ms
npm timing reifyNode:node_modules/@types/express Completed in 2600ms
npm timing reifyNode:node_modules/fastq Completed in 2623ms
npm timing reifyNode:node_modules/@types/prop-types Completed in 2623ms
npm timing reifyNode:node_modules/@types/http-errors Completed in 2624ms
npm timing reifyNode:node_modules/@types/estree Completed in 2624ms
npm timing reifyNode:node_modules/@types/estree-jsx Completed in 2624ms
npm timing reifyNode:node_modules/micromark-extension-gfm-task-list-item Completed in 2646ms
npm timing reifyNode:node_modules/lowlight Completed in 2647ms
npm timing reifyNode:node_modules/has-symbols Completed in 2647ms
npm timing reifyNode:node_modules/es-errors Completed in 2647ms
npm timing reifyNode:node_modules/chokidar Completed in 2647ms
npm timing reifyNode:node_modules/@types/connect Completed in 2647ms
npm timing reifyNode:node_modules/@types/body-parser Completed in 2647ms
npm timing reifyNode:node_modules/electron-to-chromium Completed in 2669ms
npm timing reifyNode:node_modules/dequal Completed in 2669ms
npm timing reifyNode:node_modules/cliui Completed in 2670ms
npm timing reifyNode:node_modules/@types/cors Completed in 2670ms
npm timing reifyNode:node_modules/@types/debug Completed in 2670ms
npm timing reifyNode:node_modules/source-map-js Completed in 2693ms
npm timing reifyNode:node_modules/dotenv Completed in 2694ms
npm timing reifyNode:node_modules/@types/babel__template Completed in 2694ms
npm timing reifyNode:node_modules/@types/babel__core Completed in 2694ms
npm timing reifyNode:node_modules/@smithy/util-hex-encoding Completed in 2695ms
npm timing reifyNode:node_modules/style-to-js Completed in 2715ms
npm timing reifyNode:node_modules/inline-style-parser Completed in 2717ms
npm timing reifyNode:node_modules/@types/babel__traverse Completed in 2716ms
npm timing reifyNode:node_modules/micromark-extension-gfm-strikethrough Completed in 2737ms
npm timing reifyNode:node_modules/call-bind-apply-helpers Completed in 2739ms
npm timing reifyNode:node_modules/braces Completed in 2761ms
npm timing reifyNode:node_modules/@smithy/util-buffer-from Completed in 2761ms
npm timing reifyNode:node_modules/undici-types Completed in 2787ms
npm timing reifyNode:node_modules/@smithy/url-parser Completed in 2790ms
npm timing reifyNode:node_modules/@vitejs/plugin-react Completed in 2812ms
npm timing reifyNode:node_modules/@smithy/querystring-parser Completed in 2813ms
npm timing reifyNode:node_modules/@smithy/middleware-content-length Completed in 2812ms
npm timing reifyNode:node_modules/micromark-util-symbol Completed in 2838ms
npm timing reifyNode:node_modules/micromark-extension-gfm-autolink-literal Completed in 2838ms
npm timing reifyNode:node_modules/@smithy/is-array-buffer Completed in 2872ms
npm timing reifyNode:node_modules/@smithy/querystring-builder Completed in 2873ms
npm timing reifyNode:node_modules/micromark-extension-gfm-footnote Completed in 2900ms
npm timing reifyNode:node_modules/@smithy/hash-node Completed in 2901ms
npm timing reifyNode:node_modules/body-parser Completed in 2924ms
npm timing reifyNode:node_modules/@babel/plugin-transform-react-jsx-self Completed in 2926ms
npm timing reifyNode:node_modules/@rolldown/pluginutils Completed in 2959ms
npm timing reifyNode:node_modules/@babel/plugin-transform-react-jsx-source Completed in 2959ms
npm timing reifyNode:node_modules/baseline-browser-mapping Completed in 2983ms
npm timing reifyNode:node_modules/@babel/code-frame Completed in 2986ms
npm timing reifyNode:node_modules/@babel/helper-string-parser Completed in 3017ms
npm timing reifyNode:node_modules/@babel/helper-globals Completed in 3018ms
npm timing reifyNode:node_modules/math-intrinsics Completed in 3047ms
npm timing reifyNode:node_modules/@smithy/util-body-length-node Completed in 3047ms
npm timing reifyNode:node_modules/@smithy/util-body-length-browser Completed in 3047ms
npm timing reifyNode:node_modules/ws Completed in 3068ms
npm timing reifyNode:node_modules/@babel/helper-plugin-utils Completed in 3070ms
npm timing reifyNode:node_modules/qs Completed in 3098ms
npm timing reifyNode:node_modules/stringify-entities Completed in 3132ms
npm timing reifyNode:node_modules/@smithy/service-error-classification Completed in 3134ms
npm timing reifyNode:node_modules/@aws-sdk/util-locate-window Completed in 3136ms
npm timing reifyNode:node_modules/@aws/lambda-invoke-store Completed in 3136ms
npm timing reifyNode:node_modules/@jridgewell/resolve-uri Completed in 3171ms
npm timing reifyNode:node_modules/@aws-sdk/util-format-url Completed in 3174ms
npm timing reifyNode:node_modules/@aws-sdk/middleware-host-header Completed in 3174ms
npm timing reifyNode:node_modules/react Completed in 3211ms
npm timing reifyNode:node_modules/mdast-util-from-markdown Completed in 3211ms
npm timing reifyNode:node_modules/@smithy/eventstream-serde-config-resolver Completed in 3278ms
npm timing reifyNode:node_modules/@babel/helper-validator-option Completed in 3278ms
npm timing reifyNode:node_modules/@babel/helper-validator-identifier Completed in 3279ms
npm timing reifyNode:node_modules/prism-react-renderer Completed in 3312ms
npm timing reifyNode:node_modules/@ungap/structured-clone Completed in 3313ms
npm timing reifyNode:node_modules/@smithy/util-uri-escape Completed in 3312ms
npm timing reifyNode:node_modules/@smithy/util-middleware Completed in 3348ms
npm timing reifyNode:node_modules/@alloc/quick-lru Completed in 3351ms
npm timing reifyNode:node_modules/send/node_modules/debug/node_modules/ms Completed in 3358ms
npm timing reifyNode:node_modules/chalk/node_modules/supports-color Completed in 3357ms
npm timing reifyNode:node_modules/parse-entities/node_modules/@types/unist Completed in 3398ms
npm timing reifyNode:node_modules/fast-glob/node_modules/glob-parent Completed in 3397ms
npm timing reifyNode:node_modules/@types/serve-static/node_modules/@types/send Completed in 3398ms
npm timing reifyNode:node_modules/finalhandler/node_modules/ms Completed in 3430ms
npm timing reifyNode:node_modules/express/node_modules/ms Completed in 3430ms
npm timing reifyNode:node_modules/body-parser/node_modules/ms Completed in 3431ms
npm timing reifyNode:node_modules/chokidar/node_modules/glob-parent Completed in 3466ms
npm timing reifyNode:node_modules/@smithy/invalid-dependency Completed in 3527ms
npm timing reifyNode:node_modules/@smithy/util-base64/node_modules/@smithy/util-buffer-from Completed in 3534ms
npm timing reifyNode:node_modules/fraction.js Completed in 3561ms
npm timing reifyNode:node_modules/@smithy/util-buffer-from/node_modules/@smithy/is-array-buffer Completed in 3569ms
npm timing reifyNode:node_modules/bowser Completed in 3608ms
npm timing reifyNode:node_modules/@smithy/smithy-client/node_modules/@smithy/url-parser Completed in 3614ms
npm timing reifyNode:node_modules/@smithy/smithy-client/node_modules/@smithy/querystring-builder Completed in 3614ms
npm timing reifyNode:node_modules/@smithy/smithy-client/node_modules/@smithy/querystring-parser Completed in 3615ms
npm timing reifyNode:node_modules/vfile Completed in 3639ms
npm timing reifyNode:node_modules/@smithy/middleware-stack Completed in 3639ms
npm timing reifyNode:node_modules/@smithy/abort-controller Completed in 3639ms
npm timing reifyNode:node_modules/@aws-sdk/middleware-logger Completed in 3640ms
npm timing reifyNode:node_modules/@smithy/util-base64/node_modules/@smithy/is-array-buffer Completed in 3645ms
npm timing reifyNode:node_modules/@babel/helper-module-imports Completed in 3671ms
npm timing reifyNode:node_modules/vite/node_modules/esbuild Completed in 3678ms
npm timing reifyNode:node_modules/@smithy/smithy-client/node_modules/@smithy/util-buffer-from Completed in 3677ms
npm timing reifyNode:node_modules/@smithy/smithy-client/node_modules/@smithy/util-hex-encoding Completed in 3678ms
npm timing reifyNode:node_modules/@aws-sdk/credential-provider-env Completed in 3735ms
npm timing reifyNode:node_modules/@smithy/smithy-client/node_modules/@smithy/is-array-buffer Completed in 3742ms
npm timing reifyNode:node_modules/@smithy/util-config-provider Completed in 3763ms
npm timing reifyNode:node_modules/@babel/compat-data Completed in 3763ms
npm timing reifyNode:node_modules/@smithy/signature-v4/node_modules/@smithy/util-hex-encoding Completed in 3770ms
npm timing reifyNode:node_modules/json5 Completed in 3798ms
npm timing reifyNode:node_modules/express Completed in 3797ms
npm timing reifyNode:node_modules/tinyglobby/node_modules/picomatch Completed in 3805ms
npm timing reifyNode:node_modules/@smithy/util-defaults-mode-node Completed in 3827ms
npm timing reifyNode:node_modules/@smithy/eventstream-serde-node/node_modules/@smithy/util-hex-encoding Completed in 3898ms
npm timing reifyNode:node_modules/@smithy/signature-v4/node_modules/@smithy/util-buffer-from Completed in 3932ms
npm timing reifyNode:node_modules/@smithy/middleware-serde Completed in 3954ms
npm timing reifyNode:node_modules/send/node_modules/debug Completed in 3962ms
npm timing reifyNode:node_modules/body-parser/node_modules/debug Completed in 3960ms
npm timing reifyNode:node_modules/finalhandler/node_modules/debug Completed in 3991ms
npm timing reifyNode:node_modules/express/node_modules/debug Completed in 3991ms
npm timing reifyNode:node_modules/@types/react Completed in 4010ms
npm timing reifyNode:node_modules/object-inspect Completed in 4033ms
npm timing reifyNode:node_modules/@smithy/util-defaults-mode-browser Completed in 4033ms
npm timing reifyNode:node_modules/@aws-sdk/nested-clients/node_modules/@smithy/is-array-buffer Completed in 4045ms
npm timing reifyNode:node_modules/@aws-sdk/nested-clients/node_modules/@aws-crypto/util/node_modules/@smithy/util-buffer-from Completed in 4046ms
npm timing reifyNode:node_modules/@smithy/eventstream-serde-browser Completed in 4073ms
npm timing reifyNode:node_modules/@aws-sdk/middleware-websocket/node_modules/@smithy/is-array-buffer Completed in 4114ms
npm timing reifyNode:node_modules/@smithy/eventstream-serde-node/node_modules/@aws-crypto/crc32/node_modules/tslib Completed in 4133ms
npm timing reifyNode:node_modules/@smithy/eventstream-serde-node/node_modules/@aws-crypto/util/node_modules/tslib Completed in 4133ms
npm timing reifyNode:node_modules/@aws-sdk/credential-provider-web-identity Completed in 4155ms
npm timing reifyNode:node_modules/@nodelib/fs.stat Completed in 4174ms
npm timing reifyNode:node_modules/@aws-sdk/client-cognito-identity/node_modules/@aws-crypto/util/node_modules/@smithy/util-buffer-from Completed in 4182ms
npm timing reifyNode:node_modules/@smithy/uuid Completed in 4192ms
npm timing reifyNode:node_modules/@babel/helper-compilation-targets Completed in 4193ms
npm timing reifyNode:node_modules/@aws-sdk/core/node_modules/@smithy/is-array-buffer Completed in 4200ms
npm timing reifyNode:node_modules/@aws-sdk/credential-provider-login Completed in 4210ms
npm timing reifyNode:node_modules/@aws-sdk/client-cognito-identity/node_modules/@smithy/is-array-buffer Completed in 4217ms
npm timing reifyNode:node_modules/@smithy/eventstream-serde-node Completed in 4227ms
npm timing reifyNode:node_modules/@aws-sdk/util-utf8-browser Completed in 4230ms
npm timing reifyNode:node_modules/@aws-sdk/client-bedrock-runtime/node_modules/@smithy/is-array-buffer Completed in 4236ms
npm timing reifyNode:node_modules/@aws-sdk/client-bedrock-runtime/node_modules/@aws-crypto/util/node_modules/@smithy/util-buffer-from Completed in 4237ms
npm timing reifyNode:node_modules/@aws-crypto/sha256-browser/node_modules/@smithy/util-buffer-from Completed in 4237ms
npm timing reifyNode:node_modules/@smithy/fetch-http-handler Completed in 4246ms
npm timing reifyNode:node_modules/@smithy/eventstream-serde-universal Completed in 4246ms
npm timing reifyNode:node_modules/@aws-crypto/crc32/node_modules/@smithy/util-buffer-from Completed in 4255ms
npm timing reifyNode:node_modules/@aws-crypto/sha256-browser/node_modules/@smithy/is-array-buffer Completed in 4271ms
npm timing reifyNode:node_modules/@aws-crypto/crc32/node_modules/@smithy/is-array-buffer Completed in 4271ms
npm timing metavuln:packument:picomatch Completed in 3545ms
npm timing metavuln:load:security-advisory:picomatch:1115549 Completed in 2ms
npm timing metavuln:load:security-advisory:picomatch:1115551 Completed in 1ms
npm timing metavuln:load:security-advisory:picomatch:1115552 Completed in 1ms
npm timing metavuln:load:security-advisory:picomatch:1115554 Completed in 0ms
npm timing metavuln:packument:shell-quote Completed in 3548ms
npm timing metavuln:load:security-advisory:shell-quote:1120422 Completed in 1ms
npm timing metavuln:load:security-advisory:shell-quote:1123944 Completed in 2ms
npm timing reifyNode:node_modules/@smithy/util-utf8 Completed in 4290ms
npm timing reifyNode:node_modules/@aws-sdk/eventstream-handler-node Completed in 4311ms
npm timing reifyNode:node_modules/@smithy/eventstream-serde-node/node_modules/@aws-crypto/crc32 Completed in 4315ms
npm timing metavuln:packument:path-to-regexp Completed in 3590ms
npm timing metavuln:load:security-advisory:path-to-regexp:1115527 Completed in 0ms
npm timing metavuln:packument:lodash Completed in 3593ms
npm timing metavuln:load:security-advisory:lodash:1115806 Completed in 2ms
npm timing metavuln:load:security-advisory:lodash:1115810 Completed in 2ms
npm timing reifyNode:node_modules/@smithy/smithy-client/node_modules/@smithy/util-uri-escape Completed in 4336ms
npm timing reifyNode:node_modules/any-promise Completed in 4349ms
npm timing reifyNode:node_modules/readable-stream Completed in 4368ms
npm timing reifyNode:node_modules/@babel/template Completed in 4365ms
npm timing reifyNode:node_modules/@aws-sdk/util-user-agent-browser Completed in 4366ms
npm timing metavuln:packument:body-parser Completed in 3652ms
npm timing metavuln:load:security-advisory:body-parser:1123977 Completed in 2ms
npm timing reifyNode:node_modules/@babel/helper-module-transforms Completed in 4388ms
npm timing reifyNode:node_modules/@aws-sdk/credential-provider-node Completed in 4390ms
npm timing reifyNode:node_modules/@smithy/smithy-client/node_modules/@smithy/util-middleware Completed in 4394ms
npm timing reifyNode:node_modules/@aws-crypto/sha256-js/node_modules/tslib Completed in 4397ms
npm timing reifyNode:node_modules/@aws-crypto/util/node_modules/tslib Completed in 4398ms
npm timing metavuln:packument:postcss-selector-parser Completed in 3671ms
npm timing metavuln:load:security-advisory:postcss-selector-parser:1153170 Completed in 1ms
npm timing reifyNode:node_modules/@smithy/signature-v4/node_modules/@smithy/util-uri-escape Completed in 4414ms
npm timing reifyNode:node_modules/csstype Completed in 4431ms
npm timing reifyNode:node_modules/@smithy/smithy-client/node_modules/@smithy/abort-controller Completed in 4437ms
npm timing reifyNode:node_modules/@smithy/node-config-provider Completed in 4447ms
npm timing reifyNode:node_modules/@aws-sdk/credential-provider-process Completed in 4449ms
npm timing reifyNode:node_modules/@smithy/smithy-client/node_modules/@smithy/middleware-stack Completed in 4453ms
npm timing metavuln:packument:baseline-browser-mapping Completed in 3734ms
npm timing metavuln:load:security-advisory:baseline-browser-mapping:1193686 Completed in 2ms
npm timing metavuln:packument:nanoid Completed in 3736ms
npm timing metavuln:load:security-advisory:nanoid:1138810 Completed in 1ms
npm timing metavuln:load:security-advisory:nanoid:1138811 Completed in 1ms
npm timing metavuln:load:security-advisory:nanoid:1139427 Completed in 2ms
npm timing metavuln:load:security-advisory:nanoid:1153188 Completed in 1ms
npm timing metavuln:load:security-advisory:nanoid:1153189 Completed in 2ms
npm timing reifyNode:node_modules/@smithy/signature-v4/node_modules/@smithy/util-middleware Completed in 4482ms
npm timing metavuln:packument:qs Completed in 3758ms
npm timing metavuln:load:security-advisory:qs:1158506 Completed in 1ms
npm timing metavuln:load:security-advisory:qs:1158507 Completed in 2ms
npm timing metavuln:load:security-advisory:qs:1119502 Completed in 1ms
npm timing reifyNode:node_modules/@aws-sdk/middleware-eventstream Completed in 4500ms
npm timing reifyNode:node_modules/react-xarrows Completed in 4519ms
npm timing reifyNode:node_modules/postcss/node_modules/nanoid Completed in 4525ms
npm timing metavuln:packument:ws Completed in 3817ms
npm timing metavuln:load:security-advisory:ws:1119108 Completed in 4ms
npm timing metavuln:load:security-advisory:ws:1123259 Completed in 3ms
npm timing reifyNode:node_modules/@aws-sdk/util-user-agent-node Completed in 4599ms
npm timing metavuln:packument:fast-xml-parser Completed in 3885ms
npm timing metavuln:load:security-advisory:fast-xml-parser:1117911 Completed in 3ms
npm timing metavuln:load:security-advisory:fast-xml-parser:1114153 Completed in 2ms
npm timing metavuln:load:security-advisory:fast-xml-parser:1115339 Completed in 2ms
npm timing metavuln:load:security-advisory:fast-xml-parser:1116307 Completed in 2ms
npm timing metavuln:cache:put:security-advisory:picomatch:PpR3fLr2OHopA+LsAWF3etD15aOC+jSmDwUcp4VQCTrR40wKvI/IGhhNd2qAhozxRYiHGwb06lLJm+b8SMoG/w== Completed in 348ms
npm timing metavuln:calculate:security-advisory:picomatch:1115554 Completed in 3897ms
npm timing metavuln:cache:put:security-advisory:picomatch:2VXNT0aF/Oc+aljqzVZL+y7UYoRsun3f1sCqjauwt4R4X9DizyqvONZbNtH8U58EY1DnyPNR0Ul3cX6UkEWNqw== Completed in 350ms
npm timing metavuln:calculate:security-advisory:picomatch:1115551 Completed in 3898ms
npm timing metavuln:cache:put:security-advisory:shell-quote:fqAwyzKgzV507YkOCMmZ0MVsW2IyjhfI8EtMNNIlwDgmla1BR3N2YTYTeJUa4txJdmnx9t8pKKW5Gf1vJIY54A== Completed in 348ms
npm timing metavuln:calculate:security-advisory:shell-quote:1120422 Completed in 3897ms
npm timing metavuln:cache:put:security-advisory:shell-quote:gWuMLxJrdB5cYYnXmLuPYjWBh9v3T6mAs/1n90qstizAjUwF6JtEegc7pxpOH6qZDJP592oeHHx4biyk4QlJHg== Completed in 346ms
npm timing metavuln:calculate:security-advisory:shell-quote:1123944 Completed in 3897ms
npm timing reifyNode:node_modules/micromark-extension-gfm-table Completed in 4635ms
npm timing reifyNode:node_modules/@smithy/property-provider Completed in 4634ms
npm timing reifyNode:node_modules/@aws-crypto/util Completed in 4633ms
npm timing metavuln:packument:browserslist Completed in 3935ms
npm timing metavuln:load:security-advisory:browserslist:1153171 Completed in 2ms
npm timing metavuln:load:security-advisory:browserslist:1153172 Completed in 2ms
npm timing metavuln:cache:put:security-advisory:path-to-regexp:MgjHwCEvzlLz9p6+Yk8DdZLdAuprFRwJM/BcLFKUnsW5C1PzGCjbdvhfzdrEOsmCJB7eOyV5TvQe+zy4C++sJQ== Completed in 346ms
npm timing metavuln:calculate:security-advisory:path-to-regexp:1115527 Completed in 3937ms
npm timing metavuln:cache:put:security-advisory:lodash:DNnxUw8Ep7p1YCAJl4A30HMQmsK3uaHxA5fhfuTpXJUBgCvmZbKGD7OWAcfQ2u+fc9lY6ap1BhHpARF9oEarxQ== Completed in 343ms
npm timing metavuln:calculate:security-advisory:lodash:1115806 Completed in 3938ms
npm timing metavuln:cache:put:security-advisory:picomatch:H8EHkZXRRUdil3DyUl8tc8lCQUliQzjc5H5D4llqFojH152sBqO1suz3XiNiRQT++wJdWkgXe/zFc/Bbrrz6ng== Completed in 388ms
npm timing metavuln:calculate:security-advisory:picomatch:1115552 Completed in 3937ms
npm timing metavuln:cache:put:security-advisory:picomatch:GSQ5ghUF1JWDKMssoydWDVRebjlPePRwktLhrdWzXCq5xeBXdo4Cm9HGHnH2b6P1Nq93YjwPmimVjAx6kge32A== Completed in 390ms
npm timing metavuln:calculate:security-advisory:picomatch:1115549 Completed in 3937ms
npm timing reifyNode:node_modules/@smithy/util-base64 Completed in 4673ms
npm timing metavuln:cache:put:security-advisory:lodash:thshZSsl03tivWaq68PzU+tj1Rdgd6ZGN992B7QB+2oylByv6bvG8a/FXYANJwK5kybQ7+c0hg18JSj4gYikrg== Completed in 373ms
npm timing metavuln:calculate:security-advisory:lodash:1115810 Completed in 3970ms
npm timing metavuln:cache:put:security-advisory:body-parser:pig1SyrSKsjwjwwwj/jcD4mcNcfTO4pdo3Rc4tPJdqhmmrNQQn7BKDC6fAaFHDO30oyQ3Itoq6p8rLy4sFuQDg== Completed in 332ms
npm timing metavuln:calculate:security-advisory:body-parser:1123977 Completed in 3986ms
npm timing reifyNode:node_modules/@aws-sdk/middleware-user-agent Completed in 4719ms
npm timing reifyNode:node_modules/@smithy/smithy-client/node_modules/@smithy/middleware-serde Completed in 4723ms
npm timing reifyNode:node_modules/@aws-sdk/middleware-recursion-detection Completed in 4753ms
npm timing metavuln:cache:put:security-advisory:postcss-selector-parser:covT+MWoMY27HNo8VBw80yY9txe9EcZ0OTaXxzPnTvlgv/pmVZ5EoTwL+VQRgBrpLVxAWtUxZrw6bhMqh9EoHA== Completed in 364ms
npm timing metavuln:calculate:security-advisory:postcss-selector-parser:1153170 Completed in 4036ms
npm timing reifyNode:node_modules/@jridgewell/sourcemap-codec Completed in 4771ms
npm timing metavuln:cache:put:security-advisory:nanoid:7CuMCQNQDluhgPC1pp+hvzy4+gzi4PyWxYgA87C/ScAzcOr6G3VwnQz/mA5d5vm6mEjCf6uaR71mtl+N7qGgVg== Completed in 316ms
npm timing metavuln:calculate:security-advisory:nanoid:1138810 Completed in 4053ms
npm timing metavuln:cache:put:security-advisory:nanoid:G4d3k7GgtTq4GBrwzQ8/x7W0iUhlZxJRv8ECCIxQ8EljG7i12UNClh6yRGwC76MzFuAF5klybdArzm40c5m6pg== Completed in 314ms
npm timing metavuln:calculate:security-advisory:nanoid:1138811 Completed in 4053ms
npm timing metavuln:cache:put:security-advisory:nanoid:0yzfm74h2ISPme4XQDESd3IOQg79zHFMhy6RZiujZnIoteqQ6dSyiH0qVBqCuUznMPosC/QFvQVHfbUpRCoxjQ== Completed in 309ms
npm timing metavuln:calculate:security-advisory:nanoid:1153189 Completed in 4054ms
npm timing metavuln:cache:put:security-advisory:nanoid:yj9sIlK+XqrJ/M3KiUWlrRltULANl6YBaCrFOOkhifbHZLeR6WWvNcg8TwCYDTU//Kh28X1uO1HTlx/lWbteSg== Completed in 312ms
npm timing metavuln:calculate:security-advisory:nanoid:1153188 Completed in 4054ms
npm timing reifyNode:node_modules/@aws-crypto/supports-web-crypto Completed in 4788ms
npm timing reifyNode:node_modules/@aws-crypto/crc32 Completed in 4788ms
npm timing metavuln:cache:put:security-advisory:qs:qvnFu5Nxt6nk4ZnzBM90Jkp6uhl+WmmOIhp+23qQRnTmnSs41hgsdsDx5uj/JdS2OgYbGnp6tGqfy7F4YN2CIQ== Completed in 306ms
npm timing metavuln:calculate:security-advisory:qs:1119502 Completed in 4068ms
npm timing metavuln:cache:put:security-advisory:qs:d8aA3MRUHa+nR6p36dDWdh9BwhbY3Ab8gcBS2sP0Jimkk/dzqKymXgU6A8cPdzE765SO0b2GGEOl3D6hJIniZQ== Completed in 307ms
npm timing metavuln:calculate:security-advisory:qs:1158507 Completed in 4068ms
npm timing metavuln:cache:put:security-advisory:qs:yIOmIfyBVmc4/WIMgGjKfeJx3gCbSUYFP0hfNuRbeY9Cg35Qk+brHYCgLhVvSnrwBD4suH+6LO1UW/NiJlUASA== Completed in 309ms
npm timing metavuln:calculate:security-advisory:qs:1158506 Completed in 4068ms
npm timing reifyNode:node_modules/@smithy/smithy-client/node_modules/@smithy/fetch-http-handler Completed in 4807ms
npm timing metavuln:packument:postcss Completed in 4084ms
npm timing metavuln:load:security-advisory:postcss:1130709 Completed in 2ms
npm timing metavuln:load:security-advisory:postcss:1117015 Completed in 2ms
npm timing metavuln:load:security-advisory:postcss:1124252 Completed in 2ms
npm timing metavuln:load:security-advisory:postcss:1139510 Completed in 2ms
npm timing metavuln:packument:@babel/core Completed in 4100ms
npm timing metavuln:load:security-advisory:@babel/core:1123528 Completed in 2ms
npm timing reifyNode:node_modules/iconv-lite Completed in 4835ms
npm timing reifyNode:node_modules/@aws-crypto/sha256-js Completed in 4855ms
npm timing reifyNode:node_modules/@aws-sdk/client-bedrock-runtime/node_modules/@smithy/eventstream-serde-node Completed in 4862ms
npm timing metavuln:cache:put:security-advisory:baseline-browser-mapping:19CNVb4Xa9j8tskjmac2L3l7Ab8xNBmfPNTfjbdzQA2Q1D6ZL2kqioPmLUNIiNnwlnmMHjIIXRjGBqxQig7fxQ== Completed in 401ms
npm timing metavuln:calculate:security-advisory:baseline-browser-mapping:1193686 Completed in 4137ms
npm timing metavuln:cache:put:security-advisory:nanoid:r+z+JMwVfhGHAr/0YAy6/3RrDzRoIYQ2AZVHMg9UDR0NJ2m9fi3DGObNE6EPq2ciL/QAojxEu2QsJ0Zzdynclg== Completed in 395ms
npm timing metavuln:calculate:security-advisory:nanoid:1139427 Completed in 4136ms
npm timing metavuln:cache:put:security-advisory:ws:riCaqXeEj3LGJHsuDUezanD1igwJ1gD5B0Z0jDf8slGSkFNcUxH/yz4/VwuWsi+XAx/SPZKMWI5kAltGWYRGUg== Completed in 313ms
npm timing metavuln:calculate:security-advisory:ws:1119108 Completed in 4134ms
npm timing reifyNode:node_modules/@nodelib/fs.scandir Completed in 4868ms
npm timing metavuln:cache:put:security-advisory:ws:FCiq93wPa5YIRoC+osxDM6AqlUQalSrMxM3xxzdzdy9dCvEbzaPVIuWaJi1l/8fX8Bq49JKEKJAZocgF236GuA== Completed in 339ms
npm timing metavuln:calculate:security-advisory:ws:1123259 Completed in 4162ms
npm timing metavuln:cache:put:security-advisory:fast-xml-parser:2izhh1Ae8dnxRZsjetPRnYS2MvYb/vopDuV6ItThlYoLAzHh41me6d+Vbp+DBrngDnNrbFyET8ZLnhZg9YUyKQ== Completed in 297ms
npm timing metavuln:calculate:security-advisory:fast-xml-parser:1117911 Completed in 4186ms
npm timing metavuln:cache:put:security-advisory:fast-xml-parser:2KtE7vcqq3hGU1APrD4rNRzXUf0zCsJyJoD8XxMz5l7S3M2DYMuJpYMQVj5QDXZBmG9AEDZT1vwlAaw6NALpFg== Completed in 291ms
npm timing metavuln:calculate:security-advisory:fast-xml-parser:1116307 Completed in 4185ms
npm timing metavuln:cache:put:security-advisory:fast-xml-parser:uv4RAkUXlLE7xo8QPhefPrzmfAbbss1iZ+0jd263AvGZ5e5+xW+rqxvkD2Eh4nwE2uKzwzgIXY05u154tm4wtw== Completed in 293ms
npm timing metavuln:calculate:security-advisory:fast-xml-parser:1115339 Completed in 4185ms
npm timing reifyNode:node_modules/@smithy/smithy-client/node_modules/@smithy/node-config-provider Completed in 4924ms
npm timing reifyNode:node_modules/@smithy/eventstream-serde-node/node_modules/@aws-crypto/util Completed in 4942ms
npm timing metavuln:cache:put:security-advisory:browserslist:ULAud1QMToHkbNQC0AcNQyJjZkY2Vo+/0FVgNKWTDgdtaQD7Tu2AheO2PsVOVgTIV4gTPDHQ0KFy1SKwKqS0KQ== Completed in 281ms
npm timing metavuln:calculate:security-advisory:browserslist:1153172 Completed in 4219ms
npm timing metavuln:cache:put:security-advisory:fast-xml-parser:KrzNg8kV6+FTprlXCVxrxwkcPF1lrRozY2eYlgtGNvSM7VdZyQa/TFrSXMdhXlEcdSzcGjccIukuu5hxHzTtUg== Completed in 328ms
npm timing metavuln:calculate:security-advisory:fast-xml-parser:1114153 Completed in 4219ms
npm timing metavuln:cache:put:security-advisory:browserslist:M5C0SQI8ImNTQ1x5wnqTejDuc5aQLxTnbhFCGXJJW24JwYKY/Yt2adlRTIavYXbIxeerGyxs4Gr2zVYpp5FW+Q== Completed in 314ms
npm timing metavuln:calculate:security-advisory:browserslist:1153171 Completed in 4251ms
npm timing reifyNode:node_modules/@jridgewell/remapping Completed in 4981ms
npm timing reifyNode:node_modules/@aws-sdk/credential-provider-sso Completed in 4981ms
npm timing reifyNode:node_modules/y-protocols Completed in 5046ms
npm timing reifyNode:node_modules/y-indexeddb Completed in 5056ms
npm timing reifyNode:node_modules/@smithy/util-base64/node_modules/@smithy/util-utf8 Completed in 5056ms
npm timing metavuln:cache:put:security-advisory:@babel/core:BK5WvESYy/vgjcUft4JcSTLQxxgL/mf1Et8Scy27+RzP2WzIEH3zb0giRIc4oLAbTysjD9NgXInGBTuJPnQacg== Completed in 232ms
npm timing metavuln:calculate:security-advisory:@babel/core:1123528 Completed in 4336ms
npm timing metavuln:cache:put:security-advisory:postcss:CYQpgMxvTqXBVaZq1NAr4RIFkWLFCwyobLa0hEv7E4gMg411Yb94I7Uru51Ci3hUITmSGFK7DCDkX4TqzQYsaw== Completed in 238ms
npm timing metavuln:calculate:security-advisory:postcss:1139510 Completed in 4330ms
npm timing reifyNode:node_modules/@smithy/util-stream/node_modules/@smithy/util-base64 Completed in 5068ms
npm timing reifyNode:node_modules/@smithy/smithy-client/node_modules/@smithy/util-utf8 Completed in 5068ms
npm timing metavuln:cache:put:security-advisory:postcss:AESkqup7C9sLtHL0OzenAvihqmLzSTOW4+0zIkCCeUjI0qvgEu/UCFfVCIlWzUpfDq20KxUSH5Ru8h4LoxJKRA== Completed in 266ms
npm timing metavuln:calculate:security-advisory:postcss:1130709 Completed in 4353ms
npm timing metavuln:cache:put:security-advisory:postcss:685RVq5xScaqegAXk2BRJrsMaZmsz1d/volUoA67iVw3AvHhUlX03u+VPRrmo8iuObcSDvuZF+fuiOnLC9L1uA== Completed in 264ms
npm timing metavuln:calculate:security-advisory:postcss:1117015 Completed in 4352ms
npm timing metavuln:cache:put:security-advisory:postcss:vffDf5zeMAO2NG2g47VKaOSrYbOxy9RP7hONH+CZvut446KUCIkc3Fp1vXR3T1gMxB3d9F68wTGe2BUQF6ut/w== Completed in 262ms
npm timing metavuln:calculate:security-advisory:postcss:1124252 Completed in 4352ms
npm timing reifyNode:node_modules/@aws-sdk/xml-builder Completed in 5087ms
npm timing reifyNode:node_modules/@nodelib/fs.walk Completed in 5098ms
npm timing reifyNode:node_modules/@jridgewell/gen-mapping Completed in 5097ms
npm timing reifyNode:node_modules/@smithy/signature-v4/node_modules/@smithy/util-utf8 Completed in 5122ms
npm timing reifyNode:node_modules/@smithy/util-retry Completed in 5129ms
npm timing reifyNode:node_modules/@aws-sdk/region-config-resolver Completed in 5129ms
npm timing reifyNode:node_modules/@smithy/fetch-http-handler/node_modules/@smithy/util-base64 Completed in 5177ms
npm timing metavuln:packument:esbuild Completed in 4486ms
npm timing metavuln:load:security-advisory:esbuild:1102341 Completed in 3ms
npm timing metavuln:load:security-advisory:esbuild:1120680 Completed in 4ms
npm timing reifyNode:node_modules/@aws-sdk/nested-clients/node_modules/@aws-crypto/util/node_modules/@smithy/util-utf8 Completed in 5229ms
npm timing reifyNode:node_modules/@aws-sdk/nested-clients/node_modules/@smithy/util-base64 Completed in 5239ms
npm timing reifyNode:node_modules/@smithy/smithy-client/node_modules/@smithy/property-provider Completed in 5251ms
npm timing reifyNode:node_modules/@smithy/core/node_modules/@smithy/util-base64 Completed in 5252ms
npm timing reifyNode:node_modules/@aws-sdk/middleware-websocket/node_modules/@smithy/util-base64 Completed in 5252ms
npm timing reifyNode:node_modules/postcss-selector-parser Completed in 5303ms
npm timing reifyNode:node_modules/@aws-sdk/core/node_modules/@smithy/util-base64 Completed in 5306ms
npm timing reifyNode:node_modules/@aws-sdk/client-cognito-identity/node_modules/@aws-crypto/util/node_modules/@smithy/util-utf8 Completed in 5307ms
npm timing reifyNode:node_modules/@aws-sdk/client-cognito-identity/node_modules/@smithy/util-base64 Completed in 5326ms
npm timing reifyNode:node_modules/@aws-sdk/client-bedrock-runtime/node_modules/@aws-crypto/util/node_modules/@smithy/util-utf8 Completed in 5326ms
npm timing reifyNode:node_modules/@aws-crypto/sha256-browser/node_modules/@smithy/util-utf8 Completed in 5336ms
npm timing reifyNode:node_modules/@aws-sdk/credential-provider-ini Completed in 5341ms
npm timing reifyNode:node_modules/@aws-sdk/client-bedrock-runtime/node_modules/@smithy/util-base64 Completed in 5345ms
npm timing reifyNode:node_modules/@aws-crypto/crc32/node_modules/@smithy/util-utf8 Completed in 5364ms
npm timing metavuln:cache:put:security-advisory:esbuild:jKdCIzePj7J1488qgRXvF8Srh9wutSuR1exB8YooNX62hT+qhtrUXYbArLNoIhgwbaCqKpmduh18syZU7BR9SA== Completed in 167ms
npm timing metavuln:calculate:security-advisory:esbuild:1102341 Completed in 4656ms
npm timing reifyNode:node_modules/@aws-sdk/token-providers Completed in 5387ms
npm timing reifyNode:node_modules/@smithy/smithy-client/node_modules/@smithy/util-stream Completed in 5390ms
npm timing metavuln:cache:put:security-advisory:esbuild:mmDbmXeify80UdRagFfITBhG3xHP4llbx8MchwTjBL3g0WFb/cK8N40wL0tjqR9NE2gMLzj7SHOX2g2NoW8+ew== Completed in 180ms
npm timing metavuln:calculate:security-advisory:esbuild:1120680 Completed in 4674ms
npm timing reifyNode:node_modules/jiti Completed in 5418ms
npm timing reifyNode:node_modules/postcss Completed in 5445ms
npm timing reifyNode:node_modules/@smithy/eventstream-serde-node/node_modules/@smithy/eventstream-serde-universal Completed in 5468ms
npm timing reifyNode:node_modules/y-webrtc Completed in 5503ms
npm timing reifyNode:node_modules/@smithy/eventstream-codec Completed in 5501ms
npm timing reifyNode:node_modules/@smithy/util-defaults-mode-node/node_modules/@smithy/protocol-http Completed in 5504ms
npm timing reifyNode:node_modules/@aws-sdk/credential-provider-cognito-identity Completed in 5514ms
npm timing reifyNode:node_modules/@smithy/util-defaults-mode-browser/node_modules/@smithy/protocol-http Completed in 5530ms
npm timing reifyNode:node_modules/tsx Completed in 5593ms
npm timing reifyNode:node_modules/@smithy/protocol-http Completed in 5593ms
npm timing reifyNode:node_modules/@babel/parser Completed in 5592ms
npm timing reifyNode:node_modules/@smithy/node-http-handler/node_modules/@smithy/protocol-http Completed in 5596ms
npm timing reifyNode:node_modules/@smithy/middleware-serde/node_modules/@smithy/protocol-http Completed in 5619ms
npm timing reifyNode:node_modules/@smithy/fetch-http-handler/node_modules/@smithy/protocol-http Completed in 5619ms
npm timing reifyNode:node_modules/@rollup/rollup-linux-x64-musl Completed in 5627ms
npm timing reifyNode:node_modules/@smithy/middleware-content-length/node_modules/@smithy/protocol-http Completed in 5629ms
npm timing reifyNode:node_modules/@smithy/middleware-retry/node_modules/@smithy/protocol-http Completed in 5630ms
npm timing reifyNode:node_modules/@smithy/core/node_modules/@smithy/protocol-http Completed in 5638ms
npm timing reifyNode:node_modules/@rollup/rollup-linux-x64-gnu Completed in 5645ms
npm timing reifyNode:node_modules/@aws-sdk/nested-clients/node_modules/@smithy/protocol-http Completed in 5658ms
npm timing reifyNode:node_modules/@aws-sdk/middleware-websocket/node_modules/@smithy/protocol-http Completed in 5677ms
npm timing reifyNode:node_modules/@aws-sdk/middleware-user-agent/node_modules/@smithy/protocol-http Completed in 5685ms
npm timing reifyNode:node_modules/@aws-sdk/middleware-host-header/node_modules/@smithy/protocol-http Completed in 5686ms
npm timing reifyNode:node_modules/@jridgewell/trace-mapping Completed in 5691ms
npm timing reifyNode:node_modules/@aws-sdk/middleware-websocket Completed in 5692ms
npm timing reifyNode:node_modules/@aws-sdk/middleware-eventstream/node_modules/@smithy/protocol-http Completed in 5696ms
npm timing reifyNode:node_modules/@aws-sdk/middleware-recursion-detection/node_modules/@smithy/protocol-http Completed in 5696ms
npm timing reifyNode:node_modules/@aws-sdk/credential-provider-login/node_modules/@smithy/protocol-http Completed in 5705ms
npm timing reifyNode:node_modules/@aws-sdk/credential-provider-http/node_modules/@smithy/protocol-http Completed in 5704ms
npm timing reifyNode:node_modules/property-information Completed in 5735ms
npm timing reifyNode:node_modules/@aws-sdk/client-cognito-identity/node_modules/@smithy/protocol-http Completed in 5737ms
npm timing reifyNode:node_modules/@smithy/middleware-retry Completed in 5745ms
npm timing reifyNode:node_modules/@aws-sdk/core/node_modules/@smithy/protocol-http Completed in 5749ms
npm timing reifyNode:node_modules/@aws-sdk/credential-provider-http Completed in 5753ms
npm timing reifyNode:node_modules/@aws-sdk/client-bedrock-runtime/node_modules/@smithy/protocol-http Completed in 5758ms
npm timing reifyNode:node_modules/@aws-crypto/sha256-browser Completed in 5889ms
npm timing reifyNode:node_modules/@smithy/signature-v4 Completed in 6011ms
npm timing reifyNode:node_modules/@smithy/eventstream-serde-node/node_modules/@smithy/eventstream-codec Completed in 6046ms
npm timing reifyNode:node_modules/@aws-sdk/nested-clients/node_modules/@aws-crypto/util Completed in 6046ms
npm timing reifyNode:node_modules/@aws-sdk/middleware-websocket/node_modules/@smithy/signature-v4 Completed in 6109ms
npm timing reifyNode:node_modules/@smithy/shared-ini-file-loader Completed in 6115ms
npm timing reifyNode:node_modules/@aws-sdk/client-cognito-identity/node_modules/@aws-crypto/util Completed in 6118ms
npm timing reifyNode:node_modules/yargs Completed in 6126ms
npm timing reifyNode:node_modules/@aws-sdk/client-bedrock-runtime/node_modules/@aws-crypto/util Completed in 6135ms
npm timing reifyNode:node_modules/@aws-crypto/sha256-browser/node_modules/@aws-crypto/util Completed in 6135ms
npm timing reifyNode:node_modules/@aws-crypto/crc32/node_modules/@aws-crypto/util Completed in 6135ms
npm timing metavuln:packument:vite Completed in 5434ms
npm timing metavuln:load:security-advisory:vite:1120784 Completed in 13ms
npm timing metavuln:load:security-advisory:vite:1116229 Completed in 9ms
npm timing metavuln:load:security-advisory:vite:1123525 Completed in 12ms
npm timing reifyNode:node_modules/@aws-sdk/nested-clients/node_modules/@aws-crypto/sha256-js Completed in 6215ms
npm timing reifyNode:node_modules/@aws-sdk/core/node_modules/@smithy/signature-v4 Completed in 6215ms
npm timing reifyNode:node_modules/@smithy/node-http-handler Completed in 6262ms
npm timing reifyNode:node_modules/@aws-sdk/client-cognito-identity/node_modules/@aws-crypto/sha256-js Completed in 6264ms
npm timing reifyNode:node_modules/@aws-sdk/client-bedrock-runtime/node_modules/@aws-crypto/sha256-js Completed in 6289ms
npm timing reifyNode:node_modules/@aws-crypto/sha256-browser/node_modules/@aws-crypto/sha256-js Completed in 6296ms
npm timing metavuln:cache:put:security-advisory:vite:CReXW7o3cJZ0aN4nhg/gRV1E8OPJ2SoGmmUw6lY2bLjCfF70z3PbDKbutfCbWYbBHkeQ6W4F2IxffSmtDjtaNw== Completed in 154ms
npm timing metavuln:calculate:security-advisory:vite:1120784 Completed in 5602ms
npm timing metavuln:cache:put:security-advisory:vite:I1BdsVrQ8+F0Nz5pjiEY7gYSFBzvKNwOR8nQyg9euOprN34SC4VipJH1GMc8WCRl+e0xZWGr2QiYwiNwqO4gag== Completed in 145ms
npm timing metavuln:calculate:security-advisory:vite:1116229 Completed in 5602ms
npm timing reifyNode:node_modules/@smithy/middleware-endpoint Completed in 6335ms
npm timing metavuln:cache:put:security-advisory:vite:eMMc8JhNvO5glHecr/Tzj6irpQ2XClO6WLy0eMQ1runry3c/+QJOQWsEHiljttVj4U5BjLuVLZPqZyDVgTsriA== Completed in 147ms
npm timing metavuln:calculate:security-advisory:vite:1123525 Completed in 5617ms
npm timing metavuln:packument:rollup Completed in 5665ms
npm timing metavuln:load:security-advisory:rollup:1113515 Completed in 7ms
npm timing reifyNode:node_modules/@babel/generator Completed in 6457ms
npm timing reifyNode:node_modules/@smithy/smithy-client/node_modules/@smithy/shared-ini-file-loader Completed in 6508ms
npm timing metavuln:cache:put:security-advisory:rollup:j57+QiunRUdD0cUD+SOC+z9ahAKAX/ORqNrS8xn5EMmMoVNjDT6jDQ8+1zJZRvVKgeAjbBSmjAgyimjwq9Hhfg== Completed in 124ms
npm timing metavuln:calculate:security-advisory:rollup:1113515 Completed in 5797ms
npm timing metavuln:cache:get:security-advisory:@babel/helper-module-transforms:dSDxgM5vnKTPTyAYUsg8y+f+dNHh2uO0+9sbC/LvVCOcaKzxMfxhZQ7uE1YWhbbaNzd7WsiS75udZ9sgkBMwhQ== Completed in 9ms
npm timing metavuln:cache:get:security-advisory:@babel/plugin-transform-react-jsx-self:rzULcCArVWh0vx3RgXa8GatSe29884OyoGIm43/NohKsRa/ilpELfbkfhOF4PvYaIyVPx2t+EPERmiJxMYEHSg== Completed in 9ms
npm timing metavuln:cache:get:security-advisory:@babel/plugin-transform-react-jsx-source:/Z6xGZAksmPDmAj1J+rBQty3buSJxHljxtUtYqdF7Je1PTkFBoIti9KIazutbnopSddyGEG4uskT1PlegCDd+g== Completed in 8ms
npm timing metavuln:cache:get:security-advisory:@vitejs/plugin-react:428YNbkp1UfL+Q9DPzp6XPak2FIl98AgwXCUC2OyzUJX7hKlYAPFxlH/JZ9TfGx4I5yUff+jzNX0hgdqtlIBuw== Completed in 8ms
npm timing reifyNode:node_modules/fast-glob Completed in 6560ms
npm timing reifyNode:node_modules/@smithy/credential-provider-imds Completed in 6590ms
npm timing reifyNode:node_modules/@types/node Completed in 6638ms
npm timing reifyNode:node_modules/@smithy/smithy-client/node_modules/@smithy/node-http-handler Completed in 6706ms
npm timing reifyNode:node_modules/rollup Completed in 6720ms
npm timing reifyNode:node_modules/fast-xml-parser Completed in 6726ms
npm timing metavuln:packument:@babel/plugin-transform-react-jsx-source Completed in 227ms
npm timing metavuln:load:security-advisory:@babel/plugin-transform-react-jsx-source:BK5WvESYy/vgjcUft4JcSTLQxxgL/mf1Et8Scy27+RzP2WzIEH3zb0giRIc4oLAbTysjD9NgXInGBTuJPnQacg== Completed in 18ms
npm timing metavuln:packument:@babel/plugin-transform-react-jsx-self Completed in 258ms
npm timing metavuln:load:security-advisory:@babel/plugin-transform-react-jsx-self:BK5WvESYy/vgjcUft4JcSTLQxxgL/mf1Et8Scy27+RzP2WzIEH3zb0giRIc4oLAbTysjD9NgXInGBTuJPnQacg== Completed in 1ms
npm timing reifyNode:node_modules/@smithy/util-stream Completed in 6798ms
npm timing metavuln:packument:@vitejs/plugin-react Completed in 273ms
npm timing metavuln:load:security-advisory:@vitejs/plugin-react:BK5WvESYy/vgjcUft4JcSTLQxxgL/mf1Et8Scy27+RzP2WzIEH3zb0giRIc4oLAbTysjD9NgXInGBTuJPnQacg== Completed in 14ms
npm timing reifyNode:node_modules/@aws-sdk/credential-providers Completed in 6826ms
npm timing reifyNode:node_modules/@smithy/smithy-client/node_modules/@smithy/middleware-endpoint Completed in 6854ms
npm timing metavuln:packument:@babel/helper-module-transforms Completed in 328ms
npm timing metavuln:load:security-advisory:@babel/helper-module-transforms:BK5WvESYy/vgjcUft4JcSTLQxxgL/mf1Et8Scy27+RzP2WzIEH3zb0giRIc4oLAbTysjD9NgXInGBTuJPnQacg== Completed in 2ms
npm timing reifyNode:node_modules/@aws-sdk/util-endpoints Completed in 6865ms
npm timing reifyNode:node_modules/micromark Completed in 6886ms
npm timing reifyNode:node_modules/concurrently Completed in 6893ms
npm timing metavuln:cache:put:security-advisory:@babel/plugin-transform-react-jsx-self:rzULcCArVWh0vx3RgXa8GatSe29884OyoGIm43/NohKsRa/ilpELfbkfhOF4PvYaIyVPx2t+EPERmiJxMYEHSg== Completed in 117ms
npm timing metavuln:calculate:security-advisory:@babel/plugin-transform-react-jsx-self:BK5WvESYy/vgjcUft4JcSTLQxxgL/mf1Et8Scy27+RzP2WzIEH3zb0giRIc4oLAbTysjD9NgXInGBTuJPnQacg== Completed in 378ms
npm timing metavuln:cache:put:security-advisory:@babel/plugin-transform-react-jsx-source:/Z6xGZAksmPDmAj1J+rBQty3buSJxHljxtUtYqdF7Je1PTkFBoIti9KIazutbnopSddyGEG4uskT1PlegCDd+g== Completed in 138ms
npm timing metavuln:calculate:security-advisory:@babel/plugin-transform-react-jsx-source:BK5WvESYy/vgjcUft4JcSTLQxxgL/mf1Et8Scy27+RzP2WzIEH3zb0giRIc4oLAbTysjD9NgXInGBTuJPnQacg== Completed in 383ms
npm timing metavuln:cache:put:security-advisory:@vitejs/plugin-react:428YNbkp1UfL+Q9DPzp6XPak2FIl98AgwXCUC2OyzUJX7hKlYAPFxlH/JZ9TfGx4I5yUff+jzNX0hgdqtlIBuw== Completed in 102ms
npm timing metavuln:calculate:security-advisory:@vitejs/plugin-react:BK5WvESYy/vgjcUft4JcSTLQxxgL/mf1Et8Scy27+RzP2WzIEH3zb0giRIc4oLAbTysjD9NgXInGBTuJPnQacg== Completed in 389ms
npm timing metavuln:cache:put:security-advisory:@babel/helper-module-transforms:dSDxgM5vnKTPTyAYUsg8y+f+dNHh2uO0+9sbC/LvVCOcaKzxMfxhZQ7uE1YWhbbaNzd7WsiS75udZ9sgkBMwhQ== Completed in 95ms
npm timing metavuln:calculate:security-advisory:@babel/helper-module-transforms:BK5WvESYy/vgjcUft4JcSTLQxxgL/mf1Et8Scy27+RzP2WzIEH3zb0giRIc4oLAbTysjD9NgXInGBTuJPnQacg== Completed in 426ms
npm timing metavuln:cache:get:security-advisory:browserslist:0UDOWJTbta7Bapd5uVhs6TdTeVtg7qpg4j+JF/BQR+c0IkJrcq4Pk2PoSqpKzpbgsrxQkZ20RByWsUw/GiD/1A== Completed in 6ms
npm timing metavuln:load:security-advisory:browserslist:19CNVb4Xa9j8tskjmac2L3l7Ab8xNBmfPNTfjbdzQA2Q1D6ZL2kqioPmLUNIiNnwlnmMHjIIXRjGBqxQig7fxQ== Completed in 9ms
npm timing reifyNode:node_modules/vite Completed in 7035ms
npm timing reifyNode:node_modules/@smithy/util-defaults-mode-browser/node_modules/@smithy/smithy-client Completed in 7033ms
npm timing reifyNode:node_modules/@smithy/util-defaults-mode-node/node_modules/@smithy/smithy-client Completed in 7053ms
npm timing reifyNode:node_modules/@smithy/middleware-retry/node_modules/@smithy/smithy-client Completed in 7066ms
npm timing metavuln:cache:put:security-advisory:browserslist:0UDOWJTbta7Bapd5uVhs6TdTeVtg7qpg4j+JF/BQR+c0IkJrcq4Pk2PoSqpKzpbgsrxQkZ20RByWsUw/GiD/1A== Completed in 98ms
npm timing metavuln:calculate:security-advisory:browserslist:19CNVb4Xa9j8tskjmac2L3l7Ab8xNBmfPNTfjbdzQA2Q1D6ZL2kqioPmLUNIiNnwlnmMHjIIXRjGBqxQig7fxQ== Completed in 114ms
npm timing metavuln:cache:get:security-advisory:express:uYweQZJrzHqFLWrgN/fzET7ZS/ExJNOtjKfhPRnZqEoPxRdT+XltnvMhZuE8SWSHEjEC9nrk2rtf/sDLZyYP0g== Completed in 7ms
npm timing reifyNode:node_modules/@aws-sdk/nested-clients/node_modules/@smithy/smithy-client Completed in 7116ms
npm timing reifyNode:node_modules/@aws-sdk/credential-provider-http/node_modules/@smithy/smithy-client Completed in 7149ms
npm timing reifyNode:node_modules/@aws-sdk/client-cognito-identity/node_modules/@smithy/smithy-client Completed in 7160ms
npm timing reifyNode:node_modules/@aws-sdk/client-bedrock-runtime/node_modules/@smithy/smithy-client Completed in 7167ms
npm timing reifyNode:node_modules/@aws-sdk/core/node_modules/@smithy/smithy-client Completed in 7183ms
npm timing reifyNode:node_modules/react-dom Completed in 7247ms
npm timing reifyNode:node_modules/autoprefixer Completed in 7296ms
npm timing metavuln:packument:express Completed in 254ms
npm timing metavuln:load:security-advisory:express:pig1SyrSKsjwjwwwj/jcD4mcNcfTO4pdo3Rc4tPJdqhmmrNQQn7BKDC6fAaFHDO30oyQ3Itoq6p8rLy4sFuQDg== Completed in 5ms
npm timing reifyNode:node_modules/@babel/traverse Completed in 7377ms
npm timing reifyNode:node_modules/mdast-util-to-hast Completed in 7409ms
npm timing metavuln:cache:put:security-advisory:express:uYweQZJrzHqFLWrgN/fzET7ZS/ExJNOtjKfhPRnZqEoPxRdT+XltnvMhZuE8SWSHEjEC9nrk2rtf/sDLZyYP0g== Completed in 92ms
npm timing metavuln:calculate:security-advisory:express:pig1SyrSKsjwjwwwj/jcD4mcNcfTO4pdo3Rc4tPJdqhmmrNQQn7BKDC6fAaFHDO30oyQ3Itoq6p8rLy4sFuQDg== Completed in 351ms
npm timing metavuln:cache:get:security-advisory:@babel/helper-compilation-targets:riQhmP+rLvJYaWc5PTIKmy108lLBLFM+RLnhd5t6EnJMxnCXrDJKr6QTzH+Oj9bWnyGof39x3k+00rt7ORIjwQ== Completed in 8ms
npm timing metavuln:cache:get:security-advisory:autoprefixer:YeFB6eGKjvwOysPRI3osIhUo7WyLb16DoA74Fd1OFs02SXE4U2pwap/h7+A4tnfZFnc+UvKdl2XeFJKr4Lg25w== Completed in 7ms
npm timing metavuln:cache:get:security-advisory:update-browserslist-db:J3J93mJPuzzlBa/O0x5UwGh/0gkpQsk2POIW4IhkDizNgWaKRah62CnbqRBytBMp/kXblxCwsCSOZXFwBcX4pQ== Completed in 7ms
npm timing reifyNode:node_modules/@smithy/config-resolver Completed in 7437ms
npm timing reifyNode:node_modules/@smithy/smithy-client Completed in 7511ms
npm timing metavuln:packument:update-browserslist-db Completed in 138ms
npm timing metavuln:load:security-advisory:update-browserslist-db:M5C0SQI8ImNTQ1x5wnqTejDuc5aQLxTnbhFCGXJJW24JwYKY/Yt2adlRTIavYXbIxeerGyxs4Gr2zVYpp5FW+Q== Completed in 1ms
npm timing metavuln:packument:@babel/helper-compilation-targets Completed in 184ms
npm timing metavuln:load:security-advisory:@babel/helper-compilation-targets:M5C0SQI8ImNTQ1x5wnqTejDuc5aQLxTnbhFCGXJJW24JwYKY/Yt2adlRTIavYXbIxeerGyxs4Gr2zVYpp5FW+Q== Completed in 9ms
npm timing metavuln:cache:put:security-advisory:update-browserslist-db:J3J93mJPuzzlBa/O0x5UwGh/0gkpQsk2POIW4IhkDizNgWaKRah62CnbqRBytBMp/kXblxCwsCSOZXFwBcX4pQ== Completed in 93ms
npm timing metavuln:calculate:security-advisory:update-browserslist-db:M5C0SQI8ImNTQ1x5wnqTejDuc5aQLxTnbhFCGXJJW24JwYKY/Yt2adlRTIavYXbIxeerGyxs4Gr2zVYpp5FW+Q== Completed in 232ms
npm timing metavuln:packument:autoprefixer Completed in 262ms
npm timing metavuln:load:security-advisory:autoprefixer:M5C0SQI8ImNTQ1x5wnqTejDuc5aQLxTnbhFCGXJJW24JwYKY/Yt2adlRTIavYXbIxeerGyxs4Gr2zVYpp5FW+Q== Completed in 29ms
npm timing metavuln:cache:put:security-advisory:@babel/helper-compilation-targets:riQhmP+rLvJYaWc5PTIKmy108lLBLFM+RLnhd5t6EnJMxnCXrDJKr6QTzH+Oj9bWnyGof39x3k+00rt7ORIjwQ== Completed in 116ms
npm timing metavuln:calculate:security-advisory:@babel/helper-compilation-targets:M5C0SQI8ImNTQ1x5wnqTejDuc5aQLxTnbhFCGXJJW24JwYKY/Yt2adlRTIavYXbIxeerGyxs4Gr2zVYpp5FW+Q== Completed in 311ms
npm timing metavuln:cache:put:security-advisory:autoprefixer:YeFB6eGKjvwOysPRI3osIhUo7WyLb16DoA74Fd1OFs02SXE4U2pwap/h7+A4tnfZFnc+UvKdl2XeFJKr4Lg25w== Completed in 90ms
npm timing metavuln:calculate:security-advisory:autoprefixer:M5C0SQI8ImNTQ1x5wnqTejDuc5aQLxTnbhFCGXJJW24JwYKY/Yt2adlRTIavYXbIxeerGyxs4Gr2zVYpp5FW+Q== Completed in 381ms
npm timing metavuln:cache:get:security-advisory:vite:tMBsdAS7JBTyRORp0YaJR984WAAsOxgmReSLBN0Nd41GhzEakjROICqAJ31iOdYG5Ijo/MlJ01p3ig1iN88+Tw== Completed in 5ms
npm timing metavuln:load:security-advisory:vite:jKdCIzePj7J1488qgRXvF8Srh9wutSuR1exB8YooNX62hT+qhtrUXYbArLNoIhgwbaCqKpmduh18syZU7BR9SA== Completed in 57ms
npm timing reifyNode:node_modules/resolve Completed in 7930ms
npm timing metavuln:cache:put:security-advisory:vite:tMBsdAS7JBTyRORp0YaJR984WAAsOxgmReSLBN0Nd41GhzEakjROICqAJ31iOdYG5Ijo/MlJ01p3ig1iN88+Tw== Completed in 80ms
npm timing metavuln:calculate:security-advisory:vite:jKdCIzePj7J1488qgRXvF8Srh9wutSuR1exB8YooNX62hT+qhtrUXYbArLNoIhgwbaCqKpmduh18syZU7BR9SA== Completed in 143ms
npm timing metavuln:cache:get:security-advisory:tsx:ZM+I5Api23XhiK+wfkOz2ZWkzUT9JhigzEwe+x/+qhGb90og/dTL1YZNs+M+vfp8eKMVTWkfN5/rdZwbW83YNg== Completed in 6ms
npm timing reifyNode:node_modules/zustand Completed in 8023ms
npm timing reifyNode:node_modules/@aws-sdk/types Completed in 8076ms
npm timing metavuln:packument:tsx Completed in 152ms
npm timing metavuln:load:security-advisory:tsx:mmDbmXeify80UdRagFfITBhG3xHP4llbx8MchwTjBL3g0WFb/cK8N40wL0tjqR9NE2gMLzj7SHOX2g2NoW8+ew== Completed in 8ms
npm timing metavuln:cache:put:security-advisory:tsx:ZM+I5Api23XhiK+wfkOz2ZWkzUT9JhigzEwe+x/+qhGb90og/dTL1YZNs+M+vfp8eKMVTWkfN5/rdZwbW83YNg== Completed in 83ms
npm timing metavuln:calculate:security-advisory:tsx:mmDbmXeify80UdRagFfITBhG3xHP4llbx8MchwTjBL3g0WFb/cK8N40wL0tjqR9NE2gMLzj7SHOX2g2NoW8+ew== Completed in 244ms
npm timing metavuln:cache:get:security-advisory:@aws-sdk/xml-builder:Kg1kRIm7D+751sTHjIJpyh+JdbnHCVBvXJWeLP8wVdUH1dLan1bNSyk3EilA9J4xBZtD14cl+/tsXIkqq98j5A== Completed in 6ms
npm timing reifyNode:node_modules/ts-algebra Completed in 8205ms
npm timing reifyNode:node_modules/micromark-core-commonmark Completed in 8277ms
npm timing metavuln:packument:@aws-sdk/xml-builder Completed in 171ms
npm timing metavuln:load:security-advisory:@aws-sdk/xml-builder:2izhh1Ae8dnxRZsjetPRnYS2MvYb/vopDuV6ItThlYoLAzHh41me6d+Vbp+DBrngDnNrbFyET8ZLnhZg9YUyKQ== Completed in 3ms
npm timing metavuln:cache:put:security-advisory:@aws-sdk/xml-builder:Kg1kRIm7D+751sTHjIJpyh+JdbnHCVBvXJWeLP8wVdUH1dLan1bNSyk3EilA9J4xBZtD14cl+/tsXIkqq98j5A== Completed in 80ms
npm timing metavuln:calculate:security-advisory:@aws-sdk/xml-builder:2izhh1Ae8dnxRZsjetPRnYS2MvYb/vopDuV6ItThlYoLAzHh41me6d+Vbp+DBrngDnNrbFyET8ZLnhZg9YUyKQ== Completed in 254ms
npm timing metavuln:cache:get:security-advisory:concurrently:InJSBW0mRxX9je/vLlT2pyCmmYIh/x08SFxnI47HCthQSf5Gj14zTJX5XgGmnm2aE7TrE4ZYdSC5+dKXB54MnQ== Completed in 5ms
npm timing metavuln:cache:get:security-advisory:react-xarrows:8NXQKP+uDbwujSoBTplEIGcqxe2pQ84pQaeuTlTPwXbV+UYqvypYhskn/IiX9N6Q71/mfwoItnyZh+WVD7XvYw== Completed in 4ms
npm timing metavuln:packument:react-xarrows Completed in 123ms
npm timing metavuln:load:security-advisory:react-xarrows:DNnxUw8Ep7p1YCAJl4A30HMQmsK3uaHxA5fhfuTpXJUBgCvmZbKGD7OWAcfQ2u+fc9lY6ap1BhHpARF9oEarxQ== Completed in 1ms
npm timing metavuln:packument:concurrently Completed in 139ms
npm timing metavuln:load:security-advisory:concurrently:DNnxUw8Ep7p1YCAJl4A30HMQmsK3uaHxA5fhfuTpXJUBgCvmZbKGD7OWAcfQ2u+fc9lY6ap1BhHpARF9oEarxQ== Completed in 1ms
npm timing metavuln:cache:put:security-advisory:react-xarrows:8NXQKP+uDbwujSoBTplEIGcqxe2pQ84pQaeuTlTPwXbV+UYqvypYhskn/IiX9N6Q71/mfwoItnyZh+WVD7XvYw== Completed in 83ms
npm timing metavuln:calculate:security-advisory:react-xarrows:DNnxUw8Ep7p1YCAJl4A30HMQmsK3uaHxA5fhfuTpXJUBgCvmZbKGD7OWAcfQ2u+fc9lY6ap1BhHpARF9oEarxQ== Completed in 208ms
npm timing metavuln:cache:put:security-advisory:concurrently:InJSBW0mRxX9je/vLlT2pyCmmYIh/x08SFxnI47HCthQSf5Gj14zTJX5XgGmnm2aE7TrE4ZYdSC5+dKXB54MnQ== Completed in 82ms
npm timing metavuln:calculate:security-advisory:concurrently:DNnxUw8Ep7p1YCAJl4A30HMQmsK3uaHxA5fhfuTpXJUBgCvmZbKGD7OWAcfQ2u+fc9lY6ap1BhHpARF9oEarxQ== Completed in 223ms
npm timing reifyNode:node_modules/@aws-sdk/client-bedrock-runtime Completed in 8669ms
npm timing metavuln:cache:get:security-advisory:postcss:YBfeyDPflgmV1VLpFMWwmJOBdknyfVaqmuczQ5eLB+X+h/OZoQIwxgTibSchQjDmj6xXkd8gsRyU6MXOwiCi3g== Completed in 6ms
npm timing metavuln:load:security-advisory:postcss:G4d3k7GgtTq4GBrwzQ8/x7W0iUhlZxJRv8ECCIxQ8EljG7i12UNClh6yRGwC76MzFuAF5klybdArzm40c5m6pg== Completed in 9ms
npm timing metavuln:cache:put:security-advisory:postcss:YBfeyDPflgmV1VLpFMWwmJOBdknyfVaqmuczQ5eLB+X+h/OZoQIwxgTibSchQjDmj6xXkd8gsRyU6MXOwiCi3g== Completed in 81ms
npm timing metavuln:calculate:security-advisory:postcss:G4d3k7GgtTq4GBrwzQ8/x7W0iUhlZxJRv8ECCIxQ8EljG7i12UNClh6yRGwC76MzFuAF5klybdArzm40c5m6pg== Completed in 96ms
npm timing metavuln:cache:get:security-advisory:express:jDqZejHDGpsT112hJSvxQQ1A0teFqovvvxTAeepcEiijEn1yTlMMVXhcCJwTipS1Zn3FowB9Nv2mk4kUNVslIw== Completed in 4ms
npm timing metavuln:load:security-advisory:express:MgjHwCEvzlLz9p6+Yk8DdZLdAuprFRwJM/BcLFKUnsW5C1PzGCjbdvhfzdrEOsmCJB7eOyV5TvQe+zy4C++sJQ== Completed in 6ms
npm timing metavuln:cache:put:security-advisory:express:jDqZejHDGpsT112hJSvxQQ1A0teFqovvvxTAeepcEiijEn1yTlMMVXhcCJwTipS1Zn3FowB9Nv2mk4kUNVslIw== Completed in 70ms
npm timing metavuln:calculate:security-advisory:express:MgjHwCEvzlLz9p6+Yk8DdZLdAuprFRwJM/BcLFKUnsW5C1PzGCjbdvhfzdrEOsmCJB7eOyV5TvQe+zy4C++sJQ== Completed in 80ms
npm timing metavuln:cache:get:security-advisory:anymatch:Nfla9E9Lgs+mqMt1dA/8UaXdCl7sXuZQsKzxwmqxeyDZbX+CRdcfKSFFgjhZ/F0BJR9geE1mRVv3h/ODZoo63g== Completed in 7ms
npm timing metavuln:cache:get:security-advisory:fdir:Vrh9/Y1Ylajnx1sK8fD2e12E08jNbGo/Yj5RJgTG6uANlDcx3aYHjfS7apLkvkuLmgae4gXBTvUCLbs91r8WBA== Completed in 6ms
npm timing metavuln:cache:get:security-advisory:micromatch:Gfx2SOQRY3jP5uv6bFlh3nIPxMXsxdnbcyF/xURx+dAnDK2wtpAvWYKdTiFWGD3MlWR/x1stzjO6SjznwiVonw== Completed in 6ms
npm timing metavuln:cache:get:security-advisory:readdirp:O7WXRupQt48LJyZ17mA/uSHYfhYyK7sMYMihjKrTsH3mKxobKArK3CCtifRFqfhAMZFOU4AsOtouYzz86OtBxQ== Completed in 6ms
npm timing metavuln:packument:anymatch Completed in 123ms
npm timing metavuln:load:security-advisory:anymatch:GSQ5ghUF1JWDKMssoydWDVRebjlPePRwktLhrdWzXCq5xeBXdo4Cm9HGHnH2b6P1Nq93YjwPmimVjAx6kge32A== Completed in 0ms
npm timing metavuln:packument:readdirp Completed in 131ms
npm timing metavuln:load:security-advisory:readdirp:GSQ5ghUF1JWDKMssoydWDVRebjlPePRwktLhrdWzXCq5xeBXdo4Cm9HGHnH2b6P1Nq93YjwPmimVjAx6kge32A== Completed in 1ms
npm timing metavuln:packument:micromatch Completed in 138ms
npm timing metavuln:load:security-advisory:micromatch:GSQ5ghUF1JWDKMssoydWDVRebjlPePRwktLhrdWzXCq5xeBXdo4Cm9HGHnH2b6P1Nq93YjwPmimVjAx6kge32A== Completed in 1ms
npm timing metavuln:packument:fdir Completed in 149ms
npm timing metavuln:load:security-advisory:fdir:GSQ5ghUF1JWDKMssoydWDVRebjlPePRwktLhrdWzXCq5xeBXdo4Cm9HGHnH2b6P1Nq93YjwPmimVjAx6kge32A== Completed in 1ms
npm timing reifyNode:node_modules/mdast-util-to-markdown Completed in 9037ms
npm timing metavuln:cache:put:security-advisory:anymatch:Nfla9E9Lgs+mqMt1dA/8UaXdCl7sXuZQsKzxwmqxeyDZbX+CRdcfKSFFgjhZ/F0BJR9geE1mRVv3h/ODZoo63g== Completed in 78ms
npm timing metavuln:calculate:security-advisory:anymatch:GSQ5ghUF1JWDKMssoydWDVRebjlPePRwktLhrdWzXCq5xeBXdo4Cm9HGHnH2b6P1Nq93YjwPmimVjAx6kge32A== Completed in 201ms
npm timing metavuln:cache:put:security-advisory:micromatch:Gfx2SOQRY3jP5uv6bFlh3nIPxMXsxdnbcyF/xURx+dAnDK2wtpAvWYKdTiFWGD3MlWR/x1stzjO6SjznwiVonw== Completed in 76ms
npm timing metavuln:calculate:security-advisory:micromatch:GSQ5ghUF1JWDKMssoydWDVRebjlPePRwktLhrdWzXCq5xeBXdo4Cm9HGHnH2b6P1Nq93YjwPmimVjAx6kge32A== Completed in 215ms
npm timing metavuln:cache:put:security-advisory:readdirp:O7WXRupQt48LJyZ17mA/uSHYfhYyK7sMYMihjKrTsH3mKxobKArK3CCtifRFqfhAMZFOU4AsOtouYzz86OtBxQ== Completed in 88ms
npm timing metavuln:calculate:security-advisory:readdirp:GSQ5ghUF1JWDKMssoydWDVRebjlPePRwktLhrdWzXCq5xeBXdo4Cm9HGHnH2b6P1Nq93YjwPmimVjAx6kge32A== Completed in 220ms
npm timing metavuln:cache:put:security-advisory:fdir:Vrh9/Y1Ylajnx1sK8fD2e12E08jNbGo/Yj5RJgTG6uANlDcx3aYHjfS7apLkvkuLmgae4gXBTvUCLbs91r8WBA== Completed in 74ms
npm timing metavuln:calculate:security-advisory:fdir:GSQ5ghUF1JWDKMssoydWDVRebjlPePRwktLhrdWzXCq5xeBXdo4Cm9HGHnH2b6P1Nq93YjwPmimVjAx6kge32A== Completed in 224ms
npm timing metavuln:cache:get:security-advisory:tinyglobby:JbTUSH3GuHgnWPTwynmNc2XBjGvJ1kBIVuOXAIcVt2zAN9JAmGoGXkmSGRzahtsyELbqgzBAd3ywFXmJPwH9Ww== Completed in 4ms
npm timing reifyNode:node_modules/@smithy/util-endpoints Completed in 9140ms
npm timing reifyNode:node_modules/@babel/core Completed in 9144ms
npm timing metavuln:packument:tinyglobby Completed in 104ms
npm timing metavuln:load:security-advisory:tinyglobby:2VXNT0aF/Oc+aljqzVZL+y7UYoRsun3f1sCqjauwt4R4X9DizyqvONZbNtH8U58EY1DnyPNR0Ul3cX6UkEWNqw== Completed in 0ms
npm timing metavuln:cache:put:security-advisory:tinyglobby:JbTUSH3GuHgnWPTwynmNc2XBjGvJ1kBIVuOXAIcVt2zAN9JAmGoGXkmSGRzahtsyELbqgzBAd3ywFXmJPwH9Ww== Completed in 70ms
npm timing metavuln:calculate:security-advisory:tinyglobby:2VXNT0aF/Oc+aljqzVZL+y7UYoRsun3f1sCqjauwt4R4X9DizyqvONZbNtH8U58EY1DnyPNR0Ul3cX6UkEWNqw== Completed in 174ms
npm timing metavuln:cache:get:security-advisory:autoprefixer:ydhFVTMUEzmJWrchEAV68Sv+hd41ZnIB4ggMAKnHKJMdQ+1l5+6Vq415uaRbDRRKYfmLiBlujJ9B9ehWIJM1YA== Completed in 8ms
npm timing metavuln:load:security-advisory:autoprefixer:AESkqup7C9sLtHL0OzenAvihqmLzSTOW4+0zIkCCeUjI0qvgEu/UCFfVCIlWzUpfDq20KxUSH5Ru8h4LoxJKRA== Completed in 32ms
npm timing metavuln:cache:get:security-advisory:postcss-import:oj3M1tBzaqNNuYcHaFxMpDrogPd0AgLcMY8JEofH2tu42Lz8SltdacBGbBnv8a5qi/gHItVWM6rjrSq/3DAmmw== Completed in 41ms
npm timing metavuln:cache:get:security-advisory:postcss-js:wxmI51fbDXuFdIrZyG55aC8jbNq65yUaH9bontSUYQ+OoVA60JcVyzcnGYUH1OA+2ePT4QJ/qKBjhLV+SKFaPw== Completed in 41ms
npm timing metavuln:cache:get:security-advisory:postcss-load-config:ubYuv/Qrh4W+eNMYmKNxYqhf0d/7Bda6Cnspg4NpoTnS8i62TEUlTwF6o9pTZVVjyt+43AS6772/Fj+FoJi2rg== Completed in 40ms
npm timing metavuln:cache:get:security-advisory:postcss-nested:luJ2Xe8b/DCdtVhgPYWyKIuS7ZMjOsWRzlcL8EjfXKDXtgjARJ+fcJZseAxBY/6wNm3M5yqi/3yD9bG42f+0zA== Completed in 40ms
npm timing metavuln:cache:get:security-advisory:tailwindcss:pEKEZp1vkxgHn3m7aVaXHgwNZYByWnF76kln2+kuP1M3VaDRHGv+HJUkOOmT/sMGdcU8TzrDja/0zqlb0FkcJw== Completed in 40ms
npm timing metavuln:cache:get:security-advisory:vite:I1mZwXzS5pGLUo1DyVV0p+vYF/RnO4wb1rpf/bbexYPQDTS39Qi8H0UT7OEnBldM5TDMF1sqZGVaAfHAHg/DBg== Completed in 39ms
npm timing metavuln:load:security-advisory:vite:AESkqup7C9sLtHL0OzenAvihqmLzSTOW4+0zIkCCeUjI0qvgEu/UCFfVCIlWzUpfDq20KxUSH5Ru8h4LoxJKRA== Completed in 45ms
npm timing metavuln:cache:put:security-advisory:vite:I1mZwXzS5pGLUo1DyVV0p+vYF/RnO4wb1rpf/bbexYPQDTS39Qi8H0UT7OEnBldM5TDMF1sqZGVaAfHAHg/DBg== Completed in 89ms
npm timing metavuln:calculate:security-advisory:vite:AESkqup7C9sLtHL0OzenAvihqmLzSTOW4+0zIkCCeUjI0qvgEu/UCFfVCIlWzUpfDq20KxUSH5Ru8h4LoxJKRA== Completed in 173ms
npm timing metavuln:cache:put:security-advisory:autoprefixer:ydhFVTMUEzmJWrchEAV68Sv+hd41ZnIB4ggMAKnHKJMdQ+1l5+6Vq415uaRbDRRKYfmLiBlujJ9B9ehWIJM1YA== Completed in 135ms
npm timing metavuln:calculate:security-advisory:autoprefixer:AESkqup7C9sLtHL0OzenAvihqmLzSTOW4+0zIkCCeUjI0qvgEu/UCFfVCIlWzUpfDq20KxUSH5Ru8h4LoxJKRA== Completed in 175ms
npm timing reifyNode:node_modules/vite/node_modules/@esbuild/linux-x64 Completed in 9476ms
npm timing metavuln:packument:postcss-load-config Completed in 231ms
npm timing metavuln:load:security-advisory:postcss-load-config:AESkqup7C9sLtHL0OzenAvihqmLzSTOW4+0zIkCCeUjI0qvgEu/UCFfVCIlWzUpfDq20KxUSH5Ru8h4LoxJKRA== Completed in 0ms
npm timing metavuln:packument:postcss-js Completed in 234ms
npm timing metavuln:load:security-advisory:postcss-js:AESkqup7C9sLtHL0OzenAvihqmLzSTOW4+0zIkCCeUjI0qvgEu/UCFfVCIlWzUpfDq20KxUSH5Ru8h4LoxJKRA== Completed in 3ms
npm timing metavuln:packument:postcss-import Completed in 249ms
npm timing metavuln:load:security-advisory:postcss-import:AESkqup7C9sLtHL0OzenAvihqmLzSTOW4+0zIkCCeUjI0qvgEu/UCFfVCIlWzUpfDq20KxUSH5Ru8h4LoxJKRA== Completed in 6ms
npm timing metavuln:packument:postcss-nested Completed in 270ms
npm timing metavuln:load:security-advisory:postcss-nested:AESkqup7C9sLtHL0OzenAvihqmLzSTOW4+0zIkCCeUjI0qvgEu/UCFfVCIlWzUpfDq20KxUSH5Ru8h4LoxJKRA== Completed in 7ms
npm timing metavuln:cache:put:security-advisory:postcss-load-config:ubYuv/Qrh4W+eNMYmKNxYqhf0d/7Bda6Cnspg4NpoTnS8i62TEUlTwF6o9pTZVVjyt+43AS6772/Fj+FoJi2rg== Completed in 95ms
npm timing metavuln:calculate:security-advisory:postcss-load-config:AESkqup7C9sLtHL0OzenAvihqmLzSTOW4+0zIkCCeUjI0qvgEu/UCFfVCIlWzUpfDq20KxUSH5Ru8h4LoxJKRA== Completed in 327ms
npm timing metavuln:cache:put:security-advisory:postcss-js:wxmI51fbDXuFdIrZyG55aC8jbNq65yUaH9bontSUYQ+OoVA60JcVyzcnGYUH1OA+2ePT4QJ/qKBjhLV+SKFaPw== Completed in 91ms
npm timing metavuln:calculate:security-advisory:postcss-js:AESkqup7C9sLtHL0OzenAvihqmLzSTOW4+0zIkCCeUjI0qvgEu/UCFfVCIlWzUpfDq20KxUSH5Ru8h4LoxJKRA== Completed in 328ms
npm timing metavuln:cache:put:security-advisory:postcss-import:oj3M1tBzaqNNuYcHaFxMpDrogPd0AgLcMY8JEofH2tu42Lz8SltdacBGbBnv8a5qi/gHItVWM6rjrSq/3DAmmw== Completed in 81ms
npm timing metavuln:calculate:security-advisory:postcss-import:AESkqup7C9sLtHL0OzenAvihqmLzSTOW4+0zIkCCeUjI0qvgEu/UCFfVCIlWzUpfDq20KxUSH5Ru8h4LoxJKRA== Completed in 336ms
npm timing metavuln:cache:put:security-advisory:postcss-nested:luJ2Xe8b/DCdtVhgPYWyKIuS7ZMjOsWRzlcL8EjfXKDXtgjARJ+fcJZseAxBY/6wNm3M5yqi/3yD9bG42f+0zA== Completed in 70ms
npm timing metavuln:calculate:security-advisory:postcss-nested:AESkqup7C9sLtHL0OzenAvihqmLzSTOW4+0zIkCCeUjI0qvgEu/UCFfVCIlWzUpfDq20KxUSH5Ru8h4LoxJKRA== Completed in 348ms
npm timing reifyNode:node_modules/@aws-sdk/client-cognito-identity Completed in 9715ms
npm timing reifyNode:node_modules/@esbuild/linux-x64 Completed in 9882ms
npm timing reifyNode:node_modules/yjs Completed in 10284ms
npm timing reifyNode:node_modules/@babel/runtime Completed in 10563ms
npm timing reifyNode:node_modules/@smithy/util-middleware/node_modules/@smithy/types Completed in 10797ms
npm timing reifyNode:node_modules/@smithy/util-retry/node_modules/@smithy/types Completed in 10797ms
npm timing reifyNode:node_modules/@smithy/util-defaults-mode-browser/node_modules/@smithy/types Completed in 10801ms
npm timing reifyNode:node_modules/@anthropic-ai/bedrock-sdk Completed in 10812ms
npm timing reifyNode:node_modules/@smithy/service-error-classification/node_modules/@smithy/types Completed in 10819ms
npm timing reifyNode:node_modules/@smithy/querystring-parser/node_modules/@smithy/types Completed in 10824ms
npm timing reifyNode:node_modules/@smithy/property-provider/node_modules/@smithy/types Completed in 10824ms
npm timing reifyNode:node_modules/@smithy/util-defaults-mode-node/node_modules/@smithy/types Completed in 10827ms
npm timing reifyNode:node_modules/@smithy/middleware-retry/node_modules/@smithy/types Completed in 10827ms
npm timing reifyNode:node_modules/@smithy/middleware-serde/node_modules/@smithy/types Completed in 10827ms
npm timing reifyNode:node_modules/@smithy/util-stream/node_modules/@smithy/types Completed in 10831ms
npm timing reifyNode:node_modules/@smithy/hash-node/node_modules/@smithy/types Completed in 10832ms
npm timing reifyNode:node_modules/@smithy/fetch-http-handler/node_modules/@smithy/types Completed in 10834ms
npm timing reifyNode:node_modules/@smithy/eventstream-serde-universal/node_modules/@smithy/types Completed in 10835ms
npm timing reifyNode:node_modules/@smithy/eventstream-serde-browser/node_modules/@smithy/types Completed in 10838ms
npm timing reifyNode:node_modules/@smithy/util-endpoints/node_modules/@smithy/types Completed in 10842ms
npm timing reifyNode:node_modules/@smithy/url-parser/node_modules/@smithy/types Completed in 10844ms
npm timing reifyNode:node_modules/@aws-sdk/util-endpoints/node_modules/@smithy/types Completed in 10843ms
npm timing reifyNode:node_modules/@aws-sdk/util-format-url/node_modules/@smithy/types Completed in 10843ms
npm timing reifyNode:node_modules/@smithy/config-resolver/node_modules/@smithy/types Completed in 10845ms
npm timing reifyNode:node_modules/@smithy/shared-ini-file-loader/node_modules/@smithy/types Completed in 10847ms
npm timing reifyNode:node_modules/@aws-sdk/region-config-resolver/node_modules/@smithy/types Completed in 10846ms
npm timing reifyNode:node_modules/@smithy/invalid-dependency/node_modules/@smithy/types Completed in 10847ms
npm timing reifyNode:node_modules/@smithy/querystring-builder/node_modules/@smithy/types Completed in 10850ms
npm timing reifyNode:node_modules/@smithy/node-config-provider/node_modules/@smithy/types Completed in 10849ms
npm timing reifyNode:node_modules/@smithy/eventstream-codec/node_modules/@smithy/types Completed in 10850ms
npm timing reifyNode:node_modules/@smithy/middleware-stack/node_modules/@smithy/types Completed in 10852ms
npm timing reifyNode:node_modules/@smithy/node-http-handler/node_modules/@smithy/types Completed in 10853ms
npm timing reifyNode:node_modules/@smithy/credential-provider-imds/node_modules/@smithy/types Completed in 10853ms
npm timing reifyNode:node_modules/@aws-sdk/middleware-websocket/node_modules/@smithy/types Completed in 10852ms
npm timing reifyNode:node_modules/@smithy/middleware-content-length/node_modules/@smithy/types Completed in 10855ms
npm timing reifyNode:node_modules/@aws-sdk/xml-builder/node_modules/@smithy/types Completed in 10855ms
npm timing reifyNode:node_modules/@aws-sdk/middleware-host-header/node_modules/@smithy/types Completed in 10855ms
npm timing reifyNode:node_modules/@smithy/core/node_modules/@smithy/types Completed in 10858ms
npm timing reifyNode:node_modules/@aws-sdk/credential-provider-node/node_modules/@smithy/types Completed in 10858ms
npm timing reifyNode:node_modules/@smithy/eventstream-serde-config-resolver/node_modules/@smithy/types Completed in 10861ms
npm timing reifyNode:node_modules/@aws-sdk/nested-clients/node_modules/@smithy/types Completed in 10860ms
npm timing reifyNode:node_modules/@aws-sdk/core/node_modules/@smithy/types Completed in 10860ms
npm timing reifyNode:node_modules/@aws-sdk/credential-provider-cognito-identity/node_modules/@smithy/types Completed in 10860ms
npm timing reifyNode:node_modules/@aws-sdk/credential-provider-env/node_modules/@smithy/types Completed in 10862ms
npm timing reifyNode:node_modules/@aws-sdk/util-user-agent-browser/node_modules/@smithy/types Completed in 10865ms
npm timing reifyNode:node_modules/@smithy/middleware-endpoint/node_modules/@smithy/types Completed in 10867ms
npm timing reifyNode:node_modules/@aws-sdk/util-user-agent-node/node_modules/@smithy/types Completed in 10866ms
npm timing reifyNode:node_modules/@aws-sdk/eventstream-handler-node/node_modules/@smithy/types Completed in 10866ms
npm timing reifyNode:node_modules/@smithy/abort-controller/node_modules/@smithy/types Completed in 10869ms
npm timing reifyNode:node_modules/@aws-sdk/types/node_modules/@smithy/types Completed in 10868ms
npm timing reifyNode:node_modules/@aws-sdk/credential-provider-sso/node_modules/@smithy/types Completed in 10869ms
npm timing reifyNode:node_modules/@aws-sdk/client-bedrock-runtime/node_modules/@smithy/types Completed in 10869ms
npm timing reifyNode:node_modules/@aws-sdk/credential-providers/node_modules/@smithy/types Completed in 10871ms
npm timing reifyNode:node_modules/@aws-sdk/token-providers/node_modules/@smithy/types Completed in 10871ms
npm timing reifyNode:node_modules/@aws-sdk/middleware-user-agent/node_modules/@smithy/types Completed in 10871ms
npm timing reifyNode:node_modules/@aws-sdk/middleware-logger/node_modules/@smithy/types Completed in 10874ms
npm timing reifyNode:node_modules/@aws-sdk/middleware-eventstream/node_modules/@smithy/types Completed in 10874ms
npm timing reifyNode:node_modules/@aws-sdk/middleware-recursion-detection/node_modules/@smithy/types Completed in 10874ms
npm timing reifyNode:node_modules/@aws-sdk/credential-provider-login/node_modules/@smithy/types Completed in 10878ms
npm timing reifyNode:node_modules/@aws-sdk/credential-provider-process/node_modules/@smithy/types Completed in 10879ms
npm timing reifyNode:node_modules/@aws-sdk/credential-provider-http/node_modules/@smithy/types Completed in 10879ms
npm timing reifyNode:node_modules/@aws-sdk/credential-provider-web-identity/node_modules/@smithy/types Completed in 10880ms
npm timing reifyNode:node_modules/@aws-sdk/client-cognito-identity/node_modules/@smithy/types Completed in 10879ms
npm timing reifyNode:node_modules/@aws-sdk/credential-provider-ini/node_modules/@smithy/types Completed in 10881ms
npm timing reifyNode:node_modules/@babel/types Completed in 10898ms
npm timing metavuln:packument:tailwindcss Completed in 1690ms
npm timing metavuln:load:security-advisory:tailwindcss:AESkqup7C9sLtHL0OzenAvihqmLzSTOW4+0zIkCCeUjI0qvgEu/UCFfVCIlWzUpfDq20KxUSH5Ru8h4LoxJKRA== Completed in 118ms
npm timing metavuln:cache:put:security-advisory:tailwindcss:pEKEZp1vkxgHn3m7aVaXHgwNZYByWnF76kln2+kuP1M3VaDRHGv+HJUkOOmT/sMGdcU8TzrDja/0zqlb0FkcJw== Completed in 18ms
npm timing metavuln:calculate:security-advisory:tailwindcss:AESkqup7C9sLtHL0OzenAvihqmLzSTOW4+0zIkCCeUjI0qvgEu/UCFfVCIlWzUpfDq20KxUSH5Ru8h4LoxJKRA== Completed in 1827ms
npm timing metavuln:cache:get:security-advisory:postcss-nested:ENEkdeJ8CvpmFsO9n+B506005zeV/FHFk5ZLE4UsRsDoA6JjrYyRtHJUMEoVAx28BziJnI+FhyuAVbQPW5qa/Q== Completed in 1ms
npm timing metavuln:load:security-advisory:postcss-nested:covT+MWoMY27HNo8VBw80yY9txe9EcZ0OTaXxzPnTvlgv/pmVZ5EoTwL+VQRgBrpLVxAWtUxZrw6bhMqh9EoHA== Completed in 1ms
npm timing metavuln:cache:get:security-advisory:tailwindcss:2TlKnNc3Qm1rMcjZEOsugh1IGGaq7QLflLgNrhsLvnfUM0FUkU4wqQPZHeMyN9lOYCpHoIvZ+R67VPqt+9uREg== Completed in 2ms
npm timing metavuln:load:security-advisory:tailwindcss:covT+MWoMY27HNo8VBw80yY9txe9EcZ0OTaXxzPnTvlgv/pmVZ5EoTwL+VQRgBrpLVxAWtUxZrw6bhMqh9EoHA== Completed in 84ms
npm timing metavuln:cache:put:security-advisory:postcss-nested:ENEkdeJ8CvpmFsO9n+B506005zeV/FHFk5ZLE4UsRsDoA6JjrYyRtHJUMEoVAx28BziJnI+FhyuAVbQPW5qa/Q== Completed in 103ms
npm timing metavuln:calculate:security-advisory:postcss-nested:covT+MWoMY27HNo8VBw80yY9txe9EcZ0OTaXxzPnTvlgv/pmVZ5EoTwL+VQRgBrpLVxAWtUxZrw6bhMqh9EoHA== Completed in 106ms
npm timing metavuln:cache:put:security-advisory:tailwindcss:2TlKnNc3Qm1rMcjZEOsugh1IGGaq7QLflLgNrhsLvnfUM0FUkU4wqQPZHeMyN9lOYCpHoIvZ+R67VPqt+9uREg== Completed in 19ms
npm timing metavuln:calculate:security-advisory:tailwindcss:covT+MWoMY27HNo8VBw80yY9txe9EcZ0OTaXxzPnTvlgv/pmVZ5EoTwL+VQRgBrpLVxAWtUxZrw6bhMqh9EoHA== Completed in 106ms
npm timing metavuln:cache:get:security-advisory:body-parser:jW/dDpKyHI9jBdNP8uklwgD30kzgnh7l+jNpOBymsfZmoMZ/Onli27Eom6F9T1Cd8c74kJS2WT9itxlthofhJQ== Completed in 1ms
npm timing metavuln:load:security-advisory:body-parser:yIOmIfyBVmc4/WIMgGjKfeJx3gCbSUYFP0hfNuRbeY9Cg35Qk+brHYCgLhVvSnrwBD4suH+6LO1UW/NiJlUASA== Completed in 6ms
npm timing metavuln:cache:get:security-advisory:express:G+1pQQ1VmBq+8VfOzwngixvIyvjjCeEOatCHHbT9G3/XEu/U9M4AL/CyXvikGiAu2o9lj4SNv9UYExrAOEpfrA== Completed in 7ms
npm timing metavuln:load:security-advisory:express:yIOmIfyBVmc4/WIMgGjKfeJx3gCbSUYFP0hfNuRbeY9Cg35Qk+brHYCgLhVvSnrwBD4suH+6LO1UW/NiJlUASA== Completed in 4ms
npm timing metavuln:cache:put:security-advisory:express:G+1pQQ1VmBq+8VfOzwngixvIyvjjCeEOatCHHbT9G3/XEu/U9M4AL/CyXvikGiAu2o9lj4SNv9UYExrAOEpfrA== Completed in 18ms
npm timing metavuln:calculate:security-advisory:express:yIOmIfyBVmc4/WIMgGjKfeJx3gCbSUYFP0hfNuRbeY9Cg35Qk+brHYCgLhVvSnrwBD4suH+6LO1UW/NiJlUASA== Completed in 29ms
npm timing metavuln:cache:put:security-advisory:body-parser:jW/dDpKyHI9jBdNP8uklwgD30kzgnh7l+jNpOBymsfZmoMZ/Onli27Eom6F9T1Cd8c74kJS2WT9itxlthofhJQ== Completed in 24ms
npm timing metavuln:calculate:security-advisory:body-parser:yIOmIfyBVmc4/WIMgGjKfeJx3gCbSUYFP0hfNuRbeY9Cg35Qk+brHYCgLhVvSnrwBD4suH+6LO1UW/NiJlUASA== Completed in 32ms
npm timing metavuln:cache:get:security-advisory:vite:SaJWDd5gEEZd3lHg31QWzLWgMkCzYHn5RvntQLmOGssdx9DgqFp1CHRkx1q//bJjITqFeBtPANooZCY8TRvk8g== Completed in 1ms
npm timing metavuln:load:security-advisory:vite:j57+QiunRUdD0cUD+SOC+z9ahAKAX/ORqNrS8xn5EMmMoVNjDT6jDQ8+1zJZRvVKgeAjbBSmjAgyimjwq9Hhfg== Completed in 66ms
npm timing reifyNode:node_modules/@smithy/types Completed in 11288ms
npm timing metavuln:cache:put:security-advisory:vite:SaJWDd5gEEZd3lHg31QWzLWgMkCzYHn5RvntQLmOGssdx9DgqFp1CHRkx1q//bJjITqFeBtPANooZCY8TRvk8g== Completed in 19ms
npm timing metavuln:calculate:security-advisory:vite:j57+QiunRUdD0cUD+SOC+z9ahAKAX/ORqNrS8xn5EMmMoVNjDT6jDQ8+1zJZRvVKgeAjbBSmjAgyimjwq9Hhfg== Completed in 86ms
npm timing metavuln:cache:get:security-advisory:concurrently:ybOREPedNqnVxus2H916bo4pmuzozCeOX/4FSG5ps1ZMEpLRN94o6TZ9c/Ry7CbwkjOWwtiXQxm3JZ2h8WZ32A== Completed in 1ms
npm timing metavuln:load:security-advisory:concurrently:fqAwyzKgzV507YkOCMmZ0MVsW2IyjhfI8EtMNNIlwDgmla1BR3N2YTYTeJUa4txJdmnx9t8pKKW5Gf1vJIY54A== Completed in 1ms
npm timing metavuln:cache:put:security-advisory:concurrently:ybOREPedNqnVxus2H916bo4pmuzozCeOX/4FSG5ps1ZMEpLRN94o6TZ9c/Ry7CbwkjOWwtiXQxm3JZ2h8WZ32A== Completed in 17ms
npm timing metavuln:calculate:security-advisory:concurrently:fqAwyzKgzV507YkOCMmZ0MVsW2IyjhfI8EtMNNIlwDgmla1BR3N2YTYTeJUa4txJdmnx9t8pKKW5Gf1vJIY54A== Completed in 19ms
npm timing metavuln:cache:get:security-advisory:@vitejs/plugin-react:0wQCaOjcD8j0E7CMKhLqaS736eOSJ1bx2S6fgASRE/T1guYEGWsGCQ7ThaaT9lDO/+W4PkJcRr36iPsISMLuLg== Completed in 12ms
npm timing metavuln:load:security-advisory:@vitejs/plugin-react:CReXW7o3cJZ0aN4nhg/gRV1E8OPJ2SoGmmUw6lY2bLjCfF70z3PbDKbutfCbWYbBHkeQ6W4F2IxffSmtDjtaNw== Completed in 34ms
npm timing metavuln:cache:put:security-advisory:@vitejs/plugin-react:0wQCaOjcD8j0E7CMKhLqaS736eOSJ1bx2S6fgASRE/T1guYEGWsGCQ7ThaaT9lDO/+W4PkJcRr36iPsISMLuLg== Completed in 19ms
npm timing metavuln:calculate:security-advisory:@vitejs/plugin-react:CReXW7o3cJZ0aN4nhg/gRV1E8OPJ2SoGmmUw6lY2bLjCfF70z3PbDKbutfCbWYbBHkeQ6W4F2IxffSmtDjtaNw== Completed in 65ms
npm timing metavuln:cache:get:security-advisory:openai:pgoT9IgCM9V7iwveo091XgjmEVULfhHKSCj+9YA00IQ1YtCqtU1QHl0Hcukim+2/kUYYoqnJ0cthpRHXyASSyQ== Completed in 3ms
npm timing metavuln:cache:get:security-advisory:y-webrtc:7NjSjQ/QLmUTwnC1Qzko+I4pCid56j234NJr6OcZR5No7uUCazGKuo+qMHdMlyIJl1eSWHMPTbuxSiAn4YKXqA== Completed in 2ms
npm timing reifyNode:node_modules/@smithy/signature-v4/node_modules/@smithy/types Completed in 11410ms
npm timing metavuln:packument:y-webrtc Completed in 46ms
npm timing metavuln:load:security-advisory:y-webrtc:riCaqXeEj3LGJHsuDUezanD1igwJ1gD5B0Z0jDf8slGSkFNcUxH/yz4/VwuWsi+XAx/SPZKMWI5kAltGWYRGUg== Completed in 1ms
npm timing reifyNode:node_modules/sucrase Completed in 11453ms
npm timing metavuln:cache:put:security-advisory:y-webrtc:7NjSjQ/QLmUTwnC1Qzko+I4pCid56j234NJr6OcZR5No7uUCazGKuo+qMHdMlyIJl1eSWHMPTbuxSiAn4YKXqA== Completed in 20ms
npm timing metavuln:calculate:security-advisory:y-webrtc:riCaqXeEj3LGJHsuDUezanD1igwJ1gD5B0Z0jDf8slGSkFNcUxH/yz4/VwuWsi+XAx/SPZKMWI5kAltGWYRGUg== Completed in 67ms
npm timing metavuln:packument:openai Completed in 92ms
npm timing metavuln:load:security-advisory:openai:riCaqXeEj3LGJHsuDUezanD1igwJ1gD5B0Z0jDf8slGSkFNcUxH/yz4/VwuWsi+XAx/SPZKMWI5kAltGWYRGUg== Completed in 3ms
npm timing metavuln:cache:put:security-advisory:openai:pgoT9IgCM9V7iwveo091XgjmEVULfhHKSCj+9YA00IQ1YtCqtU1QHl0Hcukim+2/kUYYoqnJ0cthpRHXyASSyQ== Completed in 13ms
npm timing metavuln:calculate:security-advisory:openai:riCaqXeEj3LGJHsuDUezanD1igwJ1gD5B0Z0jDf8slGSkFNcUxH/yz4/VwuWsi+XAx/SPZKMWI5kAltGWYRGUg== Completed in 108ms
npm timing reifyNode:node_modules/@babel/helpers Completed in 11491ms
npm timing metavuln:cache:get:security-advisory:@aws-sdk/core:yKPyp8aPJkyuqg4AiXUx5U97fxBrzm/doEWxynt3HFvppq0JoOY5/Q1Pq37dGVYDKBucfxLTFNoRTNPB23a01A== Completed in 1ms
npm timing metavuln:packument:@aws-sdk/core Completed in 77ms
npm timing metavuln:load:security-advisory:@aws-sdk/core:Kg1kRIm7D+751sTHjIJpyh+JdbnHCVBvXJWeLP8wVdUH1dLan1bNSyk3EilA9J4xBZtD14cl+/tsXIkqq98j5A== Completed in 19ms
npm timing metavuln:cache:put:security-advisory:@aws-sdk/core:yKPyp8aPJkyuqg4AiXUx5U97fxBrzm/doEWxynt3HFvppq0JoOY5/Q1Pq37dGVYDKBucfxLTFNoRTNPB23a01A== Completed in 15ms
npm timing metavuln:calculate:security-advisory:@aws-sdk/core:Kg1kRIm7D+751sTHjIJpyh+JdbnHCVBvXJWeLP8wVdUH1dLan1bNSyk3EilA9J4xBZtD14cl+/tsXIkqq98j5A== Completed in 111ms
npm timing auditReport:init Completed in 10877ms
npm timing reify:audit Completed in 11615ms
npm timing reifyNode:node_modules/@aws-sdk/core Completed in 11629ms
npm timing reifyNode:node_modules/tailwindcss Completed in 11642ms
npm timing reifyNode:node_modules/@smithy/core Completed in 11809ms
npm timing reifyNode:node_modules/json-schema-to-ts Completed in 11874ms
npm timing reifyNode:node_modules/lodash Completed in 11919ms
npm timing reifyNode:node_modules/typescript Completed in 11921ms
npm timing reifyNode:node_modules/lib0 Completed in 12140ms
npm timing reifyNode:node_modules/@anthropic-ai/sdk Completed in 12391ms
npm timing reifyNode:node_modules/@aws-sdk/nested-clients Completed in 12412ms
npm timing reifyNode:node_modules/caniuse-lite Completed in 12705ms
npm timing reifyNode:node_modules/highlight.js Completed in 13433ms
npm timing reifyNode:node_modules/openai Completed in 13894ms
npm timing reifyNode:node_modules/rxjs Completed in 14940ms
npm timing reifyNode:node_modules/lucide-react Completed in 15824ms
npm timing reifyNode:node_modules/date-fns Completed in 15945ms
npm timing reify:unpack Completed in 15948ms
npm timing reify:unretire Completed in 0ms
npm timing build:queue Completed in 27ms
npm timing build:link:node_modules/@anthropic-ai/sdk Completed in 10ms
npm timing build:link:node_modules/postcss/node_modules/nanoid Completed in 11ms
npm timing build:link:node_modules/vite/node_modules/esbuild Completed in 10ms
npm timing build:link:node_modules/@babel/parser Completed in 11ms
npm timing build:link:node_modules/baseline-browser-mapping Completed in 11ms
npm timing build:link:node_modules/browserslist Completed in 11ms
npm timing build:link:node_modules/autoprefixer Completed in 11ms
npm timing build:link:node_modules/concurrently Completed in 11ms
npm timing build:link:node_modules/cssesc Completed in 11ms
npm timing build:link:node_modules/fast-xml-parser Completed in 12ms
npm timing build:link:node_modules/esbuild Completed in 12ms
npm timing build:link:node_modules/jiti Completed in 12ms
npm timing build:link:node_modules/jsesc Completed in 12ms
npm timing build:link:node_modules/lib0 Completed in 12ms
npm timing build:link:node_modules/loose-envify Completed in 12ms
npm timing build:link:node_modules/json5 Completed in 12ms
npm timing build:link:node_modules/mime Completed in 12ms
npm timing build:link:node_modules/nanoid Completed in 12ms
npm timing build:link:node_modules/semver Completed in 12ms
npm timing build:link:node_modules/rollup Completed in 12ms
npm timing build:link:node_modules/resolve Completed in 12ms
npm timing build:link:node_modules/openai Completed in 12ms
npm timing build:link:node_modules/sucrase Completed in 12ms
npm timing build:link:node_modules/tailwindcss Completed in 12ms
npm timing build:link:node_modules/tree-kill Completed in 12ms
npm timing build:link:node_modules/update-browserslist-db Completed in 12ms
npm timing build:link:node_modules/tsx Completed in 12ms
npm timing build:link:node_modules/typescript Completed in 12ms
npm timing build:link:node_modules/vite Completed in 12ms
npm timing build:link:node_modules/y-webrtc Completed in 12ms
npm timing build:link Completed in 12ms
npm timing build:run:postinstall:node_modules/esbuild Completed in 56ms
npm timing build:run:postinstall:node_modules/vite/node_modules/esbuild Completed in 48ms
npm timing build:run:postinstall Completed in 57ms
npm timing build:deps Completed in 96ms
npm timing build:queue Completed in 0ms
npm timing build:links Completed in 0ms
npm timing build Completed in 97ms
npm timing reify:build Completed in 98ms
npm timing reify:trash Completed in 9ms
npm timing reify:save Completed in 231ms
npm timing reify Completed in 16689ms
npm timing command:install Completed in 16725ms
npm timing npm Completed in 16966ms
